id,length,aliphatic_index,ivywrel_fraction,gravy,charged_fraction,log_acidic_basic_ratio,aromatic_fraction
s1000_n310,310,100.06451612903224,0.535483870967742,-0.2645161290322579,0.3096774193548387,0.05324551195322505,0.035483870967741936
s1001_n376,376,99.86702127659574,0.41223404255319146,-0.31702127659574464,0.30851063829787234,-0.02945497933827567,0.06914893617021275
s1002_n442,442,91.58371040723982,0.4660633484162896,-0.28642533936651604,0.2873303167420814,0.4462446882465926,0.0248868778280543
s1003_n480,480,74.625,0.47708333333333336,-0.8185416666666671,0.39375000000000004,0.8635814457082699,0.07291666666666666
s1004_n540,540,113.12962962962962,0.4425925925925926,-0.3244444444444445,0.3555555555555555,-0.08986452506659114,0.018518518518518517
s1005_n573,573,85.06108202443279,0.43630017452006975,-0.6223385689354276,0.30715532286212915,0.06845738065585179,0.07504363001745201
s1006_n610,610,89.18032786885246,0.35081967213114756,-0.7006557377049181,0.19180327868852462,0.09526806594107969,0.03770491803278689
s1007_n660,660,110.06060606060606,0.38787878787878793,-0.568939393939394,0.18333333333333332,0.3832167518513313,0.016666666666666666
s1008_n725,725,98.45517241379311,0.4993103448275862,-0.634206896551724,0.3144827586206896,0.20780567223288776,0.12275862068965518
s1009_n776,776,112.3324742268041,0.37757731958762886,-0.5417525773195879,0.10309278350515463,0.6154239528859439,0.05283505154639175
s1010_n314,314,89.45859872611463,0.4745222929936306,-0.25859872611464996,0.302547770700637,0.1910684150253341,0.03184713375796178
s1011_n359,359,91.6991643454039,0.3760445682451254,-0.022562674094707635,0.23119777158774374,0.09231426131890741,0.036211699164345405
s1012_n424,424,100.84905660377359,0.5424528301886792,-0.4679245283018866,0.3419811320754717,0.21085336531489318,0.04245283018867925
s1013_n464,464,104.61206896551725,0.48275862068965514,-0.5370689655172415,0.34698275862068967,0.13427876286244336,0.0668103448275862
s1014_n513,513,65.24366471734892,0.3391812865497076,-0.4538011695906432,0.1949317738791423,1.3891660843645326,0.08966861598440545
s1015_n587,587,94.4633730834753,0.5689948892674618,-0.49761499148211225,0.3390119250425894,0.13503906351262568,0.07495741056218058
s1016_n609,609,113.62889983579637,0.5320197044334976,-0.4729064039408867,0.3530377668308703,0.04406762663130037,0.11658456486042693
s1017_n677,677,103.63367799113736,0.34416543574593794,-0.8487444608567208,0.004431314623338257,0.6020599913279624,0.08714918759231906
s1018_n700,700,110.57142857142857,0.5714285714285715,-0.7014285714285714,0.3385714285714286,0.4555815768635528,0.024285714285714285
s1019_n793,793,113.12736443883986,0.7641866330390921,-0.5842370744010088,0.4691046658259773,0.8531160120301049,0.058007566204287514
s1020_n344,344,87.00581395348837,0.36918604651162784,-0.5741279069767444,0.24127906976744184,0.010219165181686028,0.0755813953488372
s1021_n390,390,86.51282051282051,0.358974358974359,-0.32897435897435906,0.16666666666666666,0.11738559871785405,0.11794871794871795
s1022_n434,434,126.01382488479263,0.6175115207373272,-0.13525345622119817,0.35944700460829493,0.09938463213591195,0.04377880184331797
s1023_n462,462,65.38961038961038,0.34415584415584416,-0.5493506493506494,0.31601731601731603,0.35962471092982856,0.10606060606060605
s1024_n539,539,88.03339517625233,0.5231910946196661,-0.6838589981447123,0.39888682745825604,0.4586378490256492,0.07977736549165121
s1025_n559,559,81.50268336314848,0.4561717352415027,-0.8413237924865828,0.42397137745974955,0.018173968928586616,0.06976744186046512
s1026_n631,631,85.56259904912838,0.47068145800316963,-1.0424722662440569,0.3090332805071315,0.10187343253960644,0.042789223454833596
s1027_n699,699,134.0486409155937,0.49928469241773965,-0.23962804005722482,0.2446351931330472,-0.015063746435875882,0.055793991416309016
s1028_n707,707,110.19801980198018,0.4031117397454031,-0.6960396039603963,0.22630834512022632,0.1738583776233893,0.014144271570014143
s1029_n783,783,85.4661558109834,0.2132822477650064,-0.6971902937420172,0.04469987228607918,0.713210443450629,0.007662835249042145
s1030_n305,305,59.57377049180328,0.20327868852459013,-0.43475409836065576,0.15737704918032788,0.10473535052001298,0.09508196721311475
s1031_n364,364,91.2087912087912,0.40659340659340654,-0.1302197802197802,0.24175824175824173,0.11650556907143717,0.054945054945054944
s1032_n421,421,109.21615201900237,0.37767220902612825,-0.4950118764845606,0.12589073634204276,0.07918124604762482,0.0332541567695962
s1033_n460,460,110.13043478260869,0.6239130434782609,-0.40956521739130436,0.3956521739130435,-0.02833359864393502,0.010869565217391304
s1034_n545,545,100.44036697247707,0.48807339449541287,-0.3102752293577983,0.29724770642201837,0.031791834423851285,0.04036697247706422
s1035_n581,581,82.49569707401032,0.3803786574870912,-0.7404475043029258,0.28227194492254737,0.052388069459688304,0.06196213425129088
s1036_n642,642,73.3177570093458,0.3613707165109034,-0.4024922118380062,0.30062305295950154,0.535524270806982,0.06542056074766354
s1037_n682,682,42.961876832844574,0.093841642228739,-0.9332844574780059,0.060117302052785926,1.6232492903979006,0.0
s1038_n718,718,50.45961002785515,0.1935933147632312,-0.5428969359331476,0.1894150417827298,0.8239087409443188,0.037604456824512536
s1039_n794,794,112.48110831234257,0.36523929471032746,-0.6882871536523928,0.0743073047858942,-0.014240439114610282,0.05289672544080605
s1040_n323,323,100.86687306501547,0.4984520123839009,-0.019504643962848345,0.26006191950464397,-0.020203386088287003,0.04024767801857586
s1041_n398,398,121.40703517587939,0.38944723618090454,-0.44597989949748756,0.05778894472361809,0.03476210625921182,0.06281407035175879
s1042_n440,440,88.70454545454545,0.5568181818181819,-0.40840909090909105,0.2931818181818182,0.5272001190629803,0.06818181818181818
s1043_n457,457,101.99124726477022,0.3916849015317287,-0.7986870897155361,0.10065645514223194,0.14612803567823793,0.08096280087527352
s1044_n534,534,128.55805243445693,0.46254681647940077,-0.351685393258427,0.2584269662921348,-0.20210469142059923,0.08614232209737828
s1045_n584,584,111.1986301369863,0.48972602739726034,-0.5660958904109588,0.2808219178082192,0.08398012892939358,0.1095890410958904
s1046_n640,640,87.015625,0.36093749999999997,-0.9168750000000001,0.15937500000000002,0.05016660946573023,0.1015625
s1047_n672,672,96.39880952380952,0.4479166666666667,-0.5217261904761901,0.34821428571428575,-0.02945497933827562,0.0625
s1048_n717,717,102.94281729428172,0.5620641562064156,-0.37419804741980484,0.3542538354253835,0.8936278592941667,0.05718270571827057
s1049_n750,750,110.23999999999998,0.476,-0.8606666666666666,0.22933333333333333,-0.19279695255853393,0.028
s1050_n342,342,99.47368421052632,0.5526315789473684,-0.4926900584795324,0.3538011695906432,0.1938200260161128,0.07602339181286549
s1051_n364,364,89.42307692307692,0.6510989010989012,-0.9030219780219783,0.43406593406593413,1.0533739824413393,0.054945054945054944
s1052_n449,449,104.81069042316258,0.45434298440979953,-0.10846325167037857,0.27839643652561247,0.11696980693702454,0.011135857461024499
s1053_n469,469,101.81236673773988,0.5692963752665245,-0.5791044776119405,0.3837953091684435,-0.009545317906230387,0.010660980810234541
s1054_n536,536,67.705223880597,0.46082089552238803,-1.2117537313432831,0.2574626865671642,-0.15038585882077943,0.13059701492537315
s1055_n566,566,57.49116607773852,0.2544169611307421,-0.3063604240282687,0.10600706713780919,0.19957235490520425,0.0989399293286219
s1056_n606,606,59.76897689768976,0.3597359735973597,-0.568976897689769,0.16006600660066006,1.6857417386022637,0.10891089108910891
s1057_n697,697,102.10903873744621,0.4691535150645625,-0.8959827833572453,0.2783357245337159,0.3043579390129086,0.015781922525107604
s1058_n700,700,103.89999999999999,0.45428571428571424,-0.5037142857142857,0.3014285714285714,0.06947176466111686,0.07857142857142857
s1059_n785,785,50.54777070063694,0.3694267515923567,-0.8141401273885354,0.24968152866242038,1.505149978319906,0.06624203821656051
s1060_n305,305,114.78688524590164,0.5180327868852459,-0.40163934426229503,0.3573770491803279,0.08635983067474823,0.07868852459016393
s1061_n356,356,112.83707865168537,0.5589887640449438,-0.4929775280898878,0.3567415730337079,0.19865708695442263,0.07303370786516854
s1062_n411,411,84.01459854014598,0.44282238442822386,-0.6588807785888079,0.3260340632603407,0.08973142838093302,0.0778588807785888
s1063_n467,467,92.9764453961456,0.49892933618843677,-0.5847965738758029,0.3490364025695931,0.11115045212266661,0.11563169164882227
s1064_n533,533,69.9624765478424,0.5121951219512195,-0.6303939962476549,0.300187617260788,0.5920757704213615,0.10881801125703565
s1065_n590,590,103.54237288135594,0.5084745762711864,-0.3281355932203388,0.3305084745762712,0.14688398796989502,0.06949152542372881
s1066_n645,645,63.37984496124031,0.21705426356589147,-0.4534883720930234,0.0015503875968992248,-0.3010299956639812,0.06201550387596899
s1067_n657,657,86.62100456621005,0.3211567732115677,0.2945205479452055,0.1385083713850837,0.3881801713828814,0.0745814307458143
s1068_n742,742,106.91374663072777,0.7695417789757413,-0.7628032345013476,0.5080862533692723,1.231663731909955,0.0431266846361186
s1069_n752,752,130.55851063829786,0.4295212765957447,-0.34853723404255343,0.1595744680851064,-0.08571211320658256,0.08377659574468085
s1070_n308,308,109.18831168831169,0.512987012987013,-0.4120129870129873,0.33766233766233766,0.14893901301206633,0.05519480519480519
s1071_n365,365,90.00000000000001,0.5178082191780822,-0.6282191780821911,0.34794520547945207,0.18452442659254414,0.0547945205479452
s1072_n423,423,63.66430260047281,0.21749408983451538,0.025531914893617003,0.12293144208037825,0.33775280268872104,0.07801418439716312
s1073_n471,471,100.38216560509554,0.5605095541401274,-0.5602972399150745,0.3588110403397028,0.035576154261196126,0.03184713375796178
s1074_n536,536,83.54477611940298,0.46455223880597013,-0.5007462686567163,0.3078358208955224,0.12039110885757937,0.02052238805970149
s1075_n590,590,82.54237288135593,0.18983050847457628,-0.7237288135593224,0.003389830508474576,-0.4771212547196624,0.003389830508474576
s1076_n628,628,107.57961783439491,0.5398089171974523,-0.8535031847133757,0.4140127388535032,0.12010782492885433,0.04140127388535032
s1077_n650,650,100.04615384615383,0.3169230769230769,-0.9573846153846151,0.026153846153846153,-0.13830269816628138,0.05846153846153846
s1078_n709,709,102.31311706629056,0.4104372355430183,-0.7110014104372356,0.14104372355430184,0.17254597829103152,0.08321579689703808
s1079_n772,772,118.9637305699482,0.4727979274611399,-0.569818652849741,0.16968911917098445,0.12493873660829999,0.02072538860103627
s1080_n328,328,82.07317073170732,0.301829268292683,-0.09664634146341466,0.07317073170731708,-0.7403626894942439,0.021341463414634148
s1081_n377,377,97.71883289124668,0.4880636604774536,-0.11803713527851467,0.27586206896551724,0.21748394421390627,0.03183023872679045
s1082_n437,437,67.80320366132723,0.29977116704805495,-0.06132723112128147,0.1739130434782609,0.6232492903979004,0.06636155606407322
s1083_n450,450,82.37777777777777,0.4066666666666667,-0.7777777777777782,0.3266666666666667,0.08773904968289033,0.08
s1084_n510,510,85.64705882352942,0.3843137254901961,-0.5698039215686275,0.24117647058823533,0.2958288019781735,0.056862745098039215
s1085_n564,564,69.50354609929079,0.1400709219858156,0.5156028368794325,0.012411347517730497,-0.09691001300805639,0.05141843971631206
s1086_n600,600,71.3,0.23666666666666666,0.02749999999999994,0.14666666666666667,0.2794903178078715,0.03
s1087_n652,652,71.579754601227,0.4815950920245399,-0.749693251533742,0.2760736196319018,1.1139433523068367,0.06134969325153374
s1088_n735,735,116.72108843537417,0.3972789115646258,-0.6308843537414967,0.22857142857142856,-0.010219165181686082,0.014965986394557824
s1089_n778,778,70.60411311053983,0.2763496143958869,-0.06876606683804637,0.14781491002570693,0.14231283267772266,0.09897172236503855
s1090_n333,333,91.38138138138139,0.4294294294294294,-0.44294294294294306,0.3153153153153153,0.089610774266557,0.06606606606606606
s1091_n397,397,91.53652392947103,0.5188916876574308,-0.2327455919395467,0.2972292191435768,0.5371191843949479,0.0654911838790932
s1092_n442,442,95.27149321266968,0.4592760180995475,-0.7425339366515834,0.35067873303167424,0.10563358141291328,0.07692307692307693
s1093_n486,486,118.86831275720162,0.3930041152263374,-0.12160493827160504,0.11728395061728394,-0.2575643018828909,0.03909465020576132
s1094_n524,524,100.83969465648855,0.47137404580152664,-0.7003816793893131,0.30343511450381677,0.026983489685593498,0.07633587786259542
s1095_n592,592,61.14864864864864,0.20608108108108103,-0.6449324324324323,0.04898648648648649,0.45863784902564936,0.033783783783783786
s1096_n618,618,55.04854368932038,0.25080906148867316,-0.38543689320388336,0.042071197411003236,1.1139433523068367,0.11003236245954692
s1097_n677,677,106.15952732644016,0.5583456425406204,-0.49940915805022146,0.39143279172821266,0.22967408712831294,0.057607090103397346
s1098_n708,708,79.2231638418079,0.1850282485875706,0.159180790960452,0.0,0.0,0.0
s1099_n768,768,116.90104166666669,0.3971354166666667,-0.673697916666667,0.17447916666666666,0.012774288036428825,0.04166666666666667
s1100_n339,339,95.54572271386431,0.4542772861356932,-0.16991150442477843,0.2772861356932153,0.09080741402120243,0.02359882005899705
s1101_n380,380,111.05263157894738,0.5578947368421053,-0.143421052631579,0.31842105263157894,0.12082217041346768,0.04210526315789474
s1102_n449,449,85.27839643652561,0.47438752783964366,-0.3670378619153676,0.27616926503340755,0.13904699051966676,0.10690423162583519
s1103_n486,486,94.50617283950618,0.40946502057613166,-0.829218106995885,0.2613168724279835,0.06069784035361165,0.06995884773662552
s1104_n506,506,93.24110671936758,0.4980237154150197,-0.6258893280632412,0.3893280632411067,0.29449912850502347,0.043478260869565216
s1105_n599,599,111.16861435726209,0.332220367278798,-0.31352253756260445,0.12520868113522537,0.2430380486862944,0.013355592654424039
s1106_n616,616,112.54870129870132,0.6558441558441559,-0.5952922077922077,0.4366883116883117,0.31068138134016215,0.10876623376623376
s1107_n694,694,80.57636887608068,0.3487031700288184,-1.087752161383285,0.11527377521613834,-0.3089989253352566,0.10086455331412103
s1108_n746,746,71.313672922252,0.4879356568364612,-1.1540214477211794,0.3378016085790885,1.9225524667613758,0.1260053619302949
s1109_n775,775,66.28387096774193,0.3393548387096774,-1.0479999999999998,0.13032258064516128,0.1446827948040571,0.10193548387096774
s1110_n318,318,128.80503144654088,0.5314465408805031,0.023584905660377298,0.29559748427672955,0.24126179066049142,0.05345911949685535
s1111_n360,360,81.47222222222221,0.29444444444444445,-0.10611111111111104,0.12222222222222223,0.2730012720637377,0.08333333333333333
s1112_n415,415,95.855421686747,0.38072289156626504,-0.87566265060241,0.13493975903614458,-0.09017663034908802,0.11807228915662651
s1113_n464,464,97.9094827586207,0.44396551724137934,-0.8502155172413796,0.2995689655172413,0.0927540532368988,0.0646551724137931
s1114_n507,507,101.45956607495069,0.42603550295857995,-0.5205128205128206,0.2603550295857988,0.09108046934733259,0.04536489151873767
s1115_n591,591,87.6311336717428,0.5499153976311337,-0.6898477157360404,0.3570219966159053,0.3010299956639812,0.13705583756345177
s1116_n602,602,101.37873754152824,0.4119601328903654,-0.46627906976744204,0.25249169435215946,0.18315311354316813,0.051495016611295685
s1117_n659,659,109.69650986342943,0.377845220030349,-0.5869499241274656,0.17147192716236723,-0.20780567223288773,0.0637329286798179
s1118_n721,721,118.68238557558945,0.5298196948682385,-0.565742024965326,0.3550624133148405,0.04042865705560813,0.08321775312066573
s1119_n759,759,96.13965744400527,0.7180500658761528,-0.8252964426877469,0.5085638998682477,0.9771053923988291,0.023715415019762848
s1120_n312,312,87.53205128205128,0.4198717948717949,-0.014102564102564052,0.2532051282051282,0.032184683371401235,0.03205128205128205
s1121_n361,361,85.15235457063713,0.41274238227146814,-0.16426592797783923,0.24099722991689754,0.12778657948112618,0.052631578947368425
s1122_n429,429,81.46853146853147,0.5058275058275058,-0.7289044289044291,0.3146853146853147,0.10833947478883821,0.06293706293706294
s1123_n482,482,80.4149377593361,0.2821576763485477,-0.44107883817427385,0.05809128630705394,0.36797678529459443,0.09128630705394192
s1124_n523,523,51.05162523900574,0.24474187380497134,-0.9390057361376672,0.1089866156787763,0.044203662492053486,0.10325047801147227
s1125_n575,575,98.90434782608696,0.7339130434782608,-0.8466086956521742,0.4973913043478261,0.8880262405560677,0.06608695652173913
s1126_n603,603,120.71310116086234,0.3897180762852404,0.09253731343283557,0.12603648424543945,0.8325089127062363,0.003316749585406302
s1127_n691,691,74.73227206946454,0.2807525325615051,-0.6963820549927641,0.07670043415340086,-0.11115045212266661,0.08972503617945007
s1128_n706,706,107.71954674220963,0.34844192634560905,-0.5995750708215299,0.1529745042492918,-0.031598986071702355,0.03541076487252125
s1129_n759,759,101.04084321475626,0.5335968379446641,-0.6982872200263504,0.27799736495388666,1.6190933306267428,0.05533596837944664
s1130_n323,323,96.3467492260062,0.5479876160990712,-0.4814241486068112,0.3157894736842105,0.08377699773677388,0.05572755417956656
s1131_n399,399,60.651629072681686,0.24060150375939848,-0.8666666666666667,0.12280701754385964,0.3399480616943509,0.047619047619047616
s1132_n417,417,110.83932853717025,0.48681055155875297,-0.7026378896882496,0.29496402877697847,-0.0069488599553278055,0.07673860911270983
s1133_n469,469,63.49680170575694,0.31556503198294245,-0.7409381663113005,0.1513859275053305,0.25712450996489955,0.08955223880597014
s1134_n513,513,66.9785575048733,0.45419103313840153,-0.9672514619883044,0.3157894736842105,0.1938200260161128,0.06237816764132553
s1135_n572,572,94.03846153846153,0.4755244755244755,-0.4024475524475524,0.3129370629370629,0.17010089536649384,0.09615384615384615
s1136_n642,642,95.15576323987538,0.338006230529595,-0.6065420560747666,0.14797507788161993,0.20994952631664865,0.048286604361370715
s1137_n663,663,114.3891402714932,0.7315233785822021,-0.6307692307692307,0.4494720965309201,1.02277721484957,0.0693815987933635
s1138_n735,735,91.07482993197279,0.5210884353741497,-0.5726530612244899,0.29931972789115646,0.9371252403921138,0.07891156462585033
s1139_n766,766,37.83289817232376,0.05483028720626632,-0.22950391644908624,0.0,0.0,0.037859007832898174
s1140_n316,316,75.28481012658229,0.40506329113924056,-0.8737341772151901,0.2848101265822785,0.13321126257428978,0.09493670886075949
s1141_n381,381,118.74015748031499,0.3779527559055119,-0.40944881889763746,0.049868766404199474,0.12493873660829992,0.08398950131233596
s1142_n401,401,98.00498753117208,0.5261845386533666,-0.6907730673316707,0.3840399002493765,0.14612803567823798,0.11970074812967582
s1143_n471,471,40.0,0.09766454352441614,-0.30870488322717626,0.0,0.0,0.0
s1144_n521,521,85.75815738963531,0.41458733205374276,-0.5414587332053743,0.28790786948176583,0.1266058959757629,0.07485604606525911
s1145_n553,553,96.69077757685352,0.6112115732368898,-0.6499095840867994,0.379746835443038,-0.03279251339630749,0.057866184448462935
s1146_n635,635,106.45669291338582,0.4913385826771653,-0.6011023622047241,0.3165354330708661,-0.23214870625616832,0.015748031496062992
s1147_n654,654,116.85015290519875,0.5275229357798165,-0.49785932721712506,0.27370030581039756,0.7375333994753797,0.03363914373088685
s1148_n737,737,118.00542740841249,0.4531886024423337,-0.48914518317503386,0.23066485753052915,-0.02020338608828695,0.09226594301221167
s1149_n753,753,119.12350597609563,0.401062416998672,-0.45298804780876506,0.14209827357237714,0.1860754799622822,0.0451527224435591
s1150_n328,328,84.42073170731707,0.2621951219512195,-0.1609756097560976,0.11585365853658537,0.6020599913279624,0.021341463414634148
s1151_n385,385,103.14285714285715,0.5584415584415584,-0.48597402597402617,0.34545454545454546,0.12306273160954455,0.03896103896103896
s1152_n434,434,20.829493087557605,0.018433179723502304,-0.33571428571428574,0.004608294930875576,-0.4771212547196624,0.0
s1153_n495,495,101.73737373737373,0.3939393939393939,-0.35333333333333344,0.12525252525252525,0.25105602070214256,0.07474747474747474
s1154_n521,521,101.4779270633397,0.31861804222648754,-0.7539347408829178,0.055662188099808066,0.08432088570003587,0.05758157389635317
s1155_n570,570,119.98245614035088,0.6403508771929823,-0.6324561403508773,0.40350877192982454,0.32083838901753375,0.08596491228070174
s1156_n628,628,121.97452229299364,0.43312101910828027,-0.5323248407643314,0.22929936305732485,0.07155228858961495,0.027070063694267513
s1157_n675,675,106.17777777777778,0.5066666666666666,-0.7717037037037037,0.3037037037037037,0.3393749877402008,0.02074074074074074
s1158_n712,712,80.4494382022472,0.24438202247191013,-0.5219101123595509,0.03230337078651685,-0.104735350520013,0.04775280898876405
s1159_n762,762,79.22572178477691,0.3031496062992126,-0.9690288713910762,0.30708661417322836,0.4109049858364052,0.0
s1160_n317,317,103.40694006309148,0.4668769716088328,0.10189274447949526,0.25236593059936907,0.0636690798693773,0.034700315457413256
s1161_n384,384,72.96875,0.39062500000000006,-0.8067708333333334,0.30208333333333337,0.1335389083702174,0.08854166666666666
s1162_n449,449,95.7683741648107,0.510022271714922,-0.6095768374164809,0.37639198218262804,0.14874165128092476,0.1358574610244989
s1163_n494,494,89.57489878542509,0.4817813765182186,-0.8870445344129554,0.3927125506072875,-0.1159040530723646,0.05060728744939271
s1164_n509,509,99.4499017681729,0.4381139489194499,-0.5752455795677799,0.30844793713163066,0.17154363130496064,0.05893909626719057
s1165_n596,596,111.744966442953,0.5083892617449665,-0.6924496644295303,0.3741610738255034,0.019305155195386628,0.0436241610738255
s1166_n624,624,83.94230769230768,0.42467948717948717,-0.45753205128205154,0.2644230769230769,0.1098049934792427,0.09615384615384615
s1167_n659,659,96.17602427921092,0.5402124430955995,-0.6786039453717753,0.3732928679817906,0.206967825528751,0.10318664643399089
s1168_n722,722,82.1191135734072,0.41135734072022156,-0.6239612188365651,0.2867036011080332,0.25204353497310755,0.06925207756232687
s1169_n797,797,117.03889585947303,0.6210790464240903,-0.5279799247176915,0.4052697616060226,0.3335157497454664,0.06775407779171894
s1170_n316,316,97.84810126582279,0.4177215189873418,-0.3053797468354431,0.2721518987341772,0.15970084286751188,0.0759493670886076
s1171_n383,383,83.83812010443864,0.3942558746736292,-0.46527415143603124,0.2689295039164491,0.15892323391866744,0.0783289817232376
s1172_n443,443,96.3431151241535,0.5011286681715575,-0.6108352144469523,0.3589164785553047,0.18059176028235768,0.11738148984198646
s1173_n487,487,41.41683778234086,0.08829568788501027,-0.26899383983572894,0.09856262833675565,1.6901960800285136,0.0
s1174_n509,509,95.71709233791749,0.6149312377210217,-0.6117878192534381,0.35363457760314343,0.3521825181113625,0.12770137524557956
s1175_n571,571,87.49562171628722,0.3380035026269702,-0.3001751313485115,0.08231173380035026,0.27470105694163205,0.09632224168126094
s1176_n622,622,78.44051446945338,0.2877813504823151,-0.7294212218649521,0.07877813504823152,0.11997531707674983,0.06591639871382637
s1177_n680,680,77.35294117647058,0.34558823529411764,-0.19455882352941184,0.18382352941176472,0.0479235523171829,0.03823529411764706
s1178_n731,731,52.804377564979475,0.12038303693570451,0.2975376196990424,0.008207934336525308,0.0,0.09028727770177838
s1179_n776,776,56.52061855670103,0.34149484536082475,-0.9443298969072167,0.2809278350515464,2.3404441148401185,0.04896907216494845
s1180_n308,308,102.012987012987,0.4902597402597402,-0.05389610389610383,0.275974025974026,0.0700378666077551,0.051948051948051945
s1181_n382,382,93.66492146596859,0.5497382198952879,-0.5623036649214661,0.3743455497382199,0.20120197963871234,0.028795811518324606
s1182_n420,420,94.66666666666667,0.5404761904761904,-0.6521428571428572,0.38571428571428573,0.08501078970834877,0.10238095238095238
s1183_n489,489,78.28220858895706,0.41104294478527603,-0.5004089979550103,0.31901840490797545,0.08826090389954322,0.09611451942740287
s1184_n533,533,101.9699812382739,0.5797373358348968,-0.3454033771106943,0.3846153846153846,0.508461006925909,0.04127579737335835
s1185_n556,556,106.07913669064747,0.5503597122302158,-0.6050359712230218,0.39928057553956836,0.11703198668971201,0.11870503597122303
s1186_n616,616,118.81493506493509,0.573051948051948,-0.47613636363636347,0.3782467532467532,0.1760912590556813,0.06493506493506493
s1187_n693,693,104.11255411255411,0.3910533910533911,-0.5975468975468972,0.23232323232323232,0.11252947862648001,0.008658008658008658
s1188_n746,746,83.12332439678283,0.30831099195710454,0.2985254691689009,0.13002680965147453,-0.34114721887196364,0.040214477211796246
s1189_n785,785,107.09554140127389,0.4420382165605095,-0.7686624203821655,0.267515923566879,-0.09875415370642673,0.024203821656050954
s1190_n304,304,102.03947368421052,0.4769736842105263,-0.2223684210526316,0.33881578947368424,0.07463361829690411,0.049342105263157895
s1191_n367,367,90.76294277929155,0.37057220708446864,0.047138964577656706,0.21253405994550412,0.15358391805783014,0.051771117166212535
s1192_n438,438,108.44748858447488,0.5365296803652967,-0.33356164383561626,0.35844748858447484,0.43098953364733195,0.03881278538812785
s1193_n470,470,101.74468085106383,0.5702127659574467,-0.5623404255319149,0.4085106382978723,0.15381486434452896,0.08510638297872342
s1194_n501,501,76.02794411177643,0.2335329341317365,-0.6756487025948106,0.05389221556886227,0.21387981994508093,0.05189620758483034
s1195_n563,563,105.3108348134991,0.6980461811722913,-0.9008880994671407,0.4706927175843695,-0.17473620497071518,0.015985790408525755
s1196_n607,607,53.36079077429983,0.27182866556836904,-0.6586490939044484,0.13673805601317957,0.8750612633917001,0.05271828665568369
s1197_n673,673,106.61218424962853,0.5066864784546806,-0.7949479940564637,0.3239227340267459,-0.16788128901085153,0.031203566121842496
s1198_n745,745,110.57718120805369,0.3422818791946308,-0.8092617449664429,0.020134228187919465,0.1549019599857431,0.07516778523489932
s1199_n772,772,71.32124352331606,0.36917098445595853,-0.8540155440414505,0.31088082901554404,0.266480726694941,0.07901554404145078
s1200_n334,334,128.95209580838323,0.5419161676646707,-0.510179640718563,0.3562874251497006,-0.06472532963665513,0.07784431137724551
s1201_n355,355,96.7605633802817,0.3718309859154929,0.1566197183098592,0.09014084507042254,0.5118833609788744,0.08732394366197184
s1202_n402,402,114.22885572139303,0.5597014925373135,-0.4636815920398011,0.3781094527363184,0.2068715936467036,0.12189054726368159
s1203_n478,478,76.0460251046025,0.41213389121338906,-0.46673640167364006,0.23640167364016734,0.5131189079911813,0.0606694560669456
s1204_n500,500,113.21999999999998,0.7260000000000001,-0.5022000000000001,0.4580000000000001,1.0999648519709169,0.036000000000000004
s1205_n560,560,122.35714285714285,0.5964285714285714,-0.5019642857142856,0.40178571428571425,0.15862184981087252,0.1
s1206_n627,627,87.70334928229666,0.3508771929824562,-0.7492822966507175,0.20255183413078148,-0.15653772268000235,0.0813397129186603
s1207_n669,669,111.89835575485799,0.46487294469357254,-0.7738415545590436,0.2780269058295964,0.027730341945151244,0.01943198804185351
s1208_n706,706,85.0,0.2988668555240793,-0.7260623229461759,0.0906515580736544,0.36172783601759284,0.07365439093484419
s1209_n790,790,50.36708860759494,0.23924050632911392,-0.9569620253164559,0.07468354430379746,0.24864192620429296,0.09873417721518987
s1210_n336,336,87.5,0.4077380952380953,-0.16636904761904753,0.25595238095238093,0.13936845203094134,0.023809523809523808
s1211_n395,395,65.97468354430379,0.4430379746835443,-0.8334177215189873,0.24810126582278483,1.3802112417116061,0.08354430379746836
s1212_n423,423,56.45390070921985,0.2647754137115839,-0.3125295508274233,0.1796690307328605,0.4057653461839941,0.06619385342789598
s1213_n466,466,107.93991416309015,0.40987124463519314,-0.502360515021459,0.10085836909871243,0.6478174818886374,0.07510729613733906
s1214_n530,530,103.71698113207546,0.5207547169811321,-0.4213207547169813,0.35094339622641507,0.1397994066501822,0.11509433962264151
s1215_n557,557,119.10233393177737,0.3734290843806104,-0.120825852782765,0.24236983842010773,0.41585159798073973,0.0
s1216_n602,602,96.86046511627909,0.5182724252491694,-0.6901993355481727,0.39036544850498334,0.06241103579773182,0.11461794019933555
s1217_n682,682,104.64809384164222,0.6539589442815248,-0.5582111436950146,0.4222873900293255,0.921938070246979,0.02785923753665689
s1218_n721,721,107.58668515950069,0.4119278779472954,-0.5463245492371708,0.159500693481276,0.5440680443502757,0.036061026352288486
s1219_n762,762,96.8241469816273,0.5118110236220472,-0.6377952755905512,0.3530183727034121,0.16543319087362465,0.10498687664041995
s1220_n336,336,95.08928571428571,0.5654761904761905,-0.642857142857143,0.33630952380952384,0.12934785551335493,0.02976190476190476
s1221_n394,394,88.70558375634518,0.39847715736040606,-0.059644670050761406,0.23604060913705585,0.06411749961174897,0.0482233502538071
s1222_n414,414,107.00483091787439,0.6159420289855073,-0.361352657004831,0.3405797101449275,0.14092684199243025,0.043478260869565216
s1223_n458,458,130.19650655021834,0.482532751091703,-0.029257641921397376,0.15283842794759825,0.2218487496163564,0.04148471615720524
s1224_n503,503,103.9165009940358,0.415506958250497,-0.6729622266401588,0.19880715705765406,-0.017033339298780346,0.08946322067594434
s1225_n570,570,100.70175438596492,0.48596491228070177,0.11105263157894751,0.2578947368421053,0.13515790178998602,0.015789473684210527
s1226_n612,612,89.03594771241829,0.4852941176470588,-0.30196078431372547,0.28594771241830064,0.09359898440205341,0.08333333333333334
s1227_n673,673,112.7637444279346,0.637444279346211,-0.6441307578008915,0.4279346210995542,0.36086869729645515,0.08320950965824665
s1228_n729,729,102.31824417009601,0.5102880658436214,-0.5930041152263373,0.35665294924554186,0.12010782492885426,0.10150891632373113
s1229_n756,756,112.97619047619045,0.29100529100529104,-0.22076719576719572,0.042328042328042326,1.2041199826559248,0.0
s1230_n326,326,101.1042944785276,0.51840490797546,-0.23619631901840488,0.3067484662576687,0.2632414347745814,0.052147239263803685
s1231_n377,377,101.56498673740053,0.44297082228116713,-0.17400530503978778,0.29973474801061006,0.0681158198974649,0.06896551724137931
s1232_n439,439,71.1617312072893,0.275626423690205,-0.1432801822323463,0.10250569476082005,0.568201724066995,0.0774487471526196
s1233_n460,460,96.43478260869566,0.4347826086956521,-0.49521739130434783,0.29782608695652174,0.0688812894078128,0.09347826086956522
s1234_n511,511,107.80821917808218,0.4637964774951076,-0.5594911937377691,0.29549902152641877,-0.017033339298780346,0.060665362035225046
s1235_n588,588,98.43537414965986,0.38945578231292516,-0.8212585034013602,0.18197278911564627,0.039871512037692194,0.07142857142857142
s1236_n619,619,101.8255250403877,0.3247172859450727,-0.9022617124394184,0.025848142164781908,0.3010299956639813,0.07108239095315025
s1237_n677,677,44.71196454948301,0.08271787296898081,-0.43825701624815366,0.20531757754800592,1.4345689040341987,0.0
s1238_n715,715,106.46153846153848,0.5062937062937063,-0.5495104895104894,0.3328671328671328,0.1685643031988169,0.0979020979020979
s1239_n781,781,115.595390524968,0.36363636363636365,-0.13290653008962883,0.034571062740076826,1.130333768495006,0.0678617157490397
s1240_n341,341,83.25513196480938,0.41348973607038114,-0.2653958944281525,0.25219941348973607,0.28630673884327495,0.04985337243401759
s1241_n353,353,78.61189801699717,0.3597733711048158,-0.4847025495750707,0.2351274787535411,0.19748940375691165,0.0906515580736544
s1242_n441,441,71.2471655328798,0.37188208616780044,-0.6616780045351476,0.23809523809523808,0.5869962448920866,0.03401360544217687
s1243_n497,497,98.83299798792756,0.42454728370221323,-0.6130784708249497,0.3179074446680081,-0.13127891463931898,0.08651911468812877
s1244_n543,543,115.23020257826889,0.4732965009208103,-0.4576427255985271,0.3130755064456722,0.08103325090921824,0.04788213627992634
s1245_n559,559,102.432915921288,0.6475849731663686,-0.5654740608228983,0.45080500894454384,0.856943169213888,0.01252236135957066
s1246_n614,614,120.9771986970684,0.6547231270358307,-0.44853420195439764,0.38762214983713356,0.43933269383026263,0.10912052117263843
s1247_n664,664,95.4367469879518,0.4984939759036145,-0.7700301204819279,0.3524096385542168,0.12601239471236364,0.08132530120481928
s1248_n732,732,89.53551912568307,0.3155737704918033,-0.999726775956284,0.04508196721311475,0.22847932851536945,0.06967213114754098
s1249_n768,768,104.47916666666669,0.7161458333333333,-0.7221354166666665,0.48307291666666663,0.8737432214637868,0.0234375
s1250_n300,300,111.76666666666665,0.56,-0.08533333333333337,0.31666666666666665,0.153814864344529,0.006666666666666667
s1251_n372,372,95.13440860215053,0.47311827956989244,-0.5526881720430105,0.3387096774193548,0.12296017062621209,0.11827956989247312
s1252_n419,419,111.93317422434367,0.4224343675417661,-0.4747016706443915,0.2863961813842482,-0.014240439114610232,0.05489260143198091
s1253_n471,471,112.78131634819533,0.564755838641189,-0.39617834394904455,0.3842887473460722,0.1290946963794577,0.07006369426751592
s1254_n500,500,110.56000000000002,0.6000000000000001,-0.7112,0.42000000000000004,0.20878627677711453,0.092
s1255_n552,552,91.34057971014494,0.3967391304347826,-0.8643115942028984,0.3460144927536232,-0.6395971516419465,0.1431159420289855
s1256_n618,618,117.58899676375403,0.5242718446601942,-0.4305825242718448,0.35275080906148865,0.11115045212266661,0.08414239482200647
s1257_n671,671,75.00745156482861,0.3025335320417287,-0.0037257824143069884,0.20268256333830104,0.15261016320615842,0.0789865871833085
s1258_n710,710,115.35211267605634,0.38873239436619716,-0.4081690140845072,0.19436619718309858,-0.4771212547196625,0.022535211267605635
s1259_n758,758,85.31662269129286,0.42216358839050133,-0.42321899736147783,0.2519788918205805,-0.0585947152658473,0.05277044854881266
s1260_n329,329,104.7112462006079,0.4711246200607902,0.09635258358662607,0.243161094224924,0.1280298135854418,0.0303951367781155
s1261_n368,368,92.09239130434783,0.4239130434782609,-0.17146739130434802,0.2472826086956522,0.009340026254143432,0.02717391304347826
s1262_n445,445,64.85393258426966,0.35056179775280893,-0.8244943820224719,0.22471910112359553,-0.034079789572275324,0.03595505617977528
s1263_n483,483,112.25672877846789,0.7142857142857143,-0.5863354037267088,0.4679089026915115,0.6213651465233491,0.09937888198757763
s1264_n549,549,94.11657559198542,0.564663023679417,-0.5918032786885249,0.3570127504553734,-0.04390548569908164,0.07832422586520947
s1265_n584,584,78.6472602739726,0.4469178082191781,-1.0714041095890416,0.3082191780821918,0.3979400086720376,0.08047945205479452
s1266_n620,620,93.01612903225806,0.42741935483870963,-0.6651612903225804,0.3387096774193548,0.10706401283859557,0.09838709677419355
s1267_n653,653,104.80857580398163,0.3261868300153139,-0.38085758039816253,0.12863705972434916,0.12199435596151859,0.006125574272588055
s1268_n743,743,56.35262449528936,0.08748317631224764,0.26339165545087484,0.0026917900403768506,0.47712125471966244,0.0
s1269_n754,754,107.54641909814325,0.5079575596816975,-0.6542440318302386,0.29045092838196285,0.5684513903468822,0.04111405835543767
s1270_n304,304,94.3092105263158,0.46381578947368424,-0.1082236842105263,0.27960526315789475,0.11041248341170351,0.009868421052631578
s1271_n378,378,100.31746031746032,0.4735449735449736,-0.7589947089947091,0.3915343915343915,-0.011581872549815147,0.12169312169312169
s1272_n420,420,91.47619047619047,0.5023809523809524,-0.5576190476190477,0.3380952380952381,0.109144469425068,0.14761904761904762
s1273_n456,456,93.11403508771929,0.331140350877193,-0.5848684210526316,0.19517543859649122,0.009545317906230456,0.04824561403508772
s1274_n540,540,94.44444444444446,0.35185185185185186,-1.0683333333333336,0.009259259259259259,0.12493873660829992,0.11481481481481481
s1275_n588,588,61.54761904761904,0.3758503401360544,-0.7673469387755103,0.23639455782312924,2.146128035678238,0.008503401360544217
s1276_n619,619,80.19386106623585,0.22617124394184168,-0.9970920840064619,0.01777059773828756,-0.2041199826559248,0.03715670436187399
s1277_n675,675,64.32592592592592,0.2177777777777778,-0.6453333333333331,0.022222222222222223,0.05115252244738129,0.04888888888888889
s1278_n715,715,107.6923076923077,0.3790209790209791,-0.6765034965034968,0.18181818181818182,0.06592851370830824,0.02097902097902098
s1279_n779,779,122.1181001283697,0.5186136071887034,-0.20282413350449274,0.29139922978177146,0.0952035491940394,0.04878048780487805
s1280_n332,332,76.4156626506024,0.4668674698795181,-0.720180722891566,0.30722891566265065,9.64327466553287e-17,0.0391566265060241
s1281_n383,383,78.61618798955612,0.2898172323759791,-0.24229765013054827,0.09138381201044388,0.5593080109070125,0.09138381201044388
s1282_n406,406,68.30049261083744,0.2413793103448276,-0.1470443349753695,0.12807881773399016,0.06445798922691853,0.09852216748768472
s1283_n483,483,100.57971014492753,0.4140786749482402,-0.6399585921325049,0.2795031055900621,0.03171441317720668,0.07246376811594203
s1284_n548,548,92.71897810218978,0.489051094890511,-0.2937956204379562,0.29014598540145986,0.21467016498923297,0.05656934306569343
s1285_n587,587,63.134582623509374,0.2691652470187394,-0.481090289608177,0.21635434412265758,1.2412617906604915,0.040885860306643956
s1286_n606,606,126.78217821782178,0.38943894389438943,-0.260726072607261,0.09075907590759076,-0.3716110699496885,0.10396039603960397
s1287_n679,679,86.21502209131074,0.3033873343151694,-0.5388807069219442,0.23564064801178203,-0.4420785058129443,0.08689248895434462
s1288_n725,725,112.86896551724138,0.43310344827586206,-0.5684137931034482,0.2496551724137931,0.25896865066326985,0.022068965517241378
s1289_n773,773,55.174644243208284,0.35316946959896506,-0.6115135834411384,0.3221216041397154,0.9188842541751756,0.01681759379042691
s1290_n328,328,110.9451219512195,0.524390243902439,-0.2987804878048779,0.3323170731707318,0.35501180813022665,0.06097560975609756
s1291_n381,381,104.90813648293964,0.49081364829396323,-0.3469816272965878,0.3412073490813648,0.07918124604762482,0.09448818897637795
s1292_n440,440,114.34090909090908,0.4068181818181818,-0.6147727272727276,0.23863636363636365,-0.31326445208099285,0.1
s1293_n479,479,48.39248434237995,0.20459290187891438,-0.549686847599165,0.060542797494780795,0.08432088570003587,0.08350730688935282
s1294_n515,515,82.67961165048543,0.4058252427184466,-0.7928155339805827,0.3339805825242718,0.05999792967528528,0.08737864077669903
s1295_n556,556,78.7589928057554,0.723021582733813,-1.2821942446043164,0.5593525179856116,0.4145891865287824,0.008992805755395683
s1296_n638,638,81.05015673981191,0.5015673981191222,-0.9884012539184952,0.3448275862068965,0.3277185985740942,0.10971786833855798
s1297_n690,690,54.608695652173914,0.21739130434782608,-0.8323188405797103,0.05652173913043478,0.14976232033333206,0.0463768115942029
s1298_n739,739,102.89580514208387,0.3667117726657645,-0.6887686062246281,0.18267929634641406,0.08266957389344619,0.02300405953991881
s1299_n795,795,103.0566037735849,0.4867924528301887,-0.35622641509433955,0.3937106918238994,0.25227292596320405,0.04905660377358491
s1300_n349,349,98.10888252148997,0.4011461318051576,0.09025787965616044,0.19484240687679083,0.15038585882077946,0.034383954154727794
s1301_n369,369,84.47154471544715,0.5934959349593496,-0.676964769647697,0.4065040650406504,1.0290714479472582,0.04336043360433604
s1302_n447,447,64.58612975391499,0.27293064876957496,-0.3000000000000002,0.15212527964205816,0.6419315033656546,0.11633109619686802
s1303_n476,476,92.60504201680672,0.31722689075630245,-0.048739495798319266,0.1323529411764706,0.3840042307287452,0.04831932773109244
s1304_n507,507,114.61538461538461,0.41222879684418146,-0.3741617357001974,0.15187376725838264,0.5300573299074609,0.0631163708086785
s1305_n583,583,80.85763293310463,0.32246998284734135,-1.3783876500857635,0.12006861063464837,1.3617278360175928,0.0017152658662092624
s1306_n612,612,118.578431372549,0.5604575163398692,-0.2370915032679739,0.34150326797385616,0.12013985372653128,0.14215686274509803
s1307_n668,668,72.63473053892216,0.465568862275449,-0.7514970059880238,0.30688622754491013,0.23645770337497296,0.1347305389221557
s1308_n700,700,99.72857142857143,0.3671428571428571,-0.8705714285714287,0.1842857142857143,0.26666109403271865,0.014285714285714287
s1309_n768,768,102.18750000000001,0.4557291666666667,-0.5321614583333333,0.14192708333333334,0.05484866800734502,0.11328125
s1310_n316,316,111.36075949367088,0.560126582278481,-0.6205696202531646,0.39556962025316456,0.1875207208364631,0.0949367088607595
s1311_n394,394,108.62944162436547,0.4568527918781726,-0.2548223350253807,0.3401015228426396,-0.14175223561795,0.07106598984771574
s1312_n409,409,80.19559902200488,0.469437652811736,-0.7095354523227384,0.32273838630806845,-0.22530928172586284,0.02689486552567237
s1313_n483,483,70.47619047619047,0.401656314699793,-0.5573498964803314,0.2836438923395445,-0.1450570253157125,0.07039337474120083
s1314_n502,502,111.99203187250997,0.6015936254980079,-0.5380478087649402,0.42231075697211157,0.3993615958068317,0.0398406374501992
s1315_n557,557,106.10412926391382,0.4021543985637343,-0.6886894075403951,0.2603231597845601,0.21085336531489318,0.00718132854578097
s1316_n636,636,61.572327044025165,0.23427672955974843,-0.4058176100628929,0.0015723270440251573,-0.3010299956639812,0.08962264150943396
s1317_n679,679,70.61855670103093,0.3490427098674521,-0.5597938144329895,0.15022091310751104,0.05016660946573023,0.12076583210603829
s1318_n739,739,107.52368064952637,0.43031123139377536,-0.7235453315290932,0.23545331529093366,0.2753680053428447,0.006765899864682003
s1319_n777,777,77.76061776061776,0.5083655083655083,-1.057786357786358,0.31145431145431146,0.165732807637425,0.0694980694980695
s1320_n342,342,90.90643274853801,0.45029239766081874,-0.42836257309941544,0.3216374269005848,0.10914446942506809,0.09064327485380116
s1321_n377,377,91.43236074270557,0.3395225464190981,0.022015915119363294,0.2015915119363395,0.06694678963061315,0.042440318302387266
s1322_n419,419,64.29594272076372,0.2195704057279236,-0.4272076372315037,0.03102625298329356,0.6020599913279624,0.03579952267303103
s1323_n490,490,89.0,0.5224489795918368,-0.9079591836734692,0.346938775510204,0.463757293161681,0.06326530612244899
s1324_n533,533,91.35084427767354,0.4183864915572233,-0.11257035647279556,0.18198874296435275,0.32092482438092046,0.09380863039399624
s1325_n559,559,68.49731663685151,0.33452593917710194,-0.7649373881932018,0.11091234347048301,0.37445891282251476,0.09302325581395349
s1326_n637,637,100.25117739403456,0.4960753532182104,-0.7469387755102039,0.2794348508634223,0.1066942824922012,0.08634222919937207
s1327_n698,698,112.865329512894,0.4111747851002866,-0.2683381088825215,0.10315186246418338,1.1398790864012365,0.055873925501432664
s1328_n745,745,109.14093959731544,0.31140939597315437,-0.19369127516778514,0.07919463087248321,0.34449568944507153,0.004026845637583892
s1329_n753,753,92.92164674634795,0.3346613545816733,-0.8868525896414344,0.058432934926958835,0.15261016320615833,0.08499335989375831
s1330_n317,317,109.21135646687696,0.5047318611987381,-0.2274447949526815,0.29652996845425866,0.18364439694612716,0.08517350157728706
s1331_n383,383,106.63185378590079,0.5169712793733682,-0.5843342036553527,0.3315926892950392,0.22724378150306251,0.06005221932114882
s1332_n405,405,94.17283950617283,0.4419753086419754,-0.550864197530864,0.3358024691358025,0.05040950347760033,0.09876543209876543
s1333_n468,468,115.61965811965811,0.49572649572649574,-0.7784188034188032,0.4017094017094017,-0.10102657920288856,0.06196581196581197
s1334_n528,528,92.29166666666666,0.5795454545454545,-0.8054924242424242,0.3712121212121212,0.2621119296336116,0.03977272727272727
s1335_n570,570,100.24561403508771,0.5350877192982456,-0.4710526315789474,0.3385964912280702,0.22303697055429228,0.13157894736842105
s1336_n604,604,88.49337748344371,0.4420529801324503,-0.5074503311258276,0.23013245033112584,1.841984804590114,0.07450331125827815
s1337_n683,683,101.02489019033676,0.5226939970717424,-0.6888726207906295,0.3162518301610542,0.28027477407336177,0.05710102489019034
s1338_n704,704,71.51988636363637,0.3494318181818181,-0.5965909090909093,0.17755681818181818,0.1309291002974873,0.061079545454545456
s1339_n793,793,88.9155107187894,0.5838587641866331,-0.5998738965952082,0.37957124842370743,0.0718290477936028,0.055485498108448925
s1340_n340,340,110.11764705882352,0.49705882352941166,0.06823529411764695,0.25,0.1512676753306491,0.01764705882352941
s1341_n385,385,100.25974025974027,0.4415584415584416,-0.4192207792207791,0.3246753246753247,0.10307032171287493,0.06493506493506493
s1342_n434,434,94.2626728110599,0.4930875576036866,-0.5032258064516129,0.347926267281106,0.22639637736707705,0.05990783410138249
s1343_n460,460,77.02173913043478,0.5326086956521738,-0.895,0.41739130434782606,1.109144469425068,0.09130434782608696
s1344_n527,527,91.40417457305503,0.5047438330170778,-0.7111954459203036,0.38899430740037955,0.07149441738133382,0.13282732447817835
s1345_n563,563,113.97868561278861,0.2895204262877442,-0.2342806394316163,0.17761989342806395,0.2082759424270825,0.0
s1346_n630,630,127.5238095238095,0.48730158730158724,-0.4226984126984129,0.2492063492063492,-0.06018720598331659,0.01746031746031746
s1347_n667,667,124.66266866566717,0.5517241379310345,-0.4746626686656673,0.3343328335832084,0.14414344205606552,0.08245877061469264
s1348_n725,725,99.73793103448276,0.3144827586206896,-0.5402758620689657,0.15172413793103448,0.15678610386029457,0.04
s1349_n793,793,91.86633039092055,0.5498108448928121,-0.869987389659521,0.42622950819672134,0.1707754707568061,0.08575031525851198
s1350_n316,316,98.5126582278481,0.4620253164556962,-0.07246835443038002,0.26582278481012656,0.06069784035361157,0.028481012658227847
s1351_n375,375,82.53333333333333,0.3706666666666666,-0.052533333333333376,0.21600000000000003,0.15871716298625854,0.05333333333333333
s1352_n429,429,101.81818181818183,0.43123543123543123,-0.6864801864801865,0.26107226107226106,0.16975108102466221,0.05827505827505827
s1353_n485,485,100.90721649484536,0.4020618556701031,-0.6057731958762886,0.21649484536082475,-0.6122791565096485,0.053608247422680416
s1354_n531,531,88.11676082862525,0.5028248587570622,-0.6708097928436915,0.35969868173258,0.14998845649147616,0.11487758945386065
s1355_n565,565,109.1858407079646,0.49911504424778763,-0.40831858407079663,0.32743362831858414,0.04183606904758208,0.12212389380530973
s1356_n638,638,121.34796238244515,0.3824451410658308,-0.5075235109717869,0.14106583072100315,-0.1918855262389131,0.07836990595611286
s1357_n657,657,106.75799086757989,0.3242009132420091,-0.8082191780821921,0.0319634703196347,-0.0377885608893998,0.0715372907153729
s1358_n736,736,100.06793478260869,0.6345108695652174,-0.7324728260869562,0.4157608695652174,-0.022565827898741352,0.04076086956521739
s1359_n764,764,109.22774869109948,0.41492146596858637,-0.5912303664921468,0.2696335078534031,0.09221489179967658,0.009162303664921465
s1360_n317,317,96.40378548895899,0.39116719242902215,0.08107255520504736,0.21766561514195584,0.08591462870659324,0.02839116719242902
s1361_n359,359,92.59052924791085,0.5125348189415042,-0.2621169916434539,0.3091922005571031,0.38457604711405613,0.07520891364902507
s1362_n425,425,89.29411764705884,0.45176470588235296,-0.7237647058823531,0.3317647058823529,0.1913312256124181,0.07058823529411765
s1363_n495,495,88.4040404040404,0.5757575757575758,-0.7331313131313134,0.402020202020202,0.44598584579416833,0.08484848484848484
s1364_n539,539,113.7847866419295,0.42671614100185534,-0.4686456400742114,0.10204081632653063,0.7269987279362624,0.04638218923933209
s1365_n578,578,121.5916955017301,0.6660899653979239,-0.387889273356401,0.39619377162629754,0.4746181095658582,0.07093425605536333
s1366_n645,645,112.75968992248062,0.524031007751938,-0.516434108527132,0.3581395348837209,0.05599518722161137,0.10697674418604651
s1367_n680,680,84.7205882352941,0.4705882352941176,-0.7788235294117649,0.33088235294117646,0.22286941866876375,0.125
s1368_n736,736,81.41304347826087,0.22282608695652173,-0.7841032608695653,0.016304347826086956,0.3979400086720377,0.025815217391304345
s1369_n777,777,86.19047619047619,0.41827541827541825,-0.31956241956241943,0.22522522522522523,-0.024542941077525842,0.08365508365508365
s1370_n315,315,97.55555555555556,0.4190476190476191,0.07555555555555565,0.22539682539682543,0.18105467858723134,0.025396825396825397
s1371_n368,368,76.38586956521739,0.33695652173913043,-0.1961956521739131,0.22826086956521735,0.0810332509092184,0.059782608695652176
s1372_n425,425,129.15294117647056,0.5176470588235295,-0.30352941176470594,0.3129411764705882,-0.09691001300805639,0.10117647058823528
s1373_n496,496,92.05645161290322,0.5201612903225806,-0.75625,0.2903225806451613,0.21867870282684976,0.08064516129032258
s1374_n538,538,84.05204460966542,0.4442379182156134,-0.4899628252788104,0.28066914498141265,0.16664970282283972,0.08736059479553904
s1375_n570,570,101.28070175438594,0.45087719298245615,-0.6203508771929827,0.30000000000000004,0.015063746435875934,0.07017543859649122
s1376_n641,641,66.91107644305771,0.3088923556942278,-0.6438377535101403,0.0982839313572543,-0.04011722320798246,0.11544461778471139
s1377_n686,686,55.02915451895043,0.19096209912536444,-0.671865889212828,0.018950437317784258,0.17609125905568124,0.04956268221574344
s1378_n727,727,84.85557083906464,0.22283356258596973,-0.5115543328748279,0.02751031636863824,-0.0791812460476248,0.008253094910591473
s1379_n783,783,104.81481481481481,0.558109833971903,-0.7017879948914432,0.37803320561941256,0.13515790178998602,0.01532567049808429
s1380_n307,307,92.8013029315961,0.49837133550488605,-0.30846905537459285,0.28664495114006516,0.19629464514396813,0.06840390879478828
s1381_n354,354,89.06779661016948,0.5084745762711864,-0.5189265536723164,0.3418079096045198,0.07788677569462601,0.031073446327683614
s1382_n404,404,100.61881188118814,0.4975247524752475,-0.5720297029702971,0.34653465346534656,0.17354407004180128,0.10643564356435643
s1383_n460,460,95.56521739130434,0.4891304347826087,-0.7328260869565217,0.3456521739130435,0.2611584836262889,0.08478260869565218
s1384_n548,548,94.47080291970802,0.5656934306569343,-0.5202554744525547,0.33576642335766427,-0.06550154875643228,0.072992700729927
s1385_n583,583,103.516295025729,0.4631217838765009,-0.6691252144082328,0.2624356775300171,0.10701033991238218,0.08919382504288165
s1386_n619,619,91.40549273021003,0.5525040387722133,-0.692730210016155,0.3634894991922456,0.272634624104516,0.13408723747980614
s1387_n672,672,53.4672619047619,0.1651785714285714,-0.8849702380952381,0.0,0.0,0.03571428571428571
s1388_n736,736,105.52989130434783,0.3600543478260869,-0.44497282608695643,0.10733695652173914,0.20760831050174622,0.06114130434782609
s1389_n759,759,67.70750988142292,0.17259552042160736,-0.29459815546772056,0.0,0.0,0.0
s1390_n339,339,90.4424778761062,0.35988200589970504,0.023303834808259594,0.2182890855457227,0.13830269816628146,0.035398230088495575
s1391_n395,395,84.55696202531644,0.3924050632911392,-0.2964556962025319,0.11645569620253164,-0.03621217265444476,0.12658227848101267
s1392_n426,426,105.91549295774647,0.6924882629107981,-0.6530516431924881,0.4413145539906103,0.11030568530913568,0.02347417840375587
s1393_n457,457,74.02625820568926,0.3894967177242889,-0.30656455142231953,0.24945295404814005,0.029963223377443202,0.05470459518599562
s1394_n526,526,66.65399239543726,0.23764258555133078,-0.6783269961977184,0.028517110266159697,0.1549019599857431,0.06273764258555133
s1395_n560,560,114.46428571428571,0.34285714285714286,0.08589285714285698,0.039285714285714285,1.3617278360175928,0.039285714285714285
s1396_n645,645,87.90697674418605,0.46821705426356586,-0.761860465116279,0.35038759689922483,0.0687158123694598,0.09457364341085271
s1397_n673,673,65.70579494799405,0.4457652303120357,-0.8105497771173853,0.2986627043090639,0.23214870625616835,0.09806835066864783
s1398_n716,716,119.46927374301674,0.3575418994413408,-0.23798882681564262,0.12430167597765363,-0.286789556549371,0.0
s1399_n786,786,51.5648854961832,0.20229007633587787,-1.3784987277353689,0.3689567430025445,2.4638929889859074,0.0
s1400_n315,315,84.22222222222221,0.3746031746031746,-0.1695238095238094,0.1111111111111111,-0.5593080109070125,0.04126984126984127
s1401_n350,350,73.17142857142856,0.39999999999999997,-0.6720000000000002,0.27714285714285714,0.5698753079565612,0.060000000000000005
s1402_n428,428,48.22429906542056,0.11214953271028036,0.18995327102803747,0.004672897196261682,-0.4771212547196624,0.0630841121495327
s1403_n461,461,100.93275488069413,0.596529284164859,-0.6963123644251628,0.3926247288503254,0.08092190762392606,0.0368763557483731
s1404_n522,522,65.59386973180077,0.10727969348659006,0.6484674329501917,0.028735632183908046,0.05115252244738129,0.03065134099616858
s1405_n563,563,110.46181172291296,0.4511545293072824,-0.5422735346358794,0.2557726465364121,0.23139406752258673,0.06216696269982239
s1406_n605,605,37.239669421487605,0.31735537190082647,-1.6175206611570248,0.38347107438016526,2.367355921026019,0.0
s1407_n689,689,59.65166908563134,0.22351233671988388,-0.5622641509433961,0.12191582002902758,1.6232492903979006,0.0420899854862119
s1408_n745,745,62.51006711409395,0.15570469798657718,-0.4277852348993288,0.0,0.0,0.009395973154362417
s1409_n797,797,43.29987452948557,0.301129234629862,-1.4849435382685068,0.3450439146800502,0.7008541482105702,0.04767879548306148
s1410_n323,323,92.07430340557275,0.4148606811145511,-0.04365325077399396,0.23839009287925694,0.0993846321359118,0.03715170278637771
s1411_n391,391,96.5217391304348,0.4833759590792839,-0.21867007672634248,0.289002557544757,0.12934785551335498,0.030690537084398978
s1412_n404,404,90.27227722772278,0.5173267326732673,-0.8923267326732675,0.32673267326732675,0.21150791627813753,0.09405940594059406
s1413_n473,473,111.26849894291755,0.5348837209302326,-0.14249471458773788,0.27272727272727276,1.1321173212354234,0.02959830866807611
s1414_n517,517,101.50870406189556,0.47775628626692457,-0.14622823984526123,0.27466150870406186,0.08471373464758582,0.06963249516441006
s1415_n563,563,103.90763765541739,0.3463587921847247,-0.305328596802842,0.07992895204262879,1.3521825181113625,0.03907637655417407
s1416_n631,631,121.42630744849446,0.6354992076069731,-0.5030110935023772,0.4120443740095087,0.23071220994766142,0.09508716323296355
s1417_n666,666,137.62762762762765,0.5210210210210211,-0.07912912912912912,0.3303303303303303,0.031314062668402046,0.06456456456456457
s1418_n710,710,92.18309859154928,0.3140845070422535,-0.6247887323943663,0.11549295774647889,-0.4499690086760476,0.061971830985915494
s1419_n781,781,95.49295774647888,0.21126760563380284,0.6892445582586427,0.017925736235595388,-0.6368220975871743,0.0038412291933418692
s1420_n305,305,93.73770491803279,0.5344262295081967,-0.27409836065573795,0.3114754098360656,0.0448123444163623,0.05245901639344262
s1421_n375,375,102.21333333333334,0.44533333333333336,-0.6093333333333334,0.304,0.0,0.10933333333333334
s1422_n448,448,103.21428571428571,0.41294642857142855,-0.6781250000000001,0.24553571428571427,-0.14081549870713805,0.08482142857142858
s1423_n487,487,96.96098562628337,0.45174537987679675,-0.6515400410677619,0.32648870636550315,-0.005395031886706187,0.10472279260780287
s1424_n520,520,99.67307692307692,0.3788461538461539,-0.34423076923076923,0.24038461538461536,0.3534180651236694,0.025
s1425_n570,570,66.5438596491228,0.44385964912280695,-0.8152631578947371,0.32631578947368417,0.05551732784983133,0.02982456140350877
s1426_n612,612,127.30392156862742,0.4297385620915032,-0.4923202614379086,0.21241830065359477,-0.21484384804769796,0.0784313725490196
s1427_n656,656,105.83841463414633,0.5594512195121951,-0.6782012195121954,0.43140243902439024,0.07638834586345472,0.07317073170731707
s1428_n727,727,77.73039889958736,0.2077028885832187,0.6203576341127923,0.07290233837689133,-0.6020599913279624,0.061898211829436035
s1429_n799,799,118.1101376720901,0.5356695869837297,-0.23842302878598254,0.24280350438047557,0.3871399445816037,0.09011264080100126
s1430_n302,302,90.06622516556291,0.5794701986754968,-0.6834437086092715,0.41721854304635764,0.34242268082220634,0.059602649006622516
s1431_n389,389,86.09254498714651,0.43187660668380456,-0.44524421593830327,0.2853470437017995,-0.03845825181917563,0.10796915167095116
s1432_n429,429,93.7062937062937,0.5594405594405595,-0.43729603729603744,0.30303030303030304,0.20091484278071337,0.06060606060606061
s1433_n480,480,82.625,0.4479166666666667,-0.6256249999999997,0.32708333333333334,0.1715436313049606,0.08958333333333332
s1434_n525,525,110.95238095238096,0.43809523809523815,-0.2588571428571429,0.2914285714285714,0.15286141833720643,0.03428571428571429
s1435_n583,583,74.90566037735849,0.379073756432247,-0.7178387650085764,0.1783876500857633,0.0987541537064267,0.08919382504288165
s1436_n640,640,114.265625,0.5203125000000001,-0.4373437499999999,0.33125,0.12257200332919299,0.09843750000000001
s1437_n695,695,105.46762589928058,0.4201438848920863,0.03280575539568337,0.33956834532374097,0.21601920595563245,0.028776978417266185
s1438_n747,747,78.87550200803213,0.39892904953145913,-0.6578313253012044,0.2610441767068273,0.6359182585889297,0.06693440428380187
s1439_n755,755,112.39735099337747,0.4662251655629139,-0.6442384105960266,0.2768211920529801,0.3322876893944232,0.025165562913907282
s1440_n325,325,96.06153846153845,0.4738461538461538,-0.1323076923076923,0.2615384615384615,0.11041248341170351,0.04615384615384615
s1441_n352,352,65.48295454545455,0.25,-0.6187500000000001,0.23011363636363638,0.20242019777803044,0.045454545454545456
s1442_n445,445,77.57303370786516,0.3775280898876405,-0.4498876404494383,0.2696629213483146,0.34449568944507153,0.033707865168539325
s1443_n479,479,99.20668058455114,0.4384133611691023,-0.7561586638830894,0.34029227557411273,0.06857641436412143,0.07724425887265136
s1444_n520,520,95.36538461538461,0.40384615384615385,-0.7363461538461535,0.3038461538461538,0.05435766232259276,0.05384615384615385
s1445_n589,589,85.89134125636673,0.5483870967741936,-1.0176570458404077,0.3140916808149406,0.5515689990647016,0.0797962648556876
s1446_n633,633,50.9952606635071,0.21800947867298576,-0.518483412322275,0.12480252764612954,1.5965970956264603,0.08372827804107424
s1447_n657,657,95.70776255707761,0.6270928462709284,-0.8191780821917807,0.4535768645357686,0.028963695935316558,0.0243531202435312
s1448_n738,738,35.1219512195122,0.1842818428184282,-1.2470189701897023,0.2588075880758808,2.2833012287035497,0.0921409214092141
s1449_n787,787,112.52858958068614,0.7395171537484116,-0.500762388818297,0.46124523506988563,1.1335389083702174,0.052096569250317665
s1450_n348,348,83.07471264367817,0.3505747126436782,-0.22442528735632195,0.23563218390804597,0.08297423506476392,0.04885057471264368
s1451_n350,350,126.14285714285714,0.3485714285714286,-0.010571428571428676,0.04,0.0,0.0
s1452_n436,436,106.19266055045873,0.481651376146789,-0.47201834862385295,0.33256880733944955,0.08894108333678116,0.10321100917431193
s1453_n467,467,108.90792291220556,0.6809421841541755,-0.7235546038543896,0.44967880085653106,0.024589273235451417,0.017130620985010704
s1454_n545,545,63.90825688073394,0.5486238532110093,-0.932844036697248,0.3798165137614679,1.0528523073252758,0.07339449541284404
s1455_n559,559,79.1592128801431,0.259391771019678,-0.051878354203935606,0.22182468694096602,0.5642714304385626,0.04830053667262969
s1456_n648,648,101.55864197530863,0.462962962962963,-0.6492283950617284,0.23919753086419754,0.3177356891668339,0.038580246913580245
s1457_n693,693,82.68398268398268,0.3982683982683983,-0.025685425685425756,0.20779220779220778,1.2979167602398383,0.06493506493506493
s1458_n712,712,94.84550561797751,0.5154494382022472,-0.7487359550561801,0.3820224719101124,0.23372472934615285,0.0449438202247191
s1459_n783,783,75.68326947637291,0.37420178799489145,-0.7083014048531289,0.35759897828863346,0.13033376849500608,0.070242656449553
s1460_n306,306,99.15032679738562,0.4411764705882353,-0.04705882352941182,0.2549019607843137,0.08715017571890013,0.00980392156862745
s1461_n389,389,103.23907455012854,0.4473007712082262,-0.6874035989717224,0.19023136246786634,0.2588323158695264,0.05141388174807198
s1462_n415,415,79.66265060240963,0.3831325301204819,-0.3238554216867472,0.25542168674698795,0.21329094598109086,0.11566265060240964
s1463_n484,484,81.26033057851238,0.3491735537190082,-0.21466942148760326,0.24173553719008267,0.05115252244738129,0.028925619834710745
s1464_n534,534,88.20224719101124,0.4700374531835206,-0.47490636704119843,0.31086142322097376,0.19992386806231666,0.08052434456928839
s1465_n579,579,92.19343696027633,0.5941278065630397,-1.0656303972366148,0.4455958549222798,0.04011722320798241,0.0017271157167530224
s1466_n638,638,103.10344827586206,0.7351097178683386,-0.6852664576802509,0.4780564263322884,1.0157942671832318,0.0438871473354232
s1467_n678,678,92.5221238938053,0.39233038348082594,-0.6039823008849557,0.14896755162241887,0.14468279480405705,0.0752212389380531
s1468_n700,700,67.88571428571429,0.18,-0.20857142857142874,0.017142857142857144,-0.12493873660829995,0.012857142857142857
s1469_n775,775,117.29032258064515,0.6141935483870968,-0.32116129032258045,0.37290322580645163,0.2036350083097116,0.04129032258064516
s1470_n308,308,94.41558441558442,0.41558441558441556,-0.04935064935064931,0.2305194805194805,0.05958568998424397,0.025974025974025976
s1471_n384,384,113.17708333333331,0.6302083333333334,-0.5950520833333337,0.4375,0.3203351508593679,0.109375
s1472_n434,434,108.963133640553,0.4815668202764978,-0.3647465437788018,0.3433179723502304,0.09820448336105525,0.07373271889400922
s1473_n498,498,99.23694779116465,0.4618473895582329,-0.8070281124497992,0.28313253012048195,0.21699624682194435,0.07228915662650602
s1474_n533,533,93.05816135084426,0.2345215759849906,-0.7365853658536585,0.0150093808630394,0.0,0.01125703564727955
s1475_n577,577,114.99133448873484,0.37954939341421146,-0.18249566724436747,0.11611785095320624,-0.16562582537751633,0.04332755632582322
s1476_n647,647,102.55023183925812,0.31839258114374036,-0.14204018547140668,0.08346213292117466,0.09342168516223508,0.0401854714064915
s1477_n678,678,102.38938053097345,0.532448377581121,-0.418141592920354,0.3982300884955753,0.4943232848272848,0.032448377581120944
s1478_n706,706,74.30594900849859,0.16147308781869688,0.3015580736543909,0.0,0.0,0.0
s1479_n751,751,118.17576564580558,0.46604527296937415,-0.4271637816245007,0.2796271637816245,-0.04921802267018159,0.08388814913448736
s1480_n348,348,93.85057471264366,0.4425287356321839,-0.05517241379310345,0.2557471264367816,0.14449227298397893,0.031609195402298854
s1481_n373,373,76.72922252010723,0.34048257372654156,-0.2466487935656836,0.2198391420911528,0.10389613386872244,0.058981233243967826
s1482_n431,431,82.96983758700695,0.4640371229698376,-0.4401392111368908,0.28074245939675174,0.3662967271765728,0.058004640371229696
s1483_n499,499,89.51903807615228,0.4388777555110221,-0.5472945891783568,0.2985971943887775,0.2050549549909979,0.04408817635270541
s1484_n538,538,99.92565055762081,0.5687732342007434,-0.4864312267657992,0.3587360594795539,0.10292804669705585,0.08550185873605948
s1485_n562,562,114.48398576512456,0.49822064056939497,-0.5944839857651244,0.37722419928825623,-0.06506264575606181,0.06405693950177936
s1486_n633,633,102.9225908372828,0.5323854660347551,-0.4270142180094784,0.377567140600316,0.4144744455817734,0.04739336492890995
s1487_n671,671,112.59314456035767,0.6646795827123696,-0.719076005961252,0.4008941877794337,2.4313637641589874,0.029806259314456036
s1488_n733,733,115.44338335607094,0.44338335607094126,-0.7196452933151432,0.28240109140518416,-0.20749972330730546,0.015006821282401092
s1489_n789,789,108.87198986058301,0.4055766793409379,-0.5669201520912546,0.21926489226869453,0.39794000867203755,0.0025348542458808617
s1490_n333,333,75.58558558558559,0.33933933933933935,-0.2762762762762764,0.13213213213213212,0.19188552623891317,0.10810810810810811
s1491_n352,352,111.05113636363635,0.44034090909090906,-0.6002840909090909,0.40909090909090906,-0.33724216831842596,0.07670454545454546
s1492_n404,404,86.8069306930693,0.43316831683168316,-0.8636138613861388,0.21782178217821782,0.2794903178078715,0.0594059405940594
s1493_n457,457,103.45733041575494,0.48140043763676155,-0.4317286652078776,0.3654266958424508,0.005139639652411057,0.07658643326039387
s1494_n513,513,81.61793372319688,0.29434697855750486,-0.9569200779727096,0.2573099415204678,-0.9688420180096133,0.08771929824561403
s1495_n573,573,96.64921465968585,0.4834205933682373,-0.6003490401396158,0.3333333333333333,0.15927776004603114,0.09947643979057591
s1496_n636,636,105.47169811320754,0.30660377358490565,-0.7410377358490564,0.14937106918238993,-0.4362850007482574,0.0330188679245283
s1497_n651,651,96.4516129032258,0.6006144393241166,-0.5420890937019969,0.3671274961597542,0.37919057265919853,0.10906298003072196
s1498_n712,712,57.24719101123594,0.17134831460674158,-0.7377808988764044,0.06179775280898876,-0.1918855262389131,0.07443820224719101
s1499_n784,784,111.17346938775509,0.3877551020408163,-0.6061224489795917,0.23979591836734696,0.04575749056067506,0.008928571428571428
s1500_n331,331,95.55891238670695,0.552870090634441,-0.3238670694864049,0.32628398791540786,0.1434221423023131,0.045317220543806644
s1501_n393,393,108.9058524173028,0.41984732824427484,-0.6450381679389313,0.2620865139949109,-0.04139268515822495,0.06361323155216285
s1502_n400,400,104.67500000000001,0.4575,-0.29800000000000004,0.305,0.18486518336318636,0.085
s1503_n499,499,90.92184368737473,0.47094188376753504,-0.6883767535070138,0.3306613226452906,0.09925122882295886,0.12024048096192386
s1504_n539,539,87.66233766233766,0.5176252319109461,-0.5499072356215213,0.2987012987012987,0.10170889588982505,0.09090909090909091
s1505_n580,580,100.67241379310343,0.3655172413793104,-0.7156896551724141,0.11206896551724138,0.3405385369476548,0.041379310344827586
s1506_n642,642,109.51713395638627,0.5327102803738317,-0.524766355140187,0.3426791277258567,0.1340821160481697,0.09968847352024922
s1507_n662,662,92.31117824773415,0.4561933534743203,-0.48897280966767387,0.34290030211480366,0.3743169633256133,0.05287009063444109
s1508_n709,709,78.68829337094499,0.459802538787024,-0.31706629055007046,0.33991537376586745,0.6554003999235192,0.039492242595204514
s1509_n776,776,73.10567010309276,0.4652061855670103,-0.9277061855670103,0.34536082474226804,0.16272729749769974,0.14690721649484534
s1510_n339,339,94.12979351032449,0.45427728613569324,-0.10442477876106188,0.2654867256637168,0.17216096542724887,0.05309734513274336
s1511_n356,356,103.11797752808988,0.48314606741573035,-0.06769662921348307,0.27247191011235955,0.09691001300805649,0.019662921348314606
s1512_n425,425,96.72941176470589,0.5270588235294117,-0.5816470588235296,0.38117647058823534,0.09571853220063765,0.12705882352941178
s1513_n488,488,74.65163934426229,0.1987704918032787,0.3659836065573771,0.07581967213114754,-0.022276394711152257,0.04098360655737705
s1514_n520,520,114.74999999999997,0.4076923076923077,-0.7323076923076928,0.21923076923076923,-0.0750646798527926,0.06730769230769232
s1515_n580,580,76.32758620689654,0.28448275862068967,-0.8063793103448277,0.26896551724137935,-1.1702617153949575,0.11206896551724138
s1516_n606,606,85.23102310231022,0.31683168316831684,-1.1024752475247526,0.024752475247524754,0.05115252244738129,0.09900990099009901
s1517_n672,672,104.89583333333334,0.4226190476190476,-0.7367559523809519,0.22470238095238093,0.20227584195755452,0.044642857142857144
s1518_n732,732,91.5846994535519,0.4193989071038251,-0.4031420765027323,0.3101092896174863,0.14158040792751733,0.01639344262295082
s1519_n799,799,125.66958698372966,0.737171464330413,-0.509136420525657,0.4618272841051314,0.5818566052396753,0.07884856070087609
s1520_n345,345,73.82608695652173,0.22318840579710145,-1.2292753623188408,0.005797101449275362,0.0,0.0753623188405797
s1521_n358,358,69.9441340782123,0.41340782122905023,-0.7407821229050278,0.3100558659217877,0.592514673421732,0.1005586592178771
s1522_n449,449,91.93763919821826,0.44320712694877507,-0.4271714922048998,0.2917594654788419,0.2624005933078502,0.09576837416481068
s1523_n462,462,72.01298701298701,0.4069264069264069,-0.7861471861471864,0.23376623376623376,0.17609125905568124,0.08658008658008659
s1524_n511,511,98.63013698630135,0.3913894324853229,-0.8585127201565558,0.23483365949119372,-0.1583624920952497,0.06653620352250489
s1525_n555,555,67.24324324324323,0.4918918918918918,-0.7790990990990989,0.24504504504504504,0.4202164033831899,0.13873873873873874
s1526_n618,618,97.00647249190939,0.49352750809061485,-0.5896440129449837,0.34627831715210355,0.16272729749769974,0.10679611650485438
s1527_n682,682,78.88563049853371,0.3592375366568915,-0.37023460410557163,0.14369501466275658,-0.03476210625921197,0.0777126099706745
s1528_n722,722,107.7562326869806,0.38088642659279776,-0.6405817174515238,0.14958448753462605,0.2951211360534608,0.02631578947368421
s1529_n759,759,32.173913043478265,0.09090909090909091,-0.4440052700922267,0.026350461133069828,1.3222192947339193,0.034255599472990776
s1530_n339,339,99.88200589970502,0.504424778761062,-0.14867256637168147,0.2890855457227139,0.10473535052001298,0.02359882005899705
s1531_n356,356,94.85955056179775,0.502808988764045,-0.28904494382022444,0.2837078651685393,0.04219767979445489,0.03932584269662921
s1532_n443,443,93.49887133182844,0.5146726862302484,-0.679683972911964,0.363431151241535,0.1452146925826115,0.1128668171557562
s1533_n491,491,88.90020366598777,0.42973523421588594,-0.5539714867617108,0.21792260692464355,0.23678909940929282,0.04276985743380855
s1534_n543,543,110.23941068139962,0.36279926335174945,-0.5836095764272562,0.17495395948434622,-0.19106841502533414,0.08103130755064457
s1535_n551,551,200.12704174228674,0.5916515426497277,1.227404718693285,0.08711433756805807,-0.5496719218682742,0.14882032667876588
s1536_n604,604,106.63907284768213,0.543046357615894,-0.432615894039735,0.3824503311258278,0.1621554811123887,0.07284768211920531
s1537_n676,676,100.39940828402368,0.5591715976331361,-0.8710059171597634,0.3831360946745562,-0.07674138299052573,0.057692307692307696
s1538_n740,740,60.02702702702704,0.422972972972973,-0.9185135135135136,0.22972972972972974,1.5237464668115643,0.07837837837837838
s1539_n788,788,79.06091370558374,0.29314720812182743,-0.023604060913705538,0.1751269035532995,0.5642714304385626,0.05964467005076142
s1540_n347,347,84.78386167146974,0.5389048991354467,-0.8466858789625359,0.3688760806916426,0.2325726150081294,0.10951008645533142
s1541_n382,382,116.57068062827224,0.49214659685863876,-0.36465968586387454,0.3324607329842932,0.11513483311425543,0.06282722513089005
s1542_n412,412,81.01941747572816,0.4975728155339805,-0.7492718446601943,0.34466019417475724,0.35654732351381263,0.10679611650485436
s1543_n487,487,92.89527720739218,0.3470225872689938,-0.41991786447638607,0.10472279260780287,-0.049218022670181646,0.06776180698151951
s1544_n535,535,82.37383177570094,0.28971962616822433,-1.109532710280374,0.14018691588785046,-0.01128101040968901,0.009345794392523364
s1545_n553,553,35.5877034358047,0.4122965641952984,-1.9965641952983724,0.5569620253164558,1.0961540607163995,0.0
s1546_n620,620,81.46774193548386,0.3548387096774194,-0.49580645161290304,0.15161290322580645,0.501595024102863,0.06290322580645161
s1547_n681,681,43.832599118942724,0.39647577092511016,-1.7449339207048458,0.45374449339207046,2.4913616938342726,0.0
s1548_n732,732,120.50546448087431,0.5150273224043715,-0.44658469945355184,0.31693989071038253,0.14231283267772266,0.03961748633879782
s1549_n768,768,129.62239583333334,0.5247395833333333,-0.3878906249999998,0.29166666666666663,0.0307593638055381,0.08072916666666666
s1550_n343,343,97.75510204081633,0.4927113702623907,-0.8142857142857143,0.43731778425655976,0.011429461780781804,0.06997084548104957
s1551_n354,354,91.69491525423729,0.44067796610169485,-0.11468926553672298,0.2485875706214689,0.1760912590556813,0.04519774011299435
s1552_n421,421,97.98099762470308,0.3776722090261283,-0.46175771971496427,0.1828978622327791,0.033000260102925345,0.06888361045130642
s1553_n458,458,79.01746724890829,0.32096069868995636,-0.9748908296943235,0.12882096069868998,0.10011515288326783,0.09388646288209607
s1554_n526,526,99.35361216730037,0.29847908745247154,-0.8899239543726236,0.03802281368821293,0.15970084286751182,0.03231939163498099
s1555_n563,563,101.45648312611013,0.477797513321492,-0.8765541740674958,0.3126110124333925,0.13777596131347228,0.06571936056838365
s1556_n629,629,90.31796502384738,0.5850556438791733,-0.9947535771065183,0.42130365659777425,0.10130426110614865,0.02543720190779014
s1557_n669,669,120.37369207772795,0.4618834080717489,-0.42690582959641266,0.27802690582959644,-0.07410172051834985,0.11210762331838564
s1558_n703,703,50.241820768136556,0.15078236130867712,-0.7273115220483644,0.005689900426742532,0.0,0.06543385490753911
s1559_n760,760,107.63157894736844,0.37894736842105264,-0.6224999999999997,0.1881578947368421,0.33287736291597597,0.024999999999999998
s1560_n309,309,107.92880258899675,0.5242718446601942,-0.4093851132686085,0.2977346278317152,0.24667233334138844,0.05501618122977346
s1561_n352,352,78.49431818181817,0.40909090909090906,-0.47414772727272736,0.28125,0.25661085587556837,0.11931818181818182
s1562_n448,448,92.67857142857143,0.4575892857142857,-0.6102678571428576,0.34598214285714285,0.18533191579059394,0.08705357142857142
s1563_n490,490,94.10204081632652,0.2714285714285714,-0.9404081632653065,0.044897959183673466,-0.8450980400142568,0.02857142857142857
s1564_n508,508,112.42125984251967,0.5551181102362205,-0.6895669291338582,0.39960629921259844,0.2027434538271215,0.06692913385826771
s1565_n566,566,95.33568904593639,0.5159010600706713,-0.6125441696113073,0.3692579505300353,0.12854286087712516,0.08833922261484099
s1566_n617,617,87.00162074554294,0.2884927066450567,-0.11166936790923832,0.10048622366288493,0.682883184442564,0.05834683954619124
s1567_n681,681,106.65198237885465,0.37591776798825255,-0.702496328928047,0.20851688693098383,0.08471373464758582,0.02790014684287812
s1568_n718,718,121.2674094707521,0.38579387186629527,-0.4288300835654594,0.084958217270195,-0.2703611758975292,0.09331476323119778
s1569_n795,795,134.28930817610066,0.42515723270440253,-0.35710691823899376,0.1509433962264151,-0.32801348534957475,0.08679245283018867
s1570_n322,322,88.26086956521739,0.42236024844720504,-0.10590062111801235,0.2639751552795031,0.04997397496183862,0.040372670807453416
s1571_n393,393,90.91603053435114,0.5368956743002544,-0.28778625954198456,0.30788804071246817,0.1938200260161128,0.043256997455470736
s1572_n448,448,73.25892857142857,0.3191964285714286,-0.3689732142857143,0.19642857142857145,0.5166297960033361,0.055803571428571425
s1573_n467,467,88.52248394004282,0.5396145610278372,-0.9355460385438973,0.43897216274089934,0.22745262713435488,0.11563169164882227
s1574_n513,513,127.15399610136451,0.4775828460038986,0.012280701754385948,0.2378167641325536,0.014010714442814688,0.037037037037037035
s1575_n588,588,82.60204081632652,0.1921768707482993,0.5105442176870748,0.0,0.0,0.0
s1576_n625,625,98.09599999999999,0.45920000000000005,-0.7756799999999999,0.3456,0.08795517035512998,0.0208
s1577_n653,653,109.1271056661562,0.5834609494640122,-0.772741194486983,0.442572741194487,0.14766355106182383,0.09647779479326188
s1578_n728,728,108.5989010989011,0.42994505494505497,-0.5519230769230772,0.125,0.43456890403419857,0.06318681318681318
s1579_n768,768,88.203125,0.19010416666666666,0.6540364583333333,0.0,0.0,0.0
s1580_n348,348,57.50000000000001,0.20977011494252876,-0.6879310344827587,0.23563218390804597,0.0,0.04597701149425287
s1581_n390,390,68.51282051282051,0.3717948717948718,-0.7243589743589742,0.3076923076923077,0.2798406965940431,0.1076923076923077
s1582_n413,413,110.16949152542375,0.5012106537530266,-0.37748184019370445,0.32687651331719125,0.08266957389344619,0.09927360774818403
s1583_n450,450,119.17777777777776,0.62,-0.24377777777777798,0.3511111111111111,0.0,0.05333333333333333
s1584_n521,521,102.57197696737043,0.44529750479846447,-0.5170825335892514,0.2571976967370442,0.012774288036428825,0.10172744721689059
s1585_n551,551,85.06352087114337,0.41742286751361163,-0.7678765880217785,0.3012704174228675,0.10389613386872244,0.06896551724137931
s1586_n631,631,108.256735340729,0.49603803486529313,-0.638985736925515,0.2884310618066561,0.11394335230683679,0.06973058637083994
s1587_n659,659,99.42336874051593,0.30804248861911987,-0.519423368740516,0.11684370257966616,-0.05504756633090553,0.018209408194233688
s1588_n748,748,107.2326203208556,0.4893048128342246,-0.7946524064171125,0.3248663101604278,0.11770893498932478,0.053475935828877004
s1589_n775,775,87.80645161290323,0.4167741935483871,-0.5127741935483872,0.22451612903225807,0.7611179110848633,0.03225806451612903
s1590_n320,320,85.65625,0.44375000000000003,-0.11843749999999992,0.25625,0.04139268515822499,0.03125
s1591_n360,360,90.05555555555556,0.3583333333333333,-0.03222222222222221,0.22777777777777777,0.08297423506476392,0.03888888888888889
s1592_n426,426,97.51173708920187,0.49999999999999994,-0.7854460093896712,0.3333333333333333,0.2218487496163564,0.09154929577464788
s1593_n479,479,86.63883089770354,0.4405010438413361,-0.5279749478079331,0.29436325678496866,0.15342727441973747,0.09394572025052192
s1594_n523,523,94.09177820267686,0.5965583173996175,-0.6390057361376673,0.390057361376673,0.719532163250908,0.05162523900573614
s1595_n575,575,89.32173913043478,0.3773913043478261,-0.302086956521739,0.1947826086956522,0.35355904694016577,0.06260869565217392
s1596_n643,643,58.72472783825816,0.16796267496111975,0.18304821150855363,0.0,0.0,0.06998444790046655
s1597_n694,694,101.55619596541787,0.537463976945245,-0.642507204610951,0.37319884726224783,0.1307682802690238,0.06628242074927954
s1598_n730,730,85.89041095890411,0.41232876712328764,-0.025342465753424775,0.2041095890410959,0.5367069447039065,0.0726027397260274
s1599_n752,752,85.45212765957446,0.5093085106382979,-0.7158244680851066,0.3603723404255319,0.3154278163646237,0.08643617021276595
s1600_n313,313,97.79552715654951,0.6230031948881789,-0.854632587859425,0.3897763578274761,0.7700333601614642,0.07348242811501597
s1601_n391,391,119.48849104859333,0.4859335038363171,-0.441176470588235,0.39386189258312015,-0.1923937702780808,0.05115089514066496
s1602_n419,419,94.96420047732697,0.4033412887828163,-0.23579952267303095,0.1431980906921241,0.11270428019128839,0.07637231503579953
s1603_n489,489,75.91002044989776,0.3701431492842536,-0.41390593047034774,0.12065439672801637,0.014240439114610287,0.11042944785276074
s1604_n544,544,71.15808823529412,0.40625,-0.39356617647058806,0.2463235294117647,0.36493974856911227,0.07904411764705882
s1605_n599,599,107.42904841402338,0.4390651085141903,-0.6948247078464107,0.27712854757929883,-0.05176291535447144,0.07345575959933222
s1606_n614,614,110.78175895765474,0.6824104234527687,-0.7648208469055375,0.4560260586319218,0.08031075118859471,0.00488599348534202
s1607_n698,698,105.10028653295127,0.40544412607449853,-0.5055873925501433,0.30085959885386815,0.07392610608736692,0.05730659025787965
s1608_n724,724,64.30939226519337,0.22099447513812157,-0.6314917127071824,0.0925414364640884,1.8325089127062364,0.0580110497237569
s1609_n756,756,94.36507936507937,0.6878306878306879,-0.7179894179894177,0.46957671957671954,1.1620186307939717,0.03571428571428571
s1610_n311,311,96.2379421221865,0.45659163987138274,-0.2855305466237942,0.34083601286173637,0.06445798922691853,0.0707395498392283
s1611_n384,384,118.828125,0.390625,-0.4028645833333331,0.08333333333333333,0.0,0.06770833333333334
s1612_n438,438,97.94520547945204,0.45662100456621,-0.8184931506849312,0.319634703196347,0.12315518386788268,0.0821917808219178
s1613_n451,451,101.08647450110865,0.5121951219512195,-0.4128603104212861,0.2572062084257206,-0.05897785995933797,0.057649667405764965
s1614_n515,515,79.72815533980582,0.44660194174757284,-0.8988349514563108,0.3533980582524272,0.07572071393811843,0.13980582524271845
s1615_n551,551,104.22867513611615,0.5535390199637024,-0.7079854809437389,0.3774954627949183,0.09970291319222645,0.0018148820326678765
s1616_n621,621,102.80193236714975,0.3156199677938808,-0.7776167471819646,0.05152979066022544,-0.15490195998574313,0.03542673107890499
s1617_n697,697,110.18651362984218,0.43615494978479197,-0.16312769010043054,0.3400286944045911,0.018173968928586522,0.03156384505021521
s1618_n718,718,111.07242339832868,0.541782729805014,-0.6660167130919221,0.30362116991643456,-0.19260634712123992,0.027855153203342618
s1619_n752,752,116.18351063829786,0.6635638297872339,-0.5885638297872339,0.4215425531914893,0.3341351198219621,0.13031914893617022
s1620_n315,315,93.26984126984127,0.42539682539682544,-0.2482539682539681,0.23174603174603176,0.08130493967748027,0.06666666666666667
s1621_n354,354,68.89830508474577,0.3531073446327684,-0.5983050847457628,0.2401129943502825,0.27875360095282903,0.06779661016949153
s1622_n413,413,93.00242130750604,0.4552058111380145,-0.22130750605326888,0.2929782082324455,0.09214622321199246,0.026634382566585957
s1623_n461,461,78.91540130151844,0.2386117136659436,-0.6303687635574837,0.3839479392624729,-0.48688109200881874,0.0368763557483731
s1624_n549,549,98.87067395264116,0.331511839708561,-0.8508196721311475,0.054644808743169404,0.0,0.056466302367941715
s1625_n577,577,110.90121317157711,0.5199306759098786,-0.1428076256499131,0.3830155979202773,0.24380332550440675,0.0537261698440208
s1626_n613,613,103.83360522022838,0.46166394779771613,-0.5975530179445352,0.30505709624796085,0.21085336531489313,0.06688417618270799
s1627_n662,662,104.10876132930514,0.5045317220543807,-0.7309667673716014,0.38368580060422963,-0.01357280718927387,0.08459214501510574
s1628_n733,733,109.52251023192359,0.4993178717598909,-0.4051841746248297,0.21282401091405184,0.14424389180368669,0.06957708049113234
s1629_n795,795,46.427672955974835,0.11194968553459118,-0.6555974842767295,0.0,0.0,0.0
s1630_n320,320,93.8125,0.421875,-0.40749999999999986,0.30625,0.1401787031650368,0.078125
s1631_n383,383,101.07049608355089,0.5143603133159269,-0.49921671018276736,0.3733681462140992,0.06601979998965399,0.10182767624020889
s1632_n413,413,81.45278450363197,0.4188861985472155,-0.6518159806295398,0.28329297820823246,0.21601920595563256,0.0847457627118644
s1633_n497,497,66.0764587525151,0.22937625754527166,-0.12635814889336017,0.06237424547283703,0.5698753079565612,0.06438631790744467
s1634_n531,531,104.63276836158191,0.5047080979284368,-0.37740112994350294,0.352165725047081,0.22062365858705021,0.06591337099811675
s1635_n559,559,94.16815742397137,0.5295169946332737,-0.6189624329159215,0.4025044722719141,0.23928439971917576,0.016100178890876567
s1636_n621,621,60.28985507246377,0.18518518518518517,-0.44315619967793884,0.0,0.0,0.030595813204508857
s1637_n663,663,100.81447963800905,0.44042232277526394,-0.4327300150829564,0.27149321266968324,0.05735280855195209,0.06334841628959276
s1638_n742,742,80.74123989218329,0.2587601078167116,-0.944878706199461,0.04851752021563342,-0.6462636538200158,0.053908355795148244
s1639_n762,762,112.27034120734909,0.3503937007874016,-0.20000000000000012,0.0774278215223097,0.31175386105575426,0.03805774278215223
s1640_n303,303,102.93729372937293,0.5676567656765676,-0.3914191419141917,0.32343234323432346,0.10473535052001291,0.04950495049504951
s1641_n388,388,90.54123711340206,0.5541237113402062,-0.6306701030927835,0.36597938144329895,0.43012469204343884,0.07989690721649484
s1642_n431,431,88.79350348027842,0.29930394431554525,-1.1893271461716939,0.016241299303944315,-0.09691001300805639,0.07888631090487239
s1643_n452,452,92.78761061946904,0.5088495575221239,-0.737389380530973,0.37389380530973454,0.16975108102466216,0.0752212389380531
s1644_n519,519,78.03468208092485,0.48747591522158,-0.8672447013487475,0.36223506743737954,0.13830269816628146,0.14450867052023122
s1645_n589,589,93.75212224108658,0.3174872665534805,-0.5899830220713075,0.04923599320882853,0.2596373105057562,0.08998302207130729
s1646_n648,648,45.416666666666664,0.5108024691358025,-1.7055555555555555,0.44135802469135804,2.155336037465062,0.035493827160493825
s1647_n694,694,76.52737752161383,0.20028818443804033,-0.05763688760806923,0.0,0.0,0.001440922190201729
s1648_n724,724,134.0331491712707,0.43232044198895025,0.19944751381215453,0.0787292817679558,1.0334237554869496,0.03591160220994475
s1649_n785,785,118.40764331210192,0.49044585987261147,-0.5614012738853503,0.29554140127388534,0.09691001300805642,0.0751592356687898
s1650_n339,339,94.80825958702064,0.3775811209439528,-0.1566371681415929,0.2566371681415929,0.0684573806558517,0.05604719764011799
s1651_n384,384,99.50520833333333,0.453125,-0.6406249999999999,0.3463541666666667,0.12306273160954462,0.0546875
s1652_n416,416,120.2644230769231,0.6730769230769231,-0.40504807692307715,0.3894230769230769,-0.3960880038104442,0.01201923076923077
s1653_n467,467,104.15417558886509,0.5310492505353319,-0.5044967880085652,0.37687366167023556,0.16797336883350175,0.14132762312633834
s1654_n511,511,96.26223091976516,0.45792563600782776,-0.43287671232876757,0.27788649706457924,0.1585669140721485,0.06262230919765166
s1655_n570,570,60.54385964912281,0.3385964912280702,-0.9119298245614037,0.22631578947368422,0.43820318868929287,0.07894736842105263
s1656_n648,648,86.20370370370371,0.42901234567901236,-0.9731481481481481,0.21296296296296297,0.01240925798181993,0.035493827160493825
s1657_n667,667,104.85757121439279,0.638680659670165,-0.658470764617691,0.4287856071964018,0.04225638013676262,0.023988005997001502
s1658_n706,706,96.38810198300283,0.31586402266288954,-0.5609065155807366,0.07223796033994334,0.11539341870206957,0.05949008498583569
s1659_n781,781,71.75416133162612,0.4007682458386684,-0.5778489116517282,0.3495518565941101,0.6020599913279623,0.024327784891165175
s1660_n345,345,94.2608695652174,0.33043478260869563,0.12637681159420294,0.19130434782608696,0.12866660912754313,0.03768115942028986
s1661_n372,372,100.59139784946237,0.46505376344086025,-0.4822580645161286,0.30376344086021506,0.0681158198974649,0.07258064516129033
s1662_n448,448,82.47767857142857,0.4888392857142857,-0.7549107142857141,0.3392857142857143,0.2068715936467036,0.1205357142857143
s1663_n492,492,125.83333333333333,0.39430894308943093,-0.4176829268292684,0.08536585365853658,-0.3774183415274358,0.07317073170731708
s1664_n502,502,108.38645418326693,0.3924302788844622,-0.7181274900398406,0.19322709163346613,-0.18708664335714442,0.07569721115537849
s1665_n556,556,110.66546762589928,0.5881294964028777,-0.6352517985611509,0.4172661870503597,0.1885005170375012,0.10071942446043165
s1666_n628,628,120.68471337579618,0.39968152866242035,-0.13837579617834386,0.11942675159235669,-0.29259682812711846,0.03980891719745223
s1667_n698,698,109.94269340974212,0.6045845272206303,-0.7060171919770776,0.40257879656160467,0.5793960066920187,0.028653295128939826
s1668_n700,700,68.22857142857144,0.3985714285714286,-0.7642857142857142,0.2985714285714286,0.11175913404697549,0.11714285714285715
s1669_n756,756,112.79100529100529,0.36904761904761907,-0.6633597883597885,0.18253968253968256,-0.22847932851536945,0.056878306878306875
s1670_n331,331,84.25981873111782,0.33534743202416917,-0.2703927492447129,0.09667673716012085,0.3203351508593678,0.10876132930513595
s1671_n389,389,112.03084832904884,0.480719794344473,-0.6920308483290486,0.2596401028277635,0.09311702399091731,0.07969151670951156
s1672_n402,402,87.2139303482587,0.4502487562189054,-0.4696517412935324,0.31343283582089554,0.10914446942506809,0.07462686567164178
s1673_n491,491,96.33401221995926,0.4582484725050916,-0.46374745417515273,0.31568228105906315,0.15087447070269966,0.06517311608961304
s1674_n502,502,89.2629482071713,0.396414342629482,-0.5394422310756972,0.20717131474103587,0.2001294999231201,0.05976095617529881
s1675_n590,590,112.94915254237287,0.676271186440678,-0.5320338983050847,0.4016949152542373,0.6112033707678322,0.06271186440677966
s1676_n645,645,90.9922480620155,0.43100775193798446,-0.7689922480620156,0.2682170542635659,0.09467713157576446,0.07286821705426356
s1677_n674,674,86.48367952522256,0.4050445103857567,-0.9485163204747775,0.2062314540059347,0.13033376849500608,0.04302670623145401
s1678_n718,718,33.62116991643454,0.07799442896935933,-0.8519498607242341,0.005571030640668524,0.6989700043360189,0.0
s1679_n750,750,69.38666666666666,0.348,-0.4024000000000001,0.07466666666666666,0.38233493534146157,0.13066666666666665
s1680_n312,312,88.52564102564102,0.3846153846153846,-0.26314102564102565,0.2628205128205128,0.12493873660829985,0.07692307692307693
s1681_n358,358,102.17877094972066,0.5921787709497208,-0.37178770949720646,0.3296089385474861,0.07255066714861176,0.061452513966480445
s1682_n434,434,59.60829493087558,0.3870967741935484,-0.6854838709677418,0.28571428571428564,0.7781512503836436,0.14055299539170507
s1683_n462,462,77.46753246753246,0.40909090909090906,-0.46666666666666673,0.2748917748917749,0.08783035515613805,0.1103896103896104
s1684_n511,511,83.01369863013697,0.4500978473581213,-0.7790606653620356,0.24070450097847357,0.0766340570337449,0.06457925636007827
s1685_n586,586,97.95221843003414,0.5017064846416383,-0.7993174061433446,0.3686006825938567,0.1040885976351798,0.06313993174061433
s1686_n612,612,87.10784313725489,0.35130718954248363,-0.3818627450980392,0.16830065359477125,0.17609125905568124,0.042483660130718956
s1687_n683,683,103.87994143484627,0.4260614934114202,-0.6625183016105415,0.1493411420204978,0.1176394978668005,0.10980966325036604
s1688_n705,705,122.17021276595743,0.36170212765957444,-0.5963120567375888,0.04113475177304965,0.08432088570003596,0.04113475177304964
s1689_n776,776,111.05670103092784,0.5438144329896908,-0.5713917525773196,0.35567010309278346,0.15148976405034606,0.08118556701030927
s1690_n335,335,90.35820895522389,0.3552238805970149,-0.008059701492537263,0.21194029850746268,0.13188759656362775,0.041791044776119404
s1691_n395,395,67.44303797468353,0.4329113924050633,-0.8746835443037972,0.32151898734177214,0.10145764075877704,0.053164556962025315
s1692_n403,403,68.56079404466502,0.26302729528535984,-0.3367245657568241,0.08436724565756824,0.9030899869919435,0.03970223325062035
s1693_n481,481,70.83160083160082,0.4303534303534304,-0.8646569646569644,0.3264033264033264,0.11539341870206957,0.0498960498960499
s1694_n515,515,73.90291262135923,0.49126213592233003,-1.0640776699029122,0.3262135922330097,0.6182066272785192,0.08155339805825243
s1695_n572,572,88.51398601398601,0.4230769230769231,-0.7811188811188812,0.291958041958042,0.03599765327151876,0.09090909090909091
s1696_n621,621,117.29468599033814,0.49597423510466987,-0.2196457326892109,0.34621578099838973,0.23363058016446317,0.033816425120772944
s1697_n687,687,91.39737991266375,0.30422125181950505,-0.7652110625909753,0.11353711790393013,0.06526673151259149,0.03056768558951965
s1698_n710,710,90.6338028169014,0.33098591549295775,-1.0061971830985919,0.29295774647887324,-0.29175645153501983,0.005633802816901408
s1699_n756,756,140.74074074074073,0.6256613756613756,-0.22962962962962963,0.3677248677248677,0.4210053127407311,0.037037037037037035
s1700_n347,347,88.6743515850144,0.32276657060518726,0.07867435158501457,0.17579250720461095,0.06908091914329909,0.04322766570605187
s1701_n384,384,88.984375,0.4088541666666667,-0.1799479166666667,0.2578125,0.12995953798335075,0.033854166666666664
s1702_n417,417,85.51558752997602,0.4220623501199041,-0.8570743405275778,0.31175059952038375,0.07918124604762482,0.07434052757793765
s1703_n464,464,76.50862068965519,0.1724137931034483,0.220043103448276,0.0,0.0,0.0
s1704_n536,536,69.34701492537313,0.3451492537313433,-0.6986940298507462,0.17537313432835822,0.3424226808222063,0.08582089552238806
s1705_n597,597,74.52261306532664,0.26800670016750416,0.09162479061976536,0.13400335008375208,0.8098656635608503,0.10385259631490787
s1706_n621,621,78.5990338164251,0.465378421900161,-0.6497584541062803,0.3462157809983897,0.09240951178138007,0.08373590982286634
s1707_n651,651,135.85253456221199,0.43471582181259605,-0.4036866359447008,0.11981566820276499,-0.08715017571890014,0.07066052227342551
s1708_n735,735,70.89795918367348,0.2707482993197279,-0.2745578231292517,0.12517006802721087,0.8346326063360917,0.06258503401360545
s1709_n756,756,56.23015873015873,0.1468253968253968,-0.908068783068783,0.35449735449735453,2.429752280002408,0.0
s1710_n318,318,90.88050314465409,0.4371069182389937,-0.12610062893081764,0.26415094339622647,0.12199435596151874,0.018867924528301886
s1711_n397,397,108.48866498740554,0.4433249370277079,-0.4811083123425691,0.181360201511335,0.5593080109070124,0.055415617128463476
s1712_n419,419,101.45584725536993,0.41527446300715987,-0.5997613365155137,0.37470167064439136,-0.194380044767991,0.08591885441527447
s1713_n478,478,46.40167364016736,0.3158995815899582,-1.1410041841004182,0.20083682008368203,0.017728766960431526,0.12133891213389122
s1714_n519,519,96.95568400770712,0.464354527938343,-0.6473988439306357,0.33333333333333337,0.09467713157576438,0.07707129094412332
s1715_n571,571,69.52714535901926,0.2819614711033275,-0.043782837127845864,0.17162872154115588,0.5496719218682742,0.1085814360770578
s1716_n623,623,66.93418940609952,0.3868378812199037,-0.5720706260032102,0.2375601926163724,0.46943442605337143,0.06260032102728731
s1717_n675,675,119.57037037037037,0.47851851851851857,-0.6072592592592595,0.3451851851851852,-0.0927540532368987,0.05037037037037037
s1718_n716,716,98.44972067039106,0.3226256983240223,-0.20377094972067042,0.0712290502793296,1.716003343634799,0.034916201117318434
s1719_n795,795,121.34591194968552,0.47924528301886793,-0.44805031446540877,0.22767295597484277,0.2589686506632698,0.04150943396226415
s1720_n335,335,110.02985074626865,0.5761194029850746,-0.3838805970149258,0.3611940298507463,0.31701810104811146,0.07462686567164178
s1721_n351,351,84.81481481481481,0.42735042735042744,-0.295156695156695,0.27350427350427353,0.2171281109437721,0.03988603988603989
s1722_n425,425,96.61176470588235,0.45411764705882346,-0.8336470588235299,0.3035294117647059,0.19551981089400722,0.08
s1723_n486,486,81.27572016460904,0.4218106995884774,-0.6020576131687241,0.294238683127572,1.0857121132065826,0.047325102880658436
s1724_n541,541,100.44362292051756,0.25508317929759705,0.6199630314232902,0.0036968576709796672,0.47712125471966244,0.06099815157116451
s1725_n559,559,100.08944543828264,0.481216457960644,-0.629159212880143,0.3416815742397138,0.17796726405443664,0.08586762075134168
s1726_n636,636,94.22955974842768,0.6116352201257862,-0.7507861635220126,0.43710691823899367,0.5829249808877013,0.06918238993710692
s1727_n692,692,56.43063583815029,0.2586705202312139,-0.49364161849710975,0.043352601156069356,-4.8216373327664354e-17,0.10404624277456648
s1728_n746,746,107.78820375335121,0.3431635388739946,0.10589812332439674,0.11394101876675602,0.2787536009528289,0.0
s1729_n798,798,63.045112781954884,0.19298245614035087,-0.4339598997493736,0.0,0.0,0.03132832080200501
s1730_n332,332,74.54819277108433,0.4457831325301204,-0.7903614457831328,0.286144578313253,0.26786163241132666,0.10240963855421688
s1731_n375,375,78.02666666666667,0.36,-0.1943999999999998,0.12533333333333332,0.16136800223497494,0.13066666666666665
s1732_n441,441,111.6326530612245,0.47845804988662133,-0.6666666666666666,0.3333333333333333,-0.040836253971405174,0.07482993197278912
s1733_n495,495,91.65656565656566,0.49898989898989893,-0.39555555555555516,0.3171717171717172,-0.049218022670181535,0.046464646464646465
s1734_n503,503,76.24254473161034,0.2882703777335984,0.10715705765407554,0.11332007952286283,0.2257790432447887,0.10337972166998012
s1735_n587,587,118.38160136286203,0.45826235093696766,-0.1238500851788755,0.31005110732538327,0.018885344160373813,0.02896081771720613
s1736_n644,644,99.56521739130434,0.6987577639751552,-0.6478260869565222,0.4782608695652174,1.0383449920762198,0.04192546583850931
s1737_n682,682,95.11730205278593,0.3782991202346041,-0.6461876832844573,0.18328445747800584,0.04792355231718281,0.07331378299120234
s1738_n727,727,105.92847317744155,0.4360385144429161,-0.5522696011004128,0.19257221458046767,0.18631042423736727,0.044016506189821177
s1739_n766,766,101.80156657963447,0.46866840731070497,-0.7913838120104435,0.3407310704960836,0.20519364075998833,0.053524804177545696
s1740_n348,348,91.4080459770115,0.40804597701149425,-0.13563218390804604,0.25,0.1679733688335018,0.04597701149425287
s1741_n371,371,110.16172506738545,0.32884097035040427,-0.9498652291105122,0.008086253369272238,-0.6020599913279624,0.05121293800539084
s1742_n423,423,123.52245862884159,0.4515366430260047,-0.38888888888888895,0.29314420803782504,-0.3166350689945573,0.09692671394799054
s1743_n468,468,83.65384615384616,0.2991452991452992,-0.5444444444444445,0.11324786324786326,0.2775488998144584,0.038461538461538464
s1744_n526,526,102.52851711026616,0.4011406844106464,-0.5882129277566539,0.2585551330798479,-0.12677507964829723,0.0779467680608365
s1745_n570,570,115.45614035087719,0.5614035087719299,-0.5380701754385966,0.4263157894736842,0.11049530871602692,0.10175438596491228
s1746_n649,649,108.5362095531587,0.7334360554699537,-0.7053929121725732,0.4776579352850539,0.7846821175426013,0.02773497688751926
s1747_n663,663,112.23227752639518,0.6591251885369533,-0.5280542986425341,0.38009049773755654,0.11001305867840444,0.048265460030165915
s1748_n746,746,112.3994638069705,0.33378016085790885,-0.3164879356568365,0.13002680965147453,0.28143443960060044,0.002680965147453083
s1749_n777,777,89.13770913770914,0.22779922779922784,-1.3424710424710424,0.007722007722007722,0.47712125471966244,0.014157014157014156
s1750_n330,330,102.78787878787878,0.5151515151515151,-0.563939393939394,0.36969696969696964,0.0984864012430115,0.1393939393939394
s1751_n392,392,91.5561224489796,0.3903061224489796,-0.8357142857142854,0.3112244897959184,-0.042061345000711334,0.0586734693877551
s1752_n401,401,94.18952618453864,0.43640897755610975,-0.10623441396508732,0.23940149625935161,0.10689423391465734,0.027431421446384042
s1753_n481,481,102.14137214137216,0.4594594594594595,-0.667983367983368,0.2598752598752599,0.06165690106409214,0.0893970893970894
s1754_n503,503,88.8469184890656,0.5228628230616301,-0.7085487077534789,0.3836978131212723,0.3010299956639812,0.121272365805169
s1755_n571,571,90.52539404553414,0.5288966725043782,-1.078984238178634,0.2732049036777583,0.26041214475571717,0.1330998248686515
s1756_n625,625,102.96000000000001,0.48799999999999993,-0.3174400000000001,0.288,0.12493873660829992,0.072
s1757_n672,672,64.375,0.19940476190476192,0.024851190476190554,0.03720238095238095,1.0969100130080565,0.023809523809523808
s1758_n709,709,121.59379407616359,0.5275035260930888,-0.45317348377997163,0.3286318758815232,0.05551732784983141,0.09167842031029619
s1759_n752,752,87.00797872340425,0.42287234042553185,-0.8006648936170211,0.42021276595744683,0.13771302464472882,0.061170212765957445
s1760_n341,341,91.0557184750733,0.3782991202346041,0.00557184750733114,0.22580645161290325,0.12173359673308846,0.03225806451612903
s1761_n370,370,95.08108108108108,0.44324324324324327,-0.48162162162162164,0.35945945945945945,0.09691001300805642,0.06756756756756757
s1762_n438,438,110.18264840182648,0.6438356164383561,-0.7269406392694063,0.42465753424657526,0.3505153587438994,0.1232876712328767
s1763_n462,462,90.36796536796537,0.6580086580086579,-0.8019480519480517,0.38961038961038963,0.276206411938949,0.07575757575757575
s1764_n523,523,64.47418738049713,0.3326959847036329,-0.32810707456978966,0.15296367112810708,0.5205869485007528,0.10325047801147227
s1765_n556,556,104.71223021582733,0.5341726618705036,-0.6519784172661869,0.3669064748201439,0.0931170239909174,0.08633093525179857
s1766_n623,623,74.78330658105938,0.2504012841091493,0.10224719101123597,0.12199036918138041,-0.08940041122931089,0.033707865168539325
s1767_n671,671,105.23099850968704,0.3248882265275709,-1.0274217585692995,0.010432190760059613,-0.09691001300805639,0.05663189269746646
s1768_n717,717,124.82566248256623,0.5132496513249651,-0.5347280334728035,0.35704323570432356,0.0067333826589683074,0.06555090655509066
s1769_n750,750,103.47999999999999,0.3173333333333333,-0.6082666666666667,0.20533333333333334,0.5548809136324931,0.04
s1770_n308,308,84.54545454545455,0.3896103896103896,0.05032467532467538,0.22077922077922077,0.15038585882077932,0.03571428571428571
s1771_n356,356,88.76404494382022,0.46067415730337086,-0.5081460674157302,0.31741573033707865,0.12934785551335498,0.11235955056179775
s1772_n400,400,85.45,0.27,-0.18925000000000008,0.049999999999999996,0.2430380486862945,0.0525
s1773_n491,491,93.70672097759673,0.43788187372708753,-0.6279022403258657,0.3136456211812627,0.13469857389745615,0.07128309572301425
s1774_n521,521,93.01343570057581,0.41842610364683297,-0.5128598848368521,0.3339731285988483,0.009870754026294249,0.08829174664107485
s1775_n575,575,64.66086956521738,0.21217391304347827,-0.5888695652173912,0.04869565217391304,-4.8216373327664354e-17,0.04347826086956522
s1776_n624,624,90.68910256410257,0.4951923076923077,-0.7693910256410256,0.3397435897435898,0.2590654941204451,0.08653846153846154
s1777_n668,668,112.67964071856287,0.37874251497005984,-0.4727544910179642,0.17514970059880242,0.4343692742987127,0.0014970059880239522
s1778_n725,725,83.07586206896552,0.3696551724137931,-0.9808275862068967,0.24137931034482754,-0.4418454943711192,0.1310344827586207
s1779_n784,784,73.41836734693878,0.2869897959183674,0.29081632653061235,0.11734693877551021,0.2872417111783479,0.04081632653061224
s1780_n320,320,91.1875,0.39687500000000003,-0.047812499999999925,0.2375,0.08940041122931085,0.034375
s1781_n358,358,83.40782122905028,0.5363128491620113,-0.5980446927374298,0.34078212290502796,0.14132915279646935,0.058659217877094966
s1782_n441,441,119.38775510204083,0.5510204081632653,-0.5346938775510206,0.3605442176870748,0.15817966974697903,0.09523809523809523
s1783_n495,495,86.8080808080808,0.6666666666666666,-1.1056565656565658,0.5131313131313131,0.6041836849578179,0.0404040404040404
s1784_n516,516,83.5077519379845,0.5251937984496124,-0.7715116279069769,0.3643410852713178,0.4710471070074692,0.06007751937984496
s1785_n564,564,61.08156028368794,0.09929078014184398,0.5368794326241135,0.0017730496453900709,-0.3010299956639812,0.05673758865248227
s1786_n610,610,111.40983606557377,0.43114754098360647,-0.7577049180327868,0.2180327868852459,0.5629078673658142,0.02295081967213115
s1787_n675,675,66.84444444444443,0.4888888888888889,-0.9333333333333333,0.30814814814814817,0.6419315033656546,0.06666666666666667
s1788_n706,706,125.87818696883852,0.37535410764872523,-0.02195467422096334,0.08640226628895184,0.4679778752797926,0.0113314447592068
s1789_n768,768,86.31510416666666,0.3125,-1.0893229166666667,0.037760416666666664,0.2596373105057561,0.07942708333333333
s1790_n312,312,86.66666666666666,0.4551282051282052,-0.2378205128205128,0.2692307692307692,0.08103325090921824,0.035256410256410256
s1791_n381,381,60.839895013123346,0.3307086614173228,-0.3538057742782154,0.14698162729658792,0.3123110060736703,0.11811023622047244
s1792_n410,410,98.14634146341463,0.4951219512195122,-0.2843902439024392,0.28536585365853656,0.12493873660829985,0.04390243902439025
s1793_n476,476,96.91176470588235,0.384453781512605,-0.526890756302521,0.2542016806722689,0.04948536307991817,0.07563025210084034
s1794_n503,503,91.86878727634195,0.5029821073558648,-0.7974155069582503,0.3061630218687873,-0.2885613551043832,0.03777335984095427
s1795_n596,596,115.87248322147651,0.36241610738255037,-0.6189597315436242,0.035234899328859065,0.6766936096248667,0.06711409395973154
s1796_n607,607,95.58484349258649,0.42174629324546953,-0.8855024711696868,0.24052718286655683,0.11809931207799448,0.09225700164744646
s1797_n653,653,91.1791730474732,0.3874425727411944,-0.450076569678407,0.2128637059724349,0.6059204121412005,0.07350689127105667
s1798_n747,747,64.88621151271754,0.47657295850066933,-1.5239625167336006,0.4752342704149933,1.5403294747908738,0.020080321285140562
s1799_n798,798,104.79949874686716,0.5100250626566416,-0.735463659147869,0.3383458646616541,0.07684003023272235,0.041353383458646614
s1800_n348,348,122.4425287356322,0.48275862068965525,-0.22643678160919545,0.31321839080459773,0.07058107428570728,0.08045977011494253
s1801_n378,378,89.6031746031746,0.3915343915343914,-0.15185185185185168,0.22486772486772486,0.09017663034908804,0.042328042328042326
s1802_n400,400,79.25,0.31749999999999995,-0.41700000000000026,0.2575,0.12493873660829992,0.0825
s1803_n468,468,106.30341880341881,0.47435897435897434,-0.44829059829059814,0.34401709401709396,-0.14521469258261152,0.1388888888888889
s1804_n529,529,114.10207939508506,0.6257088846880907,-0.5890359168241963,0.42911153119092627,0.1887722908147703,0.10586011342155009
s1805_n591,591,84.26395939086294,0.44331641285956,-0.7604060913705581,0.3164128595600677,0.18184358794477257,0.07952622673434856
s1806_n637,637,95.40031397174253,0.5651491365777079,-0.6748822605965463,0.37990580847723704,0.07135590853566819,0.028257456828885405
s1807_n693,693,120.47619047619045,0.468975468975469,-0.23708513708513726,0.1645021645021645,0.8988938723983355,0.030303030303030304
s1808_n722,722,111.05263157894738,0.3684210526315789,-0.4691135734072023,0.11495844875346259,-0.26324143477458134,0.03462603878116344
s1809_n765,765,72.16993464052288,0.3934640522875817,-0.6852287581699347,0.27058823529411763,0.46884872875367256,0.06928104575163399
s1810_n317,317,100.5993690851735,0.5047318611987381,-0.3675078864353313,0.3722397476340694,0.07255066714861176,0.08832807570977919
s1811_n378,378,84.94708994708994,0.37830687830687826,-0.49550264550264556,0.28835978835978837,0.182622126214639,0.08994708994708994
s1812_n421,421,105.36817102137765,0.503562945368171,-0.844418052256532,0.32779097387173395,0.04968778418910748,0.06888361045130642
s1813_n458,458,98.82096069868996,0.5414847161572053,-0.8222707423580786,0.3406113537117904,0.27247453521092835,0.08078602620087336
s1814_n538,538,89.16356877323419,0.395910780669145,-0.8312267657992567,0.24349442379182154,-0.03266911675336809,0.10594795539033457
s1815_n590,590,91.20338983050846,0.44237288135593217,-0.6638983050847458,0.34406779661016945,0.15850608425456836,0.06271186440677966
s1816_n615,615,76.63414634146342,0.22601626016260162,-0.3302439024390243,0.030894308943089432,0.505149978319906,0.00975609756097561
s1817_n662,662,91.97885196374621,0.33534743202416917,-1.2602719033232632,0.012084592145015106,0.0,0.10120845921450151
s1818_n710,710,106.56338028169014,0.31126760563380285,-0.6783098591549297,0.18309859154929578,-0.1597008428675119,0.004225352112676056
s1819_n773,773,99.99999999999999,0.3117723156532988,-0.8848641655886157,0.03234152652005175,0.032184683371401145,0.05304010349288486
s1820_n346,346,109.62427745664738,0.4537572254335261,-0.12861271676300579,0.28034682080924855,0.06151803791921489,0.06358381502890173
s1821_n364,364,93.37912087912088,0.46153846153846156,-0.45412087912087906,0.32967032967032966,0.14368817262113898,0.07967032967032968
s1822_n425,425,103.48235294117649,0.3858823529411765,-0.6503529411764707,0.2658823529411765,-0.022663984635943813,0.07294117647058823
s1823_n471,471,111.27388535031848,0.44161358811040335,-0.14692144373673058,0.11464968152866242,0.7178553484963927,0.07218683651804671
s1824_n514,514,95.89494163424123,0.41634241245136183,-0.41984435797665387,0.13618677042801558,1.8512583487190752,0.06420233463035019
s1825_n594,594,98.45117845117845,0.42760942760942766,-0.11228956228956222,0.19191919191919193,0.10534318054491919,0.0707070707070707
s1826_n647,647,91.60741885625964,0.5131375579598145,-0.8377125193199382,0.3245749613601237,0.3936471122824024,0.06491499227202473
s1827_n683,683,42.89897510980967,0.1903367496339678,-1.5194729136163982,0.2781844802342606,2.2810333672477277,0.0
s1828_n741,741,32.577597840755736,0.13630229419703105,-0.7238866396761134,0.021592442645074223,0.5440680443502756,0.06612685560053981
s1829_n794,794,109.77329974811083,0.40806045340050373,-0.5521410579345091,0.21662468513853905,0.3823349353414616,0.003778337531486146
s1830_n349,349,91.60458452722064,0.48710601719197705,-0.5512893982808019,0.36676217765042984,0.12104369272477569,0.09169054441260746
s1831_n390,390,87.05128205128206,0.5230769230769231,-0.6084615384615386,0.36923076923076925,0.011899223299707785,0.028205128205128206
s1832_n429,429,106.66666666666669,0.5967365967365967,-0.7048951048951047,0.4242424242424242,0.19188552623891308,0.11188811188811187
s1833_n462,462,122.79220779220779,0.44805194805194803,-0.36038961038961026,0.2272727272727273,-0.1727115184043007,0.1038961038961039
s1834_n530,530,65.54716981132076,0.22264150943396224,-0.550377358490566,0.041509433962264156,9.64327466553287e-17,0.06981132075471698
s1835_n556,556,82.80575539568345,0.4550359712230216,-0.6149280575539569,0.30035971223021585,0.5085297189712866,0.08093525179856115
s1836_n647,647,112.11746522411129,0.3261205564142195,-0.15641421947449768,0.08346213292117464,1.0086001717619175,0.01854714064914992
s1837_n667,667,60.3448275862069,0.1424287856071964,-0.34527736131934045,0.0,0.0,0.008995502248875561
s1838_n704,704,78.23863636363636,0.5170454545454546,-0.6889204545454548,0.34232954545454547,-1.0714944173813339,0.005681818181818182
s1839_n762,762,83.83202099737534,0.2847769028871391,-1.09251968503937,0.05511811023622047,0.20091484278071337,0.07086614173228346
s1840_n315,315,99.1111111111111,0.4380952380952381,-0.02603174603174596,0.26666666666666666,0.16350213174766065,0.019047619047619046
s1841_n356,356,58.23033707865169,0.23595505617977527,-0.28567415730337065,0.16853932584269662,0.7700333601614642,0.03932584269662921
s1842_n401,401,96.05985037406484,0.40648379052369077,-0.5643391521197004,0.28927680798004984,0.029454979338275723,0.09226932668329177
s1843_n461,461,96.529284164859,0.3492407809110629,-0.9388286334056398,0.04772234273318872,-0.07255066714861173,0.09110629067245118
s1844_n517,517,81.00580270793036,0.46034816247582205,-0.48046421663442945,0.2746615087040619,0.28752752526033404,0.07930367504835589
s1845_n553,553,119.52983725135624,0.35443037974683544,-0.29493670886075973,0.12839059674502712,0.2571245099648995,0.023508137432188065
s1846_n619,619,95.10500807754443,0.6817447495961227,-1.0523424878836831,0.4878836833602585,-0.005714483524429346,0.022617124394184167
s1847_n677,677,75.84933530280651,0.4372230428360413,-0.739290989660266,0.3116691285081241,0.1948652599307627,0.103397341211226
s1848_n716,716,85.41899441340782,0.2723463687150838,0.6801675977653632,0.012569832402234637,1.0,0.08240223463687152
s1849_n785,785,85.29936305732484,0.46624203821656046,-0.6970700636942674,0.32101910828025476,0.2831972185289647,0.08662420382165606
s1850_n349,349,90.94555873925502,0.35816618911174786,0.023209169054441203,0.20916905444126077,0.15209098265191476,0.04297994269340974
s1851_n365,365,86.10958904109589,0.4027397260273972,-0.16273972602739734,0.2410958904109589,0.17609125905568124,0.057534246575342465
s1852_n444,444,81.5990990990991,0.29054054054054057,0.04144144144144135,0.09459459459459459,0.20091484278071337,0.07657657657657657
s1853_n465,465,106.47311827956989,0.535483870967742,-0.5296774193548387,0.3655913978494624,0.1426675035687315,0.1075268817204301
s1854_n518,518,79.3050193050193,0.3474903474903475,-0.5552123552123551,0.24903474903474904,-0.19551981089400725,0.08494208494208494
s1855_n551,551,109.70961887477313,0.7822141560798548,-0.7299455535390199,0.5009074410163339,0.6696394023113744,0.039927404718693285
s1856_n635,635,90.78740157480316,0.4992125984251969,-0.4253543307086615,0.3480314960629921,0.6472875312653392,0.03622047244094488
s1857_n686,686,62.74052478134111,0.2055393586005831,-0.857142857142857,0.033527696793002916,0.32735893438633035,0.046647230320699715
s1858_n705,705,96.1276595744681,0.6312056737588653,-0.49446808510638285,0.3900709219858156,0.5865478251497148,0.06950354609929078
s1859_n755,755,110.14569536423843,0.3960264900662252,-0.505298013245033,0.20264900662251653,0.3222192947339193,0.014569536423841059
s1860_n338,338,88.93491124260355,0.514792899408284,-0.32662721893491103,0.31065088757396453,0.12257200332919299,0.047337278106508875
s1861_n380,380,90.63157894736842,0.4631578947368421,-0.3260526315789472,0.2710526315789473,0.1760912590556813,0.05526315789473684
s1862_n437,437,83.20366132723112,0.5240274599542335,-1.1043478260869561,0.35240274599542337,0.554880913632493,0.07780320366132723
s1863_n486,486,113.5185185185185,0.6069958847736626,-0.5067901234567901,0.38477366255144035,0.3114120314577031,0.08641975308641975
s1864_n540,540,95.4074074074074,0.4981481481481481,-0.5738888888888889,0.34444444444444444,0.19737498023315586,0.1111111111111111
s1865_n553,553,115.33453887884268,0.5822784810126582,-0.46509945750452064,0.4050632911392405,0.13954769036691644,0.10849909584086799
s1866_n617,617,107.77957860615884,0.5040518638573744,-0.6758508914100487,0.3419773095623987,0.06947176466111686,0.10048622366288493
s1867_n674,674,121.79525222551928,0.6083086053412463,-0.3111275964391691,0.3916913946587537,0.42223444888731787,0.03412462908011869
s1868_n717,717,92.56624825662482,0.5216178521617852,-0.8249651324965132,0.41701534170153415,0.19056908242430412,0.05160390516039051
s1869_n795,795,109.15723270440252,0.539622641509434,-0.626540880503145,0.3371069182389937,0.14943906428424097,0.06918238993710692
s1870_n301,301,108.13953488372093,0.5880398671096346,-0.5624584717607976,0.4119601328903655,0.04139268515822508,0.09966777408637874
s1871_n389,389,106.5038560411311,0.5141388174807198,-0.502056555269923,0.3239074550128535,0.08167004645131955,0.11053984575835474
s1872_n436,436,98.85321100917432,0.39678899082568814,-0.611009174311927,0.2637614678899083,-0.15760785336166805,0.09174311926605505
s1873_n477,477,103.1027253668763,0.5953878406708595,-0.678197064989518,0.4025157232704403,0.191068415025334,0.1446540880503145
s1874_n517,517,104.02321083172146,0.36363636363636365,-0.28239845261121854,0.10831721470019343,0.4191293077419756,0.03288201160541586
s1875_n572,572,84.24825174825173,0.40034965034965037,-0.6470279720279721,0.31118881118881114,0.06769364189017099,0.09090909090909091
s1876_n611,611,93.42062193126023,0.33060556464811786,-0.6288052373158758,0.3387888707037643,0.30727894494098273,0.03927986906710311
s1877_n671,671,88.34575260804768,0.42622950819672134,-1.0649776453055142,0.27123695976154993,-0.17216096542724885,0.004470938897168405
s1878_n704,704,116.7755681818182,0.40482954545454547,-0.20411931818181817,0.09801136363636363,0.13566260200007307,0.03551136363636364
s1879_n788,788,113.26142131979695,0.4251269035532995,-0.6002538071065991,0.22842639593908629,0.18406018872695662,0.031725888324873094
s1880_n336,336,89.22619047619047,0.37500000000000006,-0.02351190476190479,0.22619047619047616,0.11197375944393226,0.03571428571428571
s1881_n380,380,96.21052631578948,0.368421052631579,0.0886842105263159,0.20526315789473684,0.13127891463931904,0.04473684210526316
s1882_n400,400,107.375,0.39000000000000007,0.007750000000000035,0.1575,0.17609125905568124,0.0175
s1883_n487,487,93.94250513347022,0.42505133470225875,-0.6055441478439424,0.3203285420944558,-0.010995384301463145,0.08213552361396304
s1884_n522,522,100.28735632183907,0.4348659003831418,-0.6867816091954021,0.3007662835249042,0.03826450009528262,0.07471264367816091
s1885_n586,586,78.44709897610922,0.27474402730375425,-0.7718430034129693,0.310580204778157,-0.8034571156484139,0.04948805460750853
s1886_n638,638,71.78683385579937,0.18495297805642635,-0.34482758620689663,0.012539184952978056,0.3679767852945943,0.006269592476489028
s1887_n676,676,89.14201183431952,0.6109467455621301,-0.800887573964497,0.3668639053254438,0.06963592814139448,0.07248520710059171
s1888_n718,718,102.70194986072423,0.46935933147632314,-0.07061281337047348,0.28690807799442897,0.2397603389250585,0.03064066852367688
s1889_n776,776,98.11855670103093,0.3530927835051546,-0.7068298969072164,0.17783505154639176,-0.024823583725032104,0.05412371134020619
s1890_n335,335,94.98507462686567,0.40298507462686567,0.05104477611940289,0.22388059701492538,0.10198953853733146,0.03582089552238806
s1891_n351,351,98.37606837606837,0.4358974358974359,-0.20085470085470097,0.29914529914529914,0.024359345859444784,0.045584045584045586
s1892_n422,422,72.77251184834122,0.31516587677725116,-0.9665876777251186,0.16824644549763035,0.1563472008599241,0.04028436018957346
s1893_n450,450,79.53333333333333,0.4377777777777778,-0.6886666666666668,0.3088888888888889,0.09275405323689871,0.05111111111111111
s1894_n523,523,113.7093690248566,0.47609942638623326,-0.4556405353728491,0.2447418738049713,-0.013363961557981542,0.11663479923518164
s1895_n556,556,94.47841726618704,0.44784172661870497,-0.21816546762589922,0.262589928057554,0.08241021617782329,0.05935251798561151
s1896_n603,603,113.49917081260365,0.472636815920398,-0.5827529021558873,0.3084577114427861,-0.009240656734912629,0.1044776119402985
s1897_n697,697,106.09756097560977,0.5796269727403157,-0.5341463414634147,0.40459110473457677,0.4935893691783501,0.05595408895265423
s1898_n707,707,81.88118811881188,0.4837340876944838,-0.9908062234794905,0.39745403111739747,0.058403016087319605,0.04384724186704385
s1899_n788,788,72.79187817258884,0.6116751269035533,-0.9248730964467005,0.46954314720812185,0.9974377832353997,0.03299492385786802
s1900_n309,309,101.81229773462783,0.4854368932038835,0.022006472491909346,0.26537216828478966,0.14612803567823793,0.022653721682847898
s1901_n375,375,101.54666666666668,0.4453333333333333,0.05226666666666657,0.23466666666666666,0.11650556907143723,0.032
s1902_n400,400,68.45,0.39249999999999996,-0.5492499999999999,0.2425,0.6243363860391146,0.0425
s1903_n489,489,85.39877300613496,0.49079754601227,-0.6398773006134968,0.3067484662576687,-0.2967511976847062,0.04294478527607362
s1904_n520,520,96.9423076923077,0.45,-0.9159615384615388,0.2153846153846154,0.07638834586345464,0.01730769230769231
s1905_n570,570,74.03508771929823,0.3473684210526316,-0.4017543859649123,0.2017543859649123,0.9030899869919436,0.07719298245614035
s1906_n628,628,96.17834394904459,0.48566878980891715,-0.35334394904458616,0.28821656050955413,0.04275198042094988,0.04617834394904459
s1907_n662,662,86.23867069486404,0.270392749244713,-0.4172205438066465,0.02719033232628399,0.0871501757189002,0.08006042296072508
s1908_n744,744,131.69354838709677,0.45564516129032256,-0.3834677419354837,0.1881720430107527,-0.18631042423736727,0.0913978494623656
s1909_n796,796,108.00251256281408,0.5351758793969849,-0.7187185929648242,0.3103015075376884,0.9923806031298079,0.02135678391959799
s1910_n322,322,97.45341614906833,0.5279503105590062,-0.21118012422360244,0.3354037267080745,0.15970084286751182,0.055900621118012424
s1911_n365,365,111.42465753424658,0.4767123287671233,-0.4210958904109589,0.32876712328767116,0.02848853781143744,0.09863013698630138
s1912_n402,402,87.2636815920398,0.5696517412935324,-0.7024875621890548,0.32835820895522383,0.09108046934733259,0.09203980099502487
s1913_n490,490,86.24489795918366,0.5040816326530613,-0.6312244897959179,0.3142857142857143,-0.04458213265274049,0.03469387755102041
s1914_n507,507,106.23274161735701,0.7159763313609468,-0.7015779092702167,0.47928994082840237,0.30635882916904816,0.04339250493096647
s1915_n556,556,80.2338129496403,0.5323741007194244,-0.7446043165467624,0.3633093525179856,0.35989665488480255,0.05035971223021583
s1916_n630,630,105.9047619047619,0.5047619047619046,-0.3034920634920635,0.2968253968253968,-0.10622777288869631,0.026984126984126985
s1917_n695,695,104.73381294964028,0.5223021582733813,-0.41568345323740996,0.34388489208633094,0.2875832719367349,0.033093525179856115
s1918_n734,734,89.40054495912806,0.27111716621253407,0.6058583106267028,0.07220708446866485,1.7323937598229686,0.04223433242506812
s1919_n769,769,81.61248374512353,0.39011703511053314,-0.7306892067620288,0.28348504551365405,0.07918124604762482,0.08712613784135241
s1920_n326,326,94.53987730061348,0.4754601226993865,-0.5530674846625767,0.3711656441717791,0.07788677569462601,0.06748466257668712
s1921_n390,390,53.05128205128206,0.21794871794871792,-0.3312820512820513,0.18717948717948718,0.6020599913279625,0.05641025641025641
s1922_n429,429,78.78787878787878,0.5174825174825175,-0.8610722610722614,0.33333333333333337,0.20120197963871228,0.046620046620046623
s1923_n479,479,89.51983298538623,0.6722338204592901,-1.0217118997912318,0.4384133611691023,1.6170003411208989,0.060542797494780795
s1924_n501,501,106.20758483033931,0.6087824351297405,-0.7171656686626748,0.44111776447105794,0.47452844414138295,0.061876247504990024
s1925_n590,590,93.79661016949152,0.4474576271186441,-0.5381355932203393,0.2847457627118644,0.06141430103065214,0.0847457627118644
s1926_n639,639,109.09233176838814,0.6619718309859156,-0.7790297339593115,0.4366197183098592,0.48748677019149617,0.09233176838810642
s1927_n698,698,114.22636103151862,0.39111747851002865,-0.5729226361031521,0.24498567335243554,-0.34315320156956225,0.07449856733524356
s1928_n704,704,100.1278409090909,0.4928977272727272,-0.7363636363636363,0.35227272727272724,0.06963592814139448,0.07528409090909091
s1929_n767,767,108.40938722294655,0.4667535853976532,-0.8245110821382006,0.3116036505867014,0.19418948114847745,0.04302477183833116
s1930_n316,316,104.30379746835443,0.5221518987341772,-0.378481012658228,0.33544303797468356,0.16272729749769974,0.06962025316455697
s1931_n385,385,119.01298701298701,0.5298701298701299,-0.5467532467532469,0.3948051948051948,0.13647665000205722,0.046753246753246755
s1932_n440,440,95.0,0.5431818181818182,-0.5036363636363638,0.3545454545454545,0.16694787961581148,0.031818181818181815
s1933_n470,470,101.17021276595743,0.5191489361702128,-0.5202127659574467,0.35744680851063826,0.17609125905568124,0.06595744680851064
s1934_n544,544,84.0625,0.48713235294117646,-0.533088235294118,0.25183823529411764,0.0563183630881206,0.10294117647058823
s1935_n593,593,102.74873524451937,0.3844856661045531,-0.4971332209106238,0.19392917369308602,0.1423128326777227,0.04047217537942665
s1936_n639,639,109.85915492957747,0.3114241001564945,-0.2266040688575901,0.051643192488262914,1.5314789170422551,0.03129890453834116
s1937_n696,696,88.7787356321839,0.3778735632183908,-0.7550287356321839,0.2385057471264368,-0.07255066714861179,0.07327586206896552
s1938_n749,749,107.24966622162884,0.4272363150867824,-0.8053404539385849,0.30707610146862485,0.11294992187312171,0.0026702269692923898
s1939_n782,782,83.65728900255753,0.3030690537084399,-1.1187979539641946,0.4322250639386189,-1.9242792860618816,0.08951406649616368
s1940_n309,309,77.02265372168284,0.2459546925566343,-0.39546925566343044,0.20388349514563106,0.04011722320798241,0.045307443365695796
s1941_n398,398,85.57788944723617,0.3768844221105528,-0.29346733668341723,0.24874371859296485,0.04303463222520185,0.07286432160804021
s1942_n441,441,86.28117913832199,0.5419501133786848,-0.5083900226757369,0.3242630385487528,0.3328773629159758,0.09297052154195011
s1943_n474,474,106.87763713080167,0.6371308016877636,-0.6571729957805907,0.4345991561181435,0.4771212547196624,0.04430379746835443
s1944_n527,527,90.62618595825427,0.4876660341555977,-0.36337760910815925,0.2827324478178368,-0.0982044833610552,0.08538899430740038
s1945_n551,551,111.65154264972776,0.40834845735027225,-0.762613430127042,0.22323049001814885,-0.020850138973120137,0.012704174228675136
s1946_n611,611,85.31914893617021,0.48936170212765967,-0.46153846153846173,0.309328968903437,0.04095860767890644,0.03273322422258593
s1947_n676,676,119.00887573964496,0.386094674556213,0.21908284023668625,0.2011834319526627,1.2108533653148932,0.014792899408284023
s1948_n712,712,114.48033707865166,0.46910112359550565,-0.5009831460674157,0.21769662921348315,-0.07208642928302428,0.06741573033707865
s1949_n764,764,43.18062827225131,0.17931937172774867,-0.8333769633507851,0.29057591623036655,1.1760912590556811,0.002617801047120419
s1950_n314,314,85.25477707006368,0.3375796178343949,-0.8531847133757964,0.10828025477707007,0.04830467957455504,0.06050955414012739
s1951_n361,361,93.18559556786704,0.3850415512465374,-0.6362880886426592,0.2548476454293629,0.05551732784983133,0.08033240997229918
s1952_n411,411,89.36739659367396,0.4793187347931874,-0.8335766423357661,0.3430656934306569,0.26951294421791633,0.0827250608272506
s1953_n450,450,107.22222222222221,0.4666666666666667,-0.7717777777777777,0.3311111111111111,0.07496476164646144,0.057777777777777775
s1954_n509,509,88.7426326129666,0.4695481335952849,-0.7005893909626721,0.32809430255402755,0.09806659020799864,0.14145383104125736
s1955_n574,574,92.8048780487805,0.5121951219512194,-0.6477351916376306,0.39198606271777,0.2310567514031801,0.08013937282229966
s1956_n648,648,87.62345679012347,0.28858024691358025,-0.15416666666666645,0.037037037037037035,1.3979400086720377,0.05709876543209876
s1957_n697,697,107.8622668579627,0.308464849354376,0.07890961262553817,0.1721664275466284,0.3280134853495747,0.018651362984218076
s1958_n713,713,47.166900420757365,0.07713884992987377,-0.05624123422159888,0.047685834502103785,0.9030899869919435,0.004207573632538569
s1959_n770,770,101.57142857142856,0.3675324675324675,-0.7263636363636361,0.15064935064935064,-0.27370686845274644,0.10259740259740259
s1960_n347,347,91.64265129682998,0.4755043227665706,-0.24610951008645515,0.2910662824207493,0.1972805581256193,0.051873198847262256
s1961_n374,374,92.13903743315507,0.35561497326203206,0.002139037433154911,0.21390374331550802,0.08501078970834869,0.04010695187165775
s1962_n449,449,68.44097995545657,0.28507795100222716,-0.7407572383073496,0.22271714922049,0.48855071650044424,0.05345211581291759
s1963_n458,458,107.09606986899564,0.48908296943231444,-0.23864628820960695,0.36026200873362446,0.1203911088575793,0.026200873362445413
s1964_n508,508,102.49999999999999,0.4586614173228346,-0.5722440944881888,0.2952755905511811,0.011429461780781898,0.08267716535433071
s1965_n565,565,107.16814159292036,0.5256637168141592,-0.5955752212389379,0.3946902654867257,0.042498229620915706,0.10442477876106195
s1966_n648,648,87.39197530864196,0.521604938271605,-0.9266975308641975,0.4537037037037038,0.2662678894047693,0.043209876543209874
s1967_n689,689,72.58345428156748,0.30043541364296084,-0.5275761973875183,0.16545718432510886,0.26227740667196453,0.10885341074020319
s1968_n708,708,44.47740112994351,0.1115819209039548,0.038983050847457595,0.0,0.0,0.05790960451977401
s1969_n765,765,91.63398692810458,0.2862745098039215,-0.8351633986928105,0.18169934640522878,-0.5322765196207176,0.040522875816993466
s1970_n332,332,99.36746987951805,0.4819277108433735,-0.2009036144578314,0.3042168674698795,0.1620805446128666,0.045180722891566265
s1971_n399,399,103.53383458646617,0.46365914786967416,-0.5087719298245617,0.3308270676691729,0.06494080693301461,0.08521303258145363
s1972_n438,438,115.06849315068493,0.49315068493150677,-0.4687214611872147,0.35159817351598166,-0.011136366117959567,0.0730593607305936
s1973_n482,482,80.53941908713692,0.504149377593361,-0.7678423236514524,0.3547717842323651,0.13667713987954408,0.15352697095435686
s1974_n501,501,97.24550898203591,0.4491017964071856,-0.634930139720559,0.313373253493014,0.13771302464472882,0.059880239520958084
s1975_n588,588,97.73809523809524,0.49149659863945583,-0.41088435374149646,0.336734693877551,0.10473535052001298,0.030612244897959183
s1976_n621,621,90.19323671497584,0.2914653784219001,-0.9436392914653784,0.3285024154589372,-1.7032913781186614,0.06602254428341385
s1977_n695,695,111.55395683453237,0.3985611510791367,-0.3366906474820145,0.1669064748201439,-0.13353890837021756,0.06618705035971223
s1978_n724,724,100.51104972375691,0.48204419889502764,-0.4052486187845305,0.32320441988950277,0.1486530107087416,0.06215469613259668
s1979_n779,779,67.48395378690628,0.13222079589216942,0.5302952503209242,0.030808729139922976,0.20411998265592474,0.03465982028241335
s1980_n317,317,85.83596214511041,0.6813880126182965,-1.2094637223974765,0.48895899053627767,0.3692948272225075,0.031545741324921134
s1981_n375,375,79.68,0.2853333333333334,-0.32613333333333355,0.08800000000000001,0.33881855655338095,0.04
s1982_n427,427,101.61592505854802,0.4519906323185012,-0.6707259953161593,0.2997658079625293,0.1900569151925051,0.05152224824355972
s1983_n498,498,99.97991967871485,0.3232931726907631,0.20562248995983945,0.0783132530120482,1.6020599913279625,0.040160642570281124
s1984_n525,525,65.61904761904762,0.43999999999999995,-0.8691428571428573,0.33333333333333337,0.6238571204228066,0.08761904761904762
s1985_n590,590,72.83050847457626,0.447457627118644,-1.023728813559322,0.2508474576271187,0.5667320289862194,0.0847457627118644
s1986_n623,623,84.28571428571429,0.5698234349919743,-0.6523274478330658,0.4462279293739968,0.47712125471966244,0.043338683788121994
s1987_n663,663,105.46003016591253,0.67420814479638,-0.6387631975867271,0.41779788838612364,0.609885328839919,0.07088989441930618
s1988_n706,706,127.05382436260622,0.5651558073654391,-0.4999999999999999,0.3356940509915014,0.2660524121084098,0.05524079320113315
s1989_n752,752,112.02127659574468,0.3670212765957447,-0.21263297872340448,0.08244680851063829,1.7993405494535817,0.03856382978723404
s1990_n320,320,106.99999999999999,0.51875,-0.08500000000000019,0.3,0.05324551195322505,0.018750000000000003
s1991_n396,396,77.55050505050505,0.3686868686868687,-0.39747474747474765,0.11868686868686869,0.01772876696043162,0.10606060606060606
s1992_n426,426,78.02816901408451,0.46948356807511743,-0.7375586854460093,0.32629107981220656,0.14296184074157237,0.14084507042253522
s1993_n498,498,91.84738955823293,0.4457831325301204,-0.7773092369477912,0.2751004016064257,0.14505702531571246,0.08433734939759036
s1994_n537,537,93.64990689013035,0.6052141527001862,-0.6612662942271881,0.39851024208566105,0.11323197707504964,0.08193668528864059
s1995_n569,569,60.57996485061512,0.34797891036906853,-0.5444639718804921,0.20210896309314585,1.0293837776852095,0.05799648506151143
s1996_n619,619,85.31502423263329,0.5347334410339257,-1.1369951534733445,0.3877221324717286,0.19713386179525874,0.12439418416801293
s1997_n653,653,96.03369065849924,0.4165390505359877,-0.6488514548238896,0.24042879019908114,0.0932243234310934,0.0765696784073507
s1998_n731,731,126.42954856361146,0.4733242134062928,-0.46388508891928887,0.2681258549931601,0.0,0.0533515731874145
s1999_n795,795,106.33962264150942,0.5459119496855346,-0.4430188679245285,0.33710691823899375,0.2866321749633387,0.1119496855345912
