protein_id,sequence_length,swi,tango_total,tango_aggregation_positions,net_charge_ph7,pI,iupred3_mean,iupred3_fraction_disordered,shannon_entropy,hydrophobic_patch_total_area,hydrophobic_patch_n_large,sap_total,scm_positive,scm_negative,radius_of_gyration
s1000_n310,310,0.7957780645161291,606.093,1397,-5.5087900817005675,6.001538276672362,0.3460057623779359,0.06451612903225806,3.6595582091197487,1217.9163578057921,3,2.55568968337207,53.06278793761584,-40.93375398145992,17.63495445251465
s1001_n376,376,0.7978212765957446,1045.84,2297,3.711334684583342,8.558645439147952,0.20372542797412263,0.0,3.9092884493539595,1861.1906669839796,4,3.741218375352688,67.8729114274712,-40.0644286258311,21.226974487304688
s1002_n442,442,0.8075744343891402,1117.38,1389,-59.91516052736259,4.339850425720216,0.5650509294760989,0.6018099547511312,3.7114466613421895,2741.6123614261483,5,7.239815803952408,27.347472992405063,-126.94285512915825,22.36787986755371
s1003_n480,480,0.8236247916666666,997.624,12,-145.1568693466146,4.0500284194946286,0.6168837798998116,0.8520833333333333,3.5541704013602646,2001.811473387683,2,3.6425245572050686,8.841104803811737,-187.90613102869577,21.99588394165039
s1004_n540,540,0.8123187037037037,559.626,1335,19.803870201582356,9.567124366760254,0.3285972909622442,0.06296296296296296,3.4930096807681768,3477.2930032141016,7,18.28155497488575,119.84390012827433,-46.221035902811565,25.30575180053711
s1005_n573,573,0.7892752181500874,670.292,264,-14.440371218926131,5.158502388000487,0.23856440351081595,0.1431064572425829,3.66293983800628,4327.5606607646205,4,13.631445484401533,62.60082060572952,-98.27806676051549,24.811260223388672
s1006_n610,610,0.772342131147541,1578.32,101,-11.580485713987912,6.054796409606933,0.12980210614049598,0.001639344262295082,3.7351170419579454,1345.5718121637506,2,5.232766777738739,40.45113351760783,-67.64238981113914,26.547882080078125
s1007_n660,660,0.7935542424242423,649.206,1318,-50.81964860286551,4.303985023498536,0.4619016494000398,0.18484848484848485,3.362862173382596,1881.88080345359,3,8.37512395602063,39.21847435124902,-88.64813004235644,26.81085205078125
s1008_n725,725,0.8004204137931035,1868.57,6689,-54.12165205534937,4.626262092590332,0.18061083611321926,0.0,3.6485280735145325,2160.3318789238797,0,4.62521698379647,66.51248939915915,-127.8392583364046,26.675466537475586
s1009_n776,776,0.769506443298969,1568.08,1287,-49.67660702436718,4.085950660705566,0.3305907064843425,0.06829896907216494,3.3077578296499084,2366.5043039897632,4,8.291605318385603,16.7821749109785,-51.035998240241646,26.84769630432129
s1010_n314,314,0.8009614649681528,522.886,1466,-21.114955675345428,4.666447257995605,0.483083663978944,0.4299363057324841,3.6371966232519557,1857.8279706161327,5,6.376783570887817,31.93717524310607,-54.83993997403882,18.159029006958008
s1011_n359,359,0.7864381615598885,656.021,599,-8.771216238137058,5.4742429733276365,0.3224659230947068,0.11142061281337047,3.995543945638737,3094.117461988675,7,10.509581909101765,37.03914750196659,-34.61084018835343,18.723918914794922
s1012_n424,424,0.7988099056603774,646.131,1361,-34.01572552387428,4.862655448913574,0.3736517169013355,0.1957547169811321,3.6683124537209726,1164.5715654511064,4,4.207077864694157,34.71997097133726,-88.83824260388252,20.12027359008789
s1013_n464,464,0.8090674568965517,975.057,2190,-25.173753153495767,4.885902595520019,0.22172476745511913,0.015086206896551725,3.6423433797955096,2123.6969068493986,2,7.207755114973791,54.82992555666155,-83.48442812077933,21.94020652770996
s1014_n513,513,0.7961489278752436,2520.39,2102,-94.29591475920095,4.0500284194946286,0.5754850494834759,0.7270955165692008,3.5669900500894207,4541.838849376553,13,25.10700747359609,4.47914918084883,-144.33905478620707,25.368961334228516
s1015_n587,587,0.791397444633731,854.562,4377,-29.89376917744221,5.13065128326416,0.2559279202466272,0.039182282793867124,3.6477378215988674,1571.4041815758223,4,5.332317954910788,60.168950028560474,-97.82217207754826,23.777250289916992
s1016_n609,609,0.7975495894909689,1534.24,6353,-10.729724040501665,5.6489660263061525,0.09471422270993553,0.0,3.4998819509743937,1844.6543823626107,3,4.011715774835814,91.0506369333012,-84.04509409161328,23.796001434326172
s1017_n677,677,0.7516592319054652,1020.81,2692,-1.9452599202212113,6.62966594696045,0.04570373987006677,0.0,2.52369505753134,2451.0373916751146,1,6.046275574677842,1.0324625157215632,-1.4333617644114682,25.802879333496094
s1018_n700,700,0.8061150000000001,939.384,42,-113.72071081066831,4.292617225646972,0.42902039954451515,0.2257142857142857,3.601630681029098,1056.4474121570065,2,1.616110713146004,43.508329537464434,-216.55900365780786,26.331533432006836
s1019_n793,793,0.8284055485498109,1055.3,1087,-281.22765625292004,4.0500284194946286,0.4160930749425411,0.24337957124842372,3.1241460434244277,2013.8824836429485,1,4.586539494378955,10.863476354524078,-389.2215855675387,26.492271423339844
s1020_n344,344,0.7921735465116279,1220.31,17,-1.092634746726148,6.556627845764161,0.29565640548736344,0.06395348837209303,3.890523755792361,2059.5433327171,4,5.407532832473088,46.86407218106711,-30.337127972140255,19.69886589050293
s1021_n390,390,0.775843076923077,1198.51,3333,-8.50801763084165,5.652887916564941,0.23323529461182838,0.0,3.937976693399822,2322.787195681312,11,9.444844185274812,33.9360392465377,-48.87751932520396,19.93398094177246
s1022_n434,434,0.7929467741935483,991.64,4016,-18.33104202818602,5.009697914123534,0.13281602332988043,0.0,3.622740891236827,1522.3805905111667,2,3.423172251679518,74.02910616080496,-80.62547684411615,22.19182777404785
s1023_n462,462,0.8015989177489178,599.918,3932,-58.350684498266105,4.147564125061035,0.39231564961071363,0.22510822510822512,3.6632674299296535,2698.0281439364653,4,11.30126057374083,69.28302464110259,-123.00120690995476,20.910709381103516
s1024_n539,539,0.8250781076066791,862.586,2930,-103.81157547443533,4.249135398864747,0.3851634564176079,0.23562152133580705,3.712877229654448,2223.0218083570276,2,2.8792604185780912,39.60766184673179,-175.54860967477052,25.344940185546875
s1025_n559,559,0.8152153846153847,1153.06,634,-5.3875922596568415,5.842559623718262,0.23982585544483,0.008944543828264758,3.639308593833421,1851.3900628264794,4,3.5693049057324355,112.17752529008044,-97.65177483057485,25.194366455078125
s1026_n631,631,0.7870904912836767,1170.66,1,-21.74579535907121,5.556318473815917,0.2524088360122207,0.05705229793977813,3.772596259831645,1594.8879352882602,2,2.942561538758257,59.1320113489816,-101.38601552963377,25.250812530517578
s1027_n699,699,0.7920118741058656,1976.14,2497,2.795862762764415,8.332103538513184,0.11557739971738437,0.0,3.1795072915238065,6283.798009300574,14,35.75794515986283,85.12478359658792,-52.93588401512369,25.9704532623291
s1028_n707,707,0.7737333804809052,1313.69,58,-32.27808045217546,4.456142997741699,0.43811688010008326,0.19377652050919378,3.1674351058590466,1058.2954786243286,1,1.6921868003526672,37.79352028393751,-67.27455896087585,26.440349578857422
s1029_n783,783,0.8017163473818646,2393.95,393,-25.47194239215223,4.0500284194946286,0.5157783606542248,0.5644955300127714,2.708424595281932,2982.6494206760603,6,17.112504501502478,2.4449175379895047,-44.61111320490708,26.910486221313477
s1030_n305,305,0.7900573770491803,349.547,338,-5.785520777857343,5.692049980163574,0.4215140054967231,0.11475409836065574,3.8026232406978693,2827.744709346081,10,7.829783703365146,24.213427415307216,-16.65975039386726,17.282705307006836
s1031_n364,364,0.7850461538461538,697.59,1714,-11.375217176101664,5.48686122894287,0.3303587985950991,0.1346153846153846,3.8519308359708666,2641.1769890321953,9,9.081066923679751,35.89446841076516,-38.93826356110841,18.497610092163086
s1032_n421,421,0.773021377672209,514.946,1777,-5.0013018860892124,5.624297904968262,0.2854254474829588,0.1021377672209026,3.4395398523785428,1736.7571064890349,2,7.14565365231272,13.842801024823157,-26.711432694399214,21.048803329467773
s1033_n460,460,0.8040969565217391,375.691,1173,6.080224794301799,10.749603462219238,0.2876648323985052,0.008695652173913044,3.0457330900850605,2054.5896341749535,5,5.472908902137055,87.08700959085115,-54.23597456624114,22.05337142944336
s1034_n545,545,0.791242752293578,584.447,3137,-5.366708090571663,6.103280067443847,0.38905436899419166,0.1669724770642202,3.4923185538406867,1874.0658942119817,3,9.986771509449138,64.51210708720637,-58.64711071166515,22.446332931518555
s1035_n581,581,0.8106285714285714,1054.34,272,-10.333512187474767,5.323562812805175,0.399420955930829,0.14457831325301204,3.6855830653080903,2084.149285449104,6,9.161822772904314,84.99011009372909,-74.1536062227796,23.70650291442871
s1036_n642,642,0.8097221183800623,1042.38,1584,-107.0691820392578,4.0500284194946286,0.5025363489216699,0.40965732087227413,3.3147382438304964,3468.544716171284,14,7.065455122441448,21.57765739304173,-175.28987131529686,24.33315086364746
s1037_n682,682,0.8159136363636363,2011.4,0,-41.15141540947882,4.0500284194946286,0.8381218185843996,1.0,2.922639311329312,834.0291108503956,1,0.6693512849795987,0.0,-66.76579543111741,24.945180892944336
s1038_n718,718,0.797684818941504,2520.69,2,-102.37690317462625,4.0500284194946286,0.7103870100829816,0.9930362116991643,3.3012616957909366,1384.0169903699805,1,3.194994875192938,11.406646851475104,-165.39272788154676,26.493223190307617
s1039_n794,794,0.7674250629722922,1072.42,7,3.4878184276783415,7.931045722961426,0.28784551159668137,0.011335012594458438,3.1788438880004604,2074.040676864367,6,4.429189320441765,45.3265409159974,-6.487368044716009,27.97176742553711
s1040_n323,323,0.7832934984520125,546.474,392,2.008639878454815,8.792149925231932,0.32529885071963616,0.11764705882352941,3.623938359153176,2111.1964056615934,6,7.71328265868925,48.19743050016417,-32.91662957577929,18.30662727355957
s1041_n398,398,0.7522231155778895,478.926,1349,-0.7949577651012927,6.696338081359863,0.11110735548786876,0.02512562814070352,3.006360962698235,1397.098884673533,4,5.820707928943094,6.60359181834426,-5.153374284311921,20.884822845458984
s1042_n440,440,0.8064020454545455,983.609,946,-70.40092127033913,4.172459602355956,0.47541936169328197,0.4090909090909091,3.6210449456838196,2967.3946122369753,6,6.517761870650579,17.545194153123465,-134.80865610027206,21.01287841796875
s1043_n457,457,0.7676636761487966,551.38,1954,-8.30744061861995,4.94643611907959,0.27307620071608135,0.03938730853391685,3.2876825713821685,1601.332974297055,3,6.004769872099849,26.961191167609975,-17.837330777571278,24.81951904296875
s1044_n534,534,0.789008988764045,1385.21,5619,31.78273731469787,9.577632713317868,0.07700644700768,0.0,3.2736182954783732,2240.978636231653,4,6.210400177067304,94.40543591715567,-29.423902120666117,23.012401580810547
s1045_n584,584,0.7937280821917809,1471.95,4660,-16.381423842894492,5.082053947448729,0.1407003300417046,0.0,3.399450880467633,2091.677083790204,1,3.652237010038535,58.93319954367452,-76.64952509289083,22.816781997680664
s1046_n640,640,0.77346703125,1231.43,5168,-4.241586742961154,6.494673347473144,0.17432512178618934,0.0171875,3.538124392951286,1283.9652252064886,1,2.070994798348548,26.7516541653871,-31.836026033925087,25.10375213623047
s1047_n672,672,0.7884227678571429,1746.01,1558,7.732312567983726,8.527249336242676,0.23383512833507356,0.0,3.886113372041713,4924.308245710967,22,13.851732997506547,164.2901272837273,-112.80669852552715,28.936426162719727
s1048_n717,717,0.8186970711297074,608.066,76,-197.02413581379258,4.0500284194946286,0.3817785820466081,0.2384937238493724,3.4388120565495037,3016.0627225572653,3,6.144757408219359,8.8960644817603,-280.31710501959907,24.882410049438477
s1049_n750,750,0.7682086666666668,963.451,447,37.78509069098703,10.431387519836424,0.31155776142028513,0.08,3.3361510670883363,662.5509969633648,0,2.9030045465276526,96.91433893363133,-31.355979838239815,27.20823860168457
s1050_n342,342,0.7975195906432748,851.578,698,-27.098777280512444,4.716010856628418,0.2350604998287184,0.0,3.874543952693391,1445.6672919257103,1,3.493511219194557,42.43830045483471,-82.96136714806072,18.7078857421875
s1051_n364,364,0.8383653846153847,759.049,693,-133.86212473139375,4.0500284194946286,0.6360540298764173,0.7197802197802198,3.316216551327909,843.2035124081112,2,1.1251858257384721,3.921489767144184,-227.2401700403878,19.3775691986084
s1052_n449,449,0.793403118040089,1090.25,1733,-16.768460107199843,5.050565147399902,0.43096808040229007,0.24053452115812918,3.5923198859731427,1736.0833890926774,3,5.611030790190783,53.8573055646048,-73.90508508539517,22.24604034423828
s1053_n469,469,0.8035980810234542,545.188,2609,3.345293367994117,9.465844535827639,0.41126249679928784,0.21108742004264391,3.2667000446621444,880.0372535836295,1,3.041646424308743,82.18484208724854,-51.9008456228112,22.08409309387207
s1054_n536,536,0.7857305970149254,1015.2,3524,23.53324980608543,9.445021247863771,0.43843059829431624,0.4123134328358209,3.6824506417773466,5123.815348600813,12,20.82000282358928,110.48844615424949,-45.22377032631994,29.759363174438477
s1055_n566,566,0.7707247349823322,990.23,1398,-13.751168901828215,4.9716157913208,0.28121838198185406,0.04946996466431095,3.6888447275803538,5012.480486782071,18,21.83109360560452,18.52842349205364,-28.906226839241675,23.554107666015625
s1056_n606,606,0.7845983498349837,3029.47,1373,-95.07835472615581,4.0500284194946286,0.5415951254670188,0.4636963696369637,3.4012717946496434,4871.443217422839,21,19.425571573194485,0.16586965253054411,-135.13623984964798,28.491207122802734
s1057_n697,697,0.8023235294117648,692.83,350,-64.46764834831443,4.635583686828612,0.5375001439299496,0.5494978479196556,3.5991722081740765,816.4038088526007,1,0.37123114643203514,61.645803100207246,-139.36194022955857,26.305274963378906
s1058_n700,700,0.7986867142857142,1930.58,628,-17.210490482852222,5.230176353454589,0.16958415551963008,0.0,3.5926647508002403,3323.579755918448,11,12.679151146092497,81.78542261799572,-82.2725786054438,25.728008270263672
s1059_n785,785,0.8245784713375796,595.137,190,-185.92894635173113,4.0500284194946286,0.7482024173919348,0.9439490445859873,3.125985873389054,5977.078481905474,18,30.740107942046855,0.6313896559477746,-296.038115422493,25.183319091796875
s1060_n305,305,0.8054898360655738,674.495,1081,-11.253934869857865,5.149464988708496,0.11830840337177535,0.0,3.5936671104767357,1641.303061576773,2,2.686103464519884,47.85607472093919,-50.02628175189625,17.80036735534668
s1061_n356,356,0.8082168539325844,737.753,2699,-29.275694746800674,4.667243003845214,0.18705263057349325,0.0,3.603316635530989,1414.9223465342434,2,3.199400261700036,28.620290158085353,-75.46562413073696,19.290983200073242
s1062_n411,411,0.8055335766423357,740.998,2097,-14.349801936554307,5.076426887512206,0.32136541996617785,0.0681265206812652,3.8052292837332278,1576.8358667613777,3,4.613374993955421,58.12026682529354,-69.50368828009194,20.662099838256836
s1063_n467,467,0.7988638115631691,1145.53,2130,-20.934980964730784,5.042607688903809,0.16740748442827116,0.0,3.866922170430282,2796.3284866050576,5,6.481324770123978,49.2704655415313,-74.01702024131714,21.39486312866211
s1064_n533,533,0.8059909943714823,1066.51,996,-95.87165988936052,4.0500284194946286,0.5075212897335267,0.5459662288930581,3.6937695125540735,3275.894343556801,7,12.32444828657345,22.9196251713948,-156.09029066069968,23.087528228759766
s1065_n590,590,0.7927333898305086,509.051,235,-33.42896169404496,4.742043113708497,0.14201693650052596,0.02711864406779661,3.6947755736268197,4391.295438074807,13,13.49178652157152,81.52447329261022,-111.68404734913744,24.504343032836914
s1066_n645,645,0.7833176744186046,198.369,1088,0.49534968264633883,8.137860298156738,0.3473921823264333,0.0,2.0905144481199947,12472.515008381997,18,82.04939898436677,1.6763500492271617,0.0,24.727495193481445
s1067_n657,657,0.7513911719939117,1998.17,5324,-39.679836901911386,4.0500284194946286,0.15140454686563629,0.0060882800608828,3.549170386606931,4388.444158372841,18,16.346790408385324,25.585812983161347,-73.126418070342,26.028547286987305
s1068_n742,742,0.8456494609164421,802.447,1789,-336.51239892107844,4.0500284194946286,0.6605985077874476,0.7560646900269542,2.87992816925601,1621.9767975779996,1,3.418049232008702,3.2190853241934203,-416.6297602933641,25.78980827331543
s1069_n752,752,0.7816453457446808,2015.77,7574,11.542315530853955,9.12796573638916,0.0920027095689985,0.0,2.8041965186510085,2038.6979878009242,4,2.9038746741628945,57.500131603707445,-33.603562193410504,25.071962356567383
s1070_n308,308,0.8004340909090909,623.748,1805,-17.907522814989512,4.9656476974487305,0.21847629316483863,0.02922077922077922,3.891357947913526,1423.0458880834328,3,3.10446982439172,35.42793305040861,-57.92472703764884,18.613880157470703
s1071_n365,365,0.8035471232876713,920.335,225,-26.31578220264219,4.943707847595214,0.402712875848138,0.16986301369863013,3.882566151344989,2413.9146464663786,4,6.23865963518605,47.99906157337604,-76.63061462912616,20.67620086669922
s1072_n423,423,0.7766286052009457,1091.43,811,-20.507275860624723,4.058724784851075,0.3230541946450668,0.0,3.2836150264965256,3192.640904238962,11,7.704447174704697,20.538056343039116,-14.845478931261788,20.770933151245117
s1073_n471,471,0.8000836518046708,456.65,761,-6.008037751890328,6.178705406188963,0.4164964059870293,0.1910828025477707,3.3794715462337517,1327.9686779649821,2,7.824604511296394,62.55322197015376,-50.996907415261575,21.521005630493164
s1074_n536,536,0.8030947761194029,691.872,527,-22.987525925386095,4.918243980407714,0.5912628050869869,0.7238805970149254,3.531695332454899,1516.4702330828668,4,8.148517927948257,62.26273751973163,-88.91798300138326,21.15088653564453
s1075_n590,590,0.8042969491525425,839.4,1086,1.496358683545341,9.524575233459473,0.5015670828346368,0.5508474576271186,2.5746027464905263,2884.0004932270367,7,10.390514254225188,4.682003402276502,0.0,24.250001907348633
s1076_n628,628,0.8156691082802547,845.457,68,-36.14477118115869,4.9641130447387685,0.29759788248917424,0.07961783439490445,3.3741988355655668,1073.9720734941882,2,1.43771992377467,94.6528190425137,-135.63066975116342,25.61196517944336
s1077_n650,650,0.7615193846153845,948.121,1841,4.763415695790952,9.100889015197755,0.1690074057818636,0.02923076923076923,2.7234313562854116,1416.8932598105698,1,5.3438636996801225,7.101372807638331,-2.5828407153582047,24.76862335205078
s1078_n709,709,0.7660132581100141,768.487,1503,-20.497899164011308,4.602787590026855,0.2820524037849895,0.10296191819464035,3.3822644492857328,2233.6694557107353,6,10.213059660047001,53.42481666702659,-51.59527290560024,28.490381240844727
s1079_n772,772,0.7759038860103629,1015.21,170,-16.6283913293409,5.94003849029541,0.322150594713625,0.02461139896373057,3.295744762821364,1273.8898367887127,4,2.311265916228202,57.55231431360131,-70.34917163495777,28.8603515625
s1080_n328,328,0.7760003048780487,1039.91,417,17.48959095777485,11.509556770324707,0.5842686912198014,0.8323170731707317,3.4894757906933207,1184.5762923331308,7,5.312730873072973,24.885637149750142,-1.8860201539384973,17.397056579589844
s1081_n377,377,0.7969108753315649,781.35,1445,-25.94574105011681,4.652578544616699,0.4041529436674853,0.21750663129973474,3.6753630347538837,1330.393276609181,2,5.2628418515617295,30.438978921914178,-59.948652693703956,19.52313804626465
s1082_n437,437,0.7790107551487413,1245.51,3497,-48.12731367339007,4.0500284194946286,0.41715466883740926,0.2288329519450801,3.5589565063443063,1571.8413404855048,2,4.66468579195783,15.025710431319839,-57.46645203585436,20.075403213500977
s1083_n450,450,0.8101342222222223,1125.41,706,-15.391992285684822,5.035673332214355,0.34446912969463744,0.09555555555555556,3.728897963676616,1623.063930712809,2,3.857389753758431,56.390488785983514,-72.86885913077447,20.679533004760742
s1084_n510,510,0.8011007843137253,1175.12,1624,-41.305989940015955,4.422266960144044,0.42604618730426064,0.2803921568627451,3.6758942066718143,2068.93462973521,6,9.262248903653681,36.208593727737025,-88.07959350340953,23.529640197753906
s1085_n564,564,0.7826773049645389,64.6636,419,0.5077470728619708,8.492952156066895,0.1670843549860169,0.0,2.0576709011093977,12721.6225039185,34,99.01454545717087,6.746420433067974,-4.327569785062494,21.221494674682617
s1086_n600,600,0.7956419999999998,419.412,101,-27.801066042698473,4.397712516784668,0.4045490019817535,0.32,3.0031459718294817,9843.837163653265,29,57.9608113518297,21.935308358853767,-42.09584915976393,23.221403121948242
s1087_n652,652,0.819189417177914,1464.43,610,-156.01595946283516,4.0500284194946286,0.6947007006411158,0.9233128834355828,3.5850946332431604,2365.756977856475,4,7.94402792136022,3.911688264940439,-251.09714040219683,24.75452995300293
s1088_n735,735,0.7998749659863945,803.77,1841,1.5947936446727482,8.02568531036377,0.38499227423131327,0.021768707482993196,3.296705905322085,2438.275425966687,2,15.71018952983918,111.78858097582304,-72.44982339094162,28.297142028808594
s1089_n778,778,0.7747398457583546,1558.9,1147,-19.428107440789915,4.57044620513916,0.28658467885762257,0.014138817480719794,3.566432478378354,9204.110365475117,26,23.795379236176462,31.640426215420117,-55.216112525665736,27.052335739135742
s1090_n333,333,0.8093261261261262,639.315,1261,-10.723573650789767,5.450882148742674,0.31176660631708514,0.06606606606606606,3.8894733802533055,2408.316977870235,5,7.233146152971696,46.116525324348075,-55.40284316374185,19.484127044677734
s1091_n397,397,0.8044193954659951,924.7,2974,-66.0468776896143,4.0500284194946286,0.41976639742971666,0.2972292191435768,3.591456710801374,1684.1630625222856,2,4.9156595241661885,16.418071922084476,-129.37010595090698,20.03169822692871
s1092_n442,442,0.8129576923076922,1281.53,581,-19.208312655394053,4.971161079406738,0.28560039150160554,0.03167420814479638,3.736211769271998,2540.267513807827,7,4.801744750086948,53.8423506608471,-75.54155099226622,20.9259090423584
s1093_n486,486,0.7533123456790124,1042.42,57,16.308099749427374,9.187276649475098,0.1149394922306701,0.0,3.3459345069326156,3019.846730587638,1,7.1384088262216805,41.6865110219889,-13.838694411307609,23.47514533996582
s1094_n524,524,0.8029433206106871,1443.42,1629,-5.127445878969127,5.791461372375489,0.2707105076499472,0.015267175572519083,3.5801189069653185,2807.293933065535,7,7.979574744754423,64.6002626991712,-61.69927298556591,23.070642471313477
s1095_n592,592,0.7908,1571.1,1283,-15.483086586223447,4.0500284194946286,0.5646238973610626,0.8344594594594594,3.3082820282615684,3211.5471225907327,7,14.009971724726881,9.73892344830465,-22.277839796623894,27.11861801147461
s1096_n618,618,0.7681247572815534,2127.75,6388,-24.53686965486224,4.0500284194946286,0.43666879928095775,0.2766990291262136,3.2056641978152163,5429.595631491285,20,21.30820358356363,1.0322533995357537,-36.71082335996624,29.324613571166992
s1097_n677,677,0.8141317577548005,888.031,958,-68.63992191398127,4.636663627624511,0.23179809476687452,0.05465288035450517,3.6343666414481133,2175.2266017468996,1,7.370029397340553,65.98991014984098,-141.31680917999176,25.07870101928711
s1098_n708,708,0.7919745762711862,305.293,5,-0.23989838581069733,5.525000190734862,0.35588209729059045,0.0014124293785310734,2.3670732673521853,12217.03675943613,35,78.75562301021257,0.0,0.0,24.553577423095703
s1099_n768,768,0.7932885416666666,1259.86,2582,-2.336143896475619,6.009779930114745,0.3013454631657944,0.061197916666666664,3.1811396418081603,2972.1600334835466,5,11.741295690729634,89.26608911035363,-64.93217754061759,28.38230323791504
s1100_n339,339,0.798461651917404,573.678,1453,-9.621104708323912,5.490953636169433,0.45971987969638795,0.31563421828908556,3.6082805401042704,2060.032140252451,4,7.453360416551299,44.31483009468169,-43.24096637581877,18.577327728271484
s1101_n380,380,0.7900018421052631,890.766,3294,-17.162624000955397,4.940013313293456,0.28428810226628365,0.02894736842105263,3.6781280206920814,1738.1070452352737,2,6.097370221114615,54.658167098856225,-66.96583021330716,21.382200241088867
s1102_n449,449,0.7864298440979954,957.785,1481,-19.526310086414625,5.069208335876463,0.21943254339919838,0.028953229398663696,3.989609373849833,2754.310843167334,7,10.288495419432934,42.29502378339809,-65.42030086521633,21.244117736816406
s1103_n486,486,0.8059946502057612,1324.67,379,-8.959401859803762,5.4863496780395495,0.34725041149067715,0.06790123456790123,3.4506211690315602,3340.229897762723,9,14.894259221586065,53.415394261526764,-46.05795659200655,23.273229598999023
s1104_n506,506,0.8160219367588933,512.836,1751,-64.44415264582341,4.532534599304199,0.36646141833376766,0.16403162055335968,3.4871905545209856,1264.5020384610862,1,3.075279333152971,42.744428061190156,-145.60735206519564,22.469970703125
s1105_n599,599,0.7805889816360602,713.019,56,-19.259598989182063,5.5297746658325195,0.4009979950299591,0.0,3.4341212280746407,1148.049017174658,2,0.3572571269753052,38.36751153055937,-28.883126511815547,27.8612117767334
s1106_n616,616,0.8076720779220781,1050.14,4802,-93.11971261256986,4.3975419998168945,0.14908961960319403,0.0,3.3435814731328315,1375.9975946210564,0,3.4939816128448165,46.42913385700257,-156.31238682261227,23.840221405029297
s1107_n694,694,0.7833481268011527,1722.49,1649,27.623783874563753,9.500335121154787,0.41660977268814114,0.13256484149855907,3.1442651558313237,5492.36159470592,19,20.403307643093523,69.80690289290479,-14.591751185677529,29.026512145996094
s1108_n746,746,0.8178296246648794,926.458,992,-247.08092584695595,4.0500284194946286,0.5671246796742941,0.5697050938337802,3.427595921910262,4794.563922285161,16,11.81646888818107,0.6413071936552082,-330.470813880882,26.331565856933594
s1109_n775,775,0.7809739354838708,744.359,322,-15.723837755698469,5.595935249328612,0.42643539125714963,0.22193548387096773,3.5983405609964945,4980.221037542724,7,19.07850843620222,25.554666810919077,-46.95192329954668,30.329055786132812
s1110_n318,318,0.7881940251572327,482.438,762,-26.270963120583176,4.523099327087402,0.09547919720140369,0.0031446540880503146,3.7434950514610392,1816.2141942783578,0,10.93254647998343,26.52307470495842,-51.57040578235058,18.217792510986328
s1111_n360,360,0.7731894444444445,1857.02,2087,-14.237436347825238,4.093282890319824,0.30148011958606563,0.0,3.6583847893665236,2713.0829913632024,10,6.804347152975944,19.606722281975344,-13.977164886974466,19.52952003479004
s1112_n415,415,0.7853142168674698,982.956,381,5.493132564968615,8.929016304016116,0.2738728750645834,0.007228915662650603,3.0353190586910013,3132.441203421207,11,10.77937304802462,34.36269576375586,-19.974676228382343,20.77496337890625
s1113_n464,464,0.8102008620689655,1214.24,781,-15.293717439960076,5.043687629699707,0.318215062257379,0.03879310344827586,3.410859485249739,1757.731670369138,4,5.146855387541285,51.56971536123304,-51.49592737170828,23.0124568939209
s1114_n507,507,0.7947240631163709,1848.51,562,-14.358824439666293,5.065741157531736,0.25202297983612887,0.005917159763313609,3.5862456098434774,2399.3341404145353,6,7.739471880378386,50.0545528251739,-56.68527104288806,22.574548721313477
s1115_n591,591,0.7992363790186126,1106.36,3312,-70.7211001566791,4.473763084411621,0.19062762561971167,0.01353637901861252,3.8295256232571826,2325.1060393492626,2,6.888931968392651,40.42267826178295,-150.23002549752215,23.842321395874023
s1116_n602,602,0.8033744186046512,954.992,91,-30.441547093859263,5.0179964065551745,0.3105426740475586,0.0664451827242525,3.788144053610579,5885.983821613747,20,21.93169891452025,33.75598618334475,-117.75391284167083,25.861764907836914
s1117_n659,659,0.7934341426403643,1504.19,2685,26.761521604153664,9.539789772033693,0.232894711241264,0.06828528072837632,3.2735180706278313,2071.186804698482,2,4.72996684608627,79.08398766608482,-28.90947632558045,24.28622817993164
s1118_n721,721,0.8053950069348129,1109.08,9615,-12.20626998450399,5.47077579498291,0.1486080421435274,0.013869625520110958,3.314449670301377,1623.4373531641727,0,3.7889968516501993,106.67806537440129,-100.3961091060037,26.91577911376953
s1119_n759,759,0.853744927536232,682.456,0,-313.3203850858675,4.0500284194946286,0.7367537137182791,0.9262187088274044,2.8770936802961464,2044.277950152349,0,2.7757210471119915,14.94057920613093,-420.818311581167,26.268932342529297
s1120_n312,312,0.7884208333333333,752.841,709,-3.1088068957677137,5.927761268615721,0.3757732402507604,0.08333333333333333,3.670086811778813,2190.431618894669,5,7.701793502821157,38.44008028731073,-29.450005515053228,18.639179229736328
s1121_n361,361,0.7860556786703603,681.164,1202,-12.389822961695636,5.445993995666503,0.3548110696942001,0.16897506925207756,3.964767693976534,2580.6539669667923,6,8.786378308208404,31.08013430874107,-41.70769054283793,19.179819107055664
s1122_n429,429,0.796269696969697,1269.77,600,-15.952267009711136,5.504367637634277,0.4512385707214232,0.31002331002331,3.8909976213718096,1535.7007365690688,3,6.8227730192970135,59.623437934119,-64.48058611693772,22.021617889404297
s1123_n482,482,0.7800273858921161,1068.86,2895,-12.494329116994145,4.085780143737793,0.3578358032859359,0.17842323651452283,3.43477204065186,4088.238629935622,8,18.24568640107764,9.9771611627382,-14.693155082503608,21.780216217041016
s1124_n523,523,0.7955730401529637,1676.96,235,-3.488332624294511,5.373978996276856,0.5196243321615154,0.6520076481835564,3.4665479863737243,2457.549503299273,7,8.29331749209929,40.05251784910265,-33.08934095760898,25.780961990356445
s1125_n575,575,0.8379878260869567,851.403,220,-221.76087405125034,4.0500284194946286,0.5696214949089703,0.68,3.082189257836709,1398.3841630408895,0,2.4658869142294306,5.142852621455374,-304.89521212885336,22.97710609436035
s1126_n603,603,0.7755628524046434,1007.0,663,-55.86944741810102,4.459155464172363,0.280394904220901,0.0,3.312420786931639,2982.284714097934,6,5.8669668137686175,21.349011416512337,-43.93395032051271,26.219263076782227
s1127_n691,691,0.7807564399421129,2060.72,2176,6.474883034854255,9.021850776672363,0.40686403429813167,0.21852387843704776,3.386830631717051,4753.125453543953,16,18.425074075376983,24.092483230207637,-13.7707678984987,26.94749641418457
s1128_n706,706,0.7811813031161473,976.486,27,6.749080369879415,8.612863349914551,0.39826843930728645,0.14305949008498584,3.328107878991669,1884.7830040381039,5,2.892238287910132,85.55862830068463,-46.94383583895039,27.835927963256836
s1129_n759,759,0.8067283267457181,1273.48,1528,-201.17706199643,4.0500284194946286,0.574933634113438,0.5111989459815547,3.4622136294298875,2062.436752772657,3,5.209507148441141,3.6039621649001914,-248.64203882037654,28.228525161743164
s1130_n323,323,0.793473374613003,559.895,732,-9.419437193113616,5.675225639343262,0.3789582292183247,0.13312693498452013,3.7033636483241614,1369.7014000131353,2,5.0300272691029315,40.5657416515303,-44.659121588224004,18.376893997192383
s1131_n399,399,0.7981172932330827,1011.79,452,-19.462484057444065,4.276531791687013,0.5378930470585285,0.5363408521303258,3.4320035884384996,1482.1767415562251,4,5.850311085702848,15.357796020893577,-39.57392212870545,21.663333892822266
s1132_n417,417,0.8009769784172661,1120.15,1455,0.73622097869805,7.526130485534669,0.20319735317320864,0.0,3.281141530511898,2530.069825261606,6,6.773134581000725,64.81398410309549,-46.652643463093185,22.622573852539062
s1133_n469,469,0.7890567164179105,1355.4,82,-21.369340246016414,4.409478187561036,0.5223694012287047,0.5479744136460555,3.67376052081897,2880.5829878360296,11,9.768560802978925,20.768312692073497,-50.43071242997264,23.44875717163086
s1134_n513,513,0.8029820662768032,615.29,1173,-34.92716198734776,4.966443443298339,0.4966680484449502,0.47953216374269003,3.7829976860601437,1550.476855622737,3,4.416287252274083,48.19577683207375,-87.68391486490623,25.244117736816406
s1135_n572,572,0.7980522727272727,1582.37,2621,-34.88628244730036,4.785865974426269,0.23182506848814616,0.02972027972027972,3.9492408725037786,2730.963151441745,3,10.10477360597389,57.63309069676643,-107.67817523493552,24.42959213256836
s1136_n642,642,0.7655797507788162,1597.44,970,-19.97806776999837,5.973402976989747,0.14969913164872548,0.07165109034267912,3.8015869960461166,3947.6501927915415,6,10.629532056871087,52.35533172880721,-70.28020438283588,26.099180221557617
s1137_n663,663,0.8304512820512823,1096.21,995,-247.79622023046798,4.0500284194946286,0.4126556364533235,0.2895927601809955,2.975395071269414,1705.7808036427161,1,2.394526298482533,4.274963225942038,-355.24992607992397,25.670846939086914
s1138_n735,735,0.8013428571428572,1438.13,751,-176.14580074133772,4.0500284194946286,0.4417629137251712,0.4231292517006803,3.7344248784168443,2037.7539461858769,1,5.404343620930765,6.777901324565304,-268.9639099740972,25.88642120361328
s1139_n766,766,0.7973314621409923,318.382,162,-0.4996453124586552,5.275022315979004,0.5706296803812405,0.9738903394255874,2.500890457627493,7706.722515222359,20,42.2403406421337,0.0,0.0,24.5134220123291
s1140_n316,316,0.8012721518987342,1014.27,1879,-13.906210044582181,5.02697696685791,0.43673448645391605,0.2468354430379747,3.883790357665232,2207.5509872110583,9,7.446078403532283,26.229925449436287,-39.07040106994449,17.998579025268555
s1141_n381,381,0.7480795275590552,794.862,1885,-2.5508723768311157,6.383268928527832,0.08073271524550879,0.0,3.149337125771071,1477.5594992816734,2,6.507642914187778,2.8626367704882787,-4.783242998736125,20.291250228881836
s1142_n401,401,0.8061548628428927,826.756,899,-25.769892301262857,4.957008171081542,0.14259941151559002,0.0,3.653321132903275,2096.690266529765,4,4.164669908073338,46.69793874866379,-80.89738271133567,20.536418914794922
s1143_n471,471,0.7899571125265392,364.911,0,-0.23989838581069733,5.525000190734862,0.6964789207473409,1.0,2.4637949007203774,3980.724358710183,18,21.41833974375152,0.0,0.0,20.708580017089844
s1144_n521,521,0.7935101727447217,1388.26,379,-22.17745075252995,4.9576333999633775,0.24738625177017112,0.019193857965451054,3.972824852713292,1698.461454624144,3,5.512790388861011,52.3509031133849,-75.61501523927826,22.03583526611328
s1145_n553,553,0.7900450271247741,705.298,4362,8.65372551735102,9.656477546691896,0.27499520294268737,0.048824593128390596,3.499931769874958,1288.0065761721514,1,5.0338611843312595,92.69951766990879,-69.63953054980273,23.816129684448242
s1146_n635,635,0.7837966929133859,902.187,914,52.47298574433731,9.902231025695798,0.31665994977578626,0.050393700787401574,3.6496487794928156,1483.6274140021078,4,3.451125513408535,189.83433052399653,-65.13625166000222,27.65523338317871
s1147_n654,654,0.7977594801223241,736.359,1583,-124.9788647820937,4.0500284194946286,0.42377684311674946,0.308868501529052,3.4884779834489974,2799.652641493402,3,11.942932685445157,14.252382547384759,-191.89433251123052,26.03292465209961
s1148_n737,737,0.788436906377205,1585.96,8211,3.5773222221706362,8.365175819396974,0.12948627090719977,0.009497964721845319,3.269406680580835,2191.8221833810935,3,4.4137789551996995,69.84860057590849,-67.90935227705484,25.04903793334961
s1149_n753,753,0.7750402390438248,901.596,1233,-20.6431133818814,5.726039695739748,0.29518589497432574,0.0,3.4194759637965726,3255.8077196177123,6,10.741437566175417,65.81806827809672,-59.15714952419631,29.25686264038086
s1150_n328,328,0.7878286585365853,538.154,92,-23.950315897442163,4.071513557434082,0.5294804558620879,0.5975609756097561,3.450047230653957,2287.5299361959387,9,8.365465803604883,3.8898268221018926,-28.219597965876844,18.880733489990234
s1151_n385,385,0.7983911688311689,716.13,89,-17.781930019861306,5.485156059265137,0.31326333961212993,0.005194805194805195,3.6984463770535663,2112.565039402714,3,5.946954586434716,49.02600497464251,-69.06834823659923,20.19807243347168
s1152_n434,434,0.7962592165898617,440.15,0,1.500334687741343,11.999967765808105,0.7124437091031077,1.0,2.24371227814167,1341.9714588008624,4,5.9611155607162605,3.726738039706234,0.0,20.428165435791016
s1153_n495,495,0.7533036363636364,1213.02,525,-17.32927697191224,5.28002414703369,0.051196945420810755,0.0,3.621489578534643,4192.762467438375,6,12.699673207080671,29.505251442162326,-34.48838393467002,23.41227912902832
s1154_n521,521,0.7878270633397313,1164.82,164,-3.491426754790785,5.011744117736816,0.32758663642317276,0.04030710172744722,2.8537474607336892,1846.887947837226,4,5.005835002005102,13.270953280975302,-11.943341041458332,24.03752326965332
s1155_n570,570,0.8141275438596492,878.445,2720,-82.16400217026758,4.40572681427002,0.16784754769095675,0.0,3.1270813107171684,2432.523178062116,0,4.513942020179381,39.70429248485211,-176.1150611193407,25.098102569580078
s1156_n628,628,0.7963246815286624,954.234,1259,-10.790895688363918,5.917700767517089,0.29871382687350545,0.01910828025477707,3.449563944040404,2469.0935481434863,4,11.960987765822031,92.1850221352228,-72.36943676665638,26.51778793334961
s1157_n675,675,0.8049331851851851,784.382,1534,-75.43433286574138,4.554303932189941,0.4567077671131257,0.30962962962962964,3.647559278609856,1083.3786967489343,0,0.8540722206108684,48.306068574332095,-158.70984437468172,26.874391555786133
s1158_n712,712,0.7856372191011236,1800.13,400,2.476959661244484,8.748504829406738,0.4545474129272609,0.3595505617977528,3.217123759187221,1357.5984998060428,2,4.358421289495771,10.993169077293027,-3.3720848284269294,24.964813232421875
s1159_n762,762,0.8018887139107612,1500.35,0,-104.58527100146276,4.0500284194946286,0.4622826377541521,0.16141732283464566,3.2878610771490067,769.0002507659229,2,0.26748216173026995,98.45865360290293,-194.5528025213472,28.26001739501953
s1160_n317,317,0.7893741324921136,650.157,2169,-5.731804638062258,5.825166893005371,0.29792086848869237,0.00946372239747634,3.589407044959284,2066.012291203306,5,8.276504139104679,37.26908368538716,-30.558632496427084,17.850069046020508
s1161_n384,384,0.80119765625,957.41,248,-18.38150730010269,4.821276664733887,0.38221659329348173,0.13541666666666666,3.829130414011188,2172.858101684358,6,8.050804141144178,59.60360564972358,-61.16036623425851,20.594331741333008
s1162_n449,449,0.8029000000000001,1128.14,2625,-29.27958829152064,4.819798851013183,0.13145056360595808,0.0,3.5482701228210747,1709.3496984389603,2,4.469026034252184,45.977413052539674,-84.9052250446907,21.18861198425293
s1163_n494,494,0.7914123481781377,1040.42,0,25.402336921307665,8.90580768585205,0.10663977866444259,0.0,3.6031353061728506,2424.846389867758,5,3.4779981294199427,120.02381343564451,-86.15635343219733,23.811128616333008
s1164_n509,509,0.8045931237721021,1237.74,1040,-31.194138066137945,4.7081102371215815,0.32610114967722864,0.09823182711198428,3.7353717571543275,2084.0014688489373,3,5.795694582889144,43.855847698857126,-88.53460692323044,21.095497131347656
s1165_n596,596,0.8057219798657719,1091.86,2771,-5.466811805428804,5.74360294342041,0.1792127830822559,0.028523489932885907,3.4458192046307494,1537.5995445503765,1,3.3256574028811827,105.43459628827767,-94.54857162537346,24.93416404724121
s1166_n624,624,0.7830040064102565,2038.07,1101,-21.123026640616686,5.115929985046387,0.11557336959279511,0.0,3.9226916100700975,3401.757490488497,6,12.380598470621734,57.194053824925916,-69.68364869959498,24.6136531829834
s1167_n659,659,0.8028851289833081,1436.99,3016,-57.81489398063475,4.680202293395996,0.21754742858691586,0.028831562974203338,3.7361742885035043,2932.6390976777434,5,9.420119238395369,57.62721032739759,-138.60150317436722,24.989824295043945
s1168_n722,722,0.8043630193905816,1737.25,1045,-59.38261216254803,4.50729808807373,0.36330020893515136,0.11772853185595568,3.7078409043522726,2849.7002108402758,9,12.569676887408061,54.28793143100639,-128.6239816651065,24.915977478027344
s1169_n797,797,0.8113521957340025,1434.7,6176,-119.10187658084384,4.3745222091674805,0.19539697587291918,0.018820577164366373,3.3506735437514927,1332.9273141297417,1,2.976245465107727,56.27612938676455,-233.28626704145063,27.58461570739746
s1170_n316,316,0.7977303797468355,747.352,937,-15.913508172451948,4.942116355895995,0.2354220895365704,0.0031645569620253164,3.9299161856654328,2794.1099725517265,7,7.032042863726165,31.05538407644045,-37.75692679598269,18.58383560180664
s1171_n383,383,0.8009407310704961,794.604,1218,-19.003791130831203,4.871294975280762,0.3156909800456424,0.09138381201044386,3.961954582206637,2408.0527456891336,7,7.363777354649229,39.835125019025625,-59.139642507439376,19.002212524414062
s1172_n443,443,0.8028573363431151,986.255,1488,-33.07761999728328,4.737723350524903,0.1827630543625844,0.0,3.644885287135781,1570.3233775254262,2,2.8524824146967958,44.87220750708284,-102.84268342418164,20.93915367126465
s1173_n487,487,0.8045767967145789,275.766,0,-48.150328887033375,4.0500284194946286,0.6993257249640852,1.0,2.3306467264227995,3734.9721252565837,10,21.684395029935445,0.0,-109.03581570936198,21.325651168823242
s1174_n509,509,0.7960068762278979,935.328,1301,-69.82133862582292,4.373783302307129,0.20421913291187221,0.003929273084479371,3.7498445372434133,1891.5020293970542,5,5.069889302257653,31.021912158882138,-131.48638311837857,21.92914390563965
s1175_n571,571,0.7782388791593696,2227.81,2922,-15.516393278096704,4.152224922180175,0.30267274329563665,0.0542907180385289,3.446280590899126,4445.880570854685,20,13.556514643153337,13.255032086587171,-10.403775947422083,22.921728134155273
s1176_n622,622,0.7901506430868167,1832.71,244,-7.4980487281561246,4.822697639465332,0.44255845331764093,0.2540192926045016,3.3283674647140686,3224.4944571274177,8,11.972662426605787,16.186401073954848,-24.89891742132722,23.59789276123047
s1177_n680,680,0.7941686764705883,1623.83,4138,-5.847750261402389,6.228155326843263,0.5778546060276742,0.6529411764705882,3.544015023241925,3326.082562087746,3,13.431652391878934,72.18057409401383,-54.190728870810865,24.54141616821289
s1178_n731,731,0.7821425444596443,106.582,163,-0.146234876252048,6.895899772644044,0.25383391596057525,0.0,2.2209071735604167,15474.915036258595,38,110.78185422300024,7.713605919820683,-4.57657566887682,22.825843811035156
s1179_n776,776,0.8198434278350515,2371.6,10,-218.07469343030115,4.0500284194946286,0.8009924368795369,1.0,3.3772690827148857,2251.9838456286716,6,6.712581183298556,0.0,-321.19143583215816,26.640945434570312
s1180_n308,308,0.7807873376623378,595.593,1255,-7.254295987207826,5.204769325256346,0.24379318683355183,0.07792207792207792,3.793474902830642,2802.049976760878,7,10.132934398023995,39.87275649897833,-41.83340711150111,18.807777404785156
s1181_n382,382,0.8088439790575916,831.389,96,-32.35883490877639,4.798995780944825,0.42490880753317944,0.24607329842931938,3.59632190914899,2267.5130143030506,4,4.66976005205479,38.802979583986854,-90.35421489328196,20.067806243896484
s1182_n420,420,0.7973295238095238,1247.14,2374,-16.174653148389837,5.151283836364745,0.1607265932480974,0.0,3.8342207315880077,2205.461596959689,6,4.979793002512695,63.53612036308835,-79.16179495463444,21.789531707763672
s1183_n489,489,0.8020652351738241,1654.4,1905,-16.020904556168176,5.206417655944824,0.25260533261039536,0.07566462167689161,3.9582707737592515,3816.232620330934,9,11.653850829502236,69.41990063055032,-69.91961187121846,22.06740951538086
s1184_n533,533,0.8155420262664165,812.953,693,-108.69849780735609,4.0500284194946286,0.34293512353560124,0.12195121951219512,3.4423013964744227,2282.084788530996,3,5.931946999442469,18.116791419173566,-200.86473635524055,23.067712783813477
s1185_n556,556,0.8067118705035972,1371.04,3216,-30.134645661361247,4.956553459167479,0.10137131488132631,0.0,3.4716976229056735,2439.9890840826015,3,4.368285613703571,68.48071320913368,-101.51626503791908,22.94664192199707
s1186_n616,616,0.8059649350649352,1367.39,3892,-47.26213303843731,4.701232719421386,0.16915890767332628,0.006493506493506494,3.588443855904495,2161.7306536324904,2,3.9557042031305554,64.07244261734152,-136.50292267480398,24.114452362060547
s1187_n693,693,0.7899294372294373,737.297,24,-21.34302057155189,4.854697990417479,0.49431514567889645,0.2813852813852814,3.6200858556454474,1359.9838216679073,1,1.5831387349413921,66.81650567742456,-67.10971606806322,27.716617584228516
s1188_n746,746,0.7421794906166219,4180.0,182,36.03123135933751,9.188179206848144,0.12645075082447874,0.0,3.3241515585604033,1100.8921547495743,0,2.5259840240008318,60.51963825749108,-30.438562593818673,27.669424057006836
s1189_n785,785,0.7838307006369427,997.963,110,23.898623661792726,9.926535606384277,0.4435700009452044,0.2484076433121019,3.5506119899159407,1695.4241302051657,2,1.7478215323998587,111.36907245143293,-33.331677507986846,26.92080307006836
s1190_n304,304,0.8059207236842106,559.006,2236,-9.23778610763943,5.221252632141112,0.2565291622052031,0.0,3.8054843412618697,1697.7981100084583,5,4.1370250357502245,46.540398438999915,-49.09123075674102,18.036945343017578
s1191_n367,367,0.7887324250681198,788.934,1615,-13.477549217045087,5.214090919494628,0.3141609910816911,0.08174386920980926,3.846139955874272,3744.012181966749,10,13.26040806061581,32.320852086822775,-39.34525118903347,19.06572914123535
s1192_n438,438,0.815234703196347,538.131,1230,-72.9797144937447,4.186271476745605,0.3366341265055562,0.20319634703196346,3.6176960668830773,1865.2857236525665,2,7.427049682051133,29.028924770763737,-112.4506775348086,20.456602096557617
s1193_n470,470,0.811540425531915,1212.77,1039,-33.32638344079899,5.0043550491333,0.19310224969363732,0.0,3.6670365428282654,1232.6344114101055,2,3.2979290674384396,58.14238521327991,-100.88445943615345,21.46465492248535
s1194_n501,501,0.7922189620758483,1385.62,1853,-7.525603584513885,4.318081092834473,0.4971878528334181,0.5968063872255489,3.129394114869641,3051.05208991403,6,14.811413683256447,11.97924572954884,-8.197341854015006,23.017642974853516
s1195_n563,563,0.7954532859680286,483.37,1479,53.54061745722849,11.649388694763182,0.26760061908928745,0.007104795737122558,2.9805661517672264,591.9700185300745,1,2.6329256556936134,159.91440975786372,-56.769108212159715,23.016611099243164
s1196_n607,607,0.8052092257001646,268.722,52,-65.30807754109483,4.0500284194946286,0.5573198100999701,0.6112026359143328,2.6158882726591015,5872.724955374482,14,36.16031717477437,8.855459372043805,-123.3972326795778,23.97035789489746
s1197_n673,673,0.787312927191679,1166.86,144,42.04621913124038,9.73493556976318,0.2764528797801114,0.01188707280832095,3.6459481125150344,1182.700507571729,4,2.5984383308214136,165.0758357005791,-61.46757861072261,27.451688766479492
s1198_n745,745,0.7464711409395973,1438.96,5993,-2.9907535610081037,6.00136775970459,0.050544594604658315,0.0,2.6073393516418277,1694.356164344195,3,4.447859558297265,1.9580680715678274,-2.122716564190224,26.378524780273438
s1199_n772,772,0.8077313471502592,1235.53,364,-71.67926310808144,4.424085807800293,0.48520909553534347,0.3471502590673575,3.936005694530153,3207.9048552274476,10,10.666621825488875,69.4855548982753,-113.78987218858163,27.005756378173828
s1200_n334,334,0.8038535928143714,968.735,780,8.55665052098199,9.014823722839356,0.07811262566505497,0.0,3.160746695292255,1175.0191677274722,0,1.5987288728880358,67.00649822442605,-42.08207862283551,19.188671112060547
s1201_n355,355,0.7637842253521128,1888.84,1084,-18.236541987519885,4.0500284194946286,0.20902424248665233,0.0,3.431553044649523,4721.687994643506,20,16.396866586273823,3.2217397776344177,-10.688007173004168,18.719877243041992
s1202_n402,402,0.7988074626865671,820.497,672,-36.091824609465064,4.656614112854004,0.08670265816727614,0.0,3.506627489258713,1560.78291932328,3,3.733968096649425,36.335523804359475,-92.80379606861942,20.4298038482666
s1203_n478,478,0.8007096234309623,1053.61,509,-61.14187788752566,4.0500284194946286,0.5204933386300883,0.5230125523012552,3.735091473471013,2723.032506557462,8,6.246388895278017,22.049255135560543,-117.6516372298172,22.9042911529541
s1204_n500,500,0.8409152000000002,671.842,1958,-196.84239126719996,4.0500284194946286,0.5835490821705105,0.616,2.981035117653224,1357.9555829568858,1,3.5724216607127497,4.81271128228519,-278.86762265883357,23.126848220825195
s1205_n560,560,0.8063751785714286,1200.64,4581,-41.08193621836257,4.811386680603028,0.0862502917843427,0.0,3.2114913182257294,1557.5957881114102,2,4.536763545833436,52.26194686287924,-113.20948557495359,23.34160614013672
s1206_n627,627,0.7631355661881978,1353.4,19,22.06691887734734,8.756692314147951,0.09990841622819739,0.02073365231259968,3.374606024415867,3634.951260343461,5,7.584604246347639,109.21937408702452,-46.66440557725114,26.698820114135742
s1207_n669,669,0.7991106128550075,971.315,0,-4.391834590735684,6.468243217468261,0.40723351855751794,0.06726457399103139,3.52867841946866,690.5761869561293,1,1.1218975157343105,102.77124094853241,-89.25898178056639,26.560646057128906
s1208_n706,706,0.7880096317280453,1711.94,1918,-26.586938767532317,4.147109413146972,0.3609110950120858,0.10906515580736544,3.2346557174529704,4500.934385628752,8,22.09798167325096,21.43463418430257,-36.03953231151257,26.07112693786621
s1209_n790,790,0.7602088607594938,2251.15,235,-16.123755532217288,5.52062358856201,0.2622089538513163,0.01139240506329114,3.4731819307852017,2599.401355182087,5,11.173288036074583,18.28404241737497,-39.26465424187172,28.987993240356445
s1210_n336,336,0.7922741071428573,598.554,1669,-13.57078001814103,5.224492454528807,0.42605496550707045,0.2976190476190476,3.8717999068499642,2035.1959637476941,5,7.047908095562655,33.90051492076552,-40.9434190692056,18.440099716186523
s1211_n395,395,0.8156898734177215,571.937,541,-91.14927287921488,4.0500284194946286,0.6634902997413245,0.8962025316455696,3.4401138636616118,2975.8750490559232,6,7.747011958308289,3.2939951607631945,-147.73382320403294,22.980308532714844
s1212_n423,423,0.791181087470449,1344.11,1276,-34.419860950159745,4.0500284194946286,0.5618004280857901,0.723404255319149,3.5249587508017375,1485.6872774124367,1,2.373303804215404,16.376917248645867,-47.89743789119588,19.597238540649414
s1213_n466,466,0.7555412017167383,1019.64,54,-30.103656182674502,4.526850700378417,0.08543211266597457,0.0,3.517186641436219,2648.6915676154977,3,6.392765629818105,7.220014543159567,-40.06862671247193,22.935346603393555
s1214_n530,530,0.7976135849056604,1324.1,5764,-30.003599370326327,4.8895971298217775,0.1191714200087528,0.0,3.757538507303367,1838.940809699691,1,4.94423192418516,48.44685037594881,-99.46469336975952,22.427743911743164
s1215_n557,557,0.796342908438061,840.234,9,-61.35082122246611,4.0500284194946286,0.30927590558196666,0.04129263913824058,3.3301473423198886,3376.992912600358,8,13.02714916177706,22.87008341710675,-139.662577434837,25.047954559326172
s1216_n602,602,0.803624750830565,1383.89,2265,-16.994086258245105,5.330099296569824,0.1515257877469931,0.0,3.6295645199761863,2277.069419240484,1,5.7170864042631155,79.28103014531932,-99.02387291420355,23.899030685424805
s1217_n682,682,0.837758651026393,634.313,763,-227.14417876572497,4.0500284194946286,0.6044839575577592,0.7067448680351907,3.1622600635080422,2303.2375634171467,1,7.9187107378650925,7.25753286441134,-316.3663109636779,25.732561111450195
s1218_n721,721,0.7820439667128988,1101.23,1,-63.08722536994669,4.449663352966309,0.39782986915194063,0.17059639389736478,3.6299012490522533,3760.3161478104457,6,5.00698307928464,17.05739113585149,-109.35367501124249,28.20029067993164
s1219_n762,762,0.8051129921259843,1996.33,2864,-50.57418017585371,4.817980003356933,0.2017301394408897,0.03412073490813648,3.801775577385024,3640.5493631858353,6,8.55327159100073,75.42927135700572,-137.306847955018,27.305038452148438
s1220_n336,336,0.7975205357142857,1039.76,456,-17.27746261523412,4.878684043884278,0.4370219211570646,0.25595238095238093,3.673021451289935,925.3636841456703,3,3.2863645976283937,55.56641336798837,-79.51422565336011,19.428712844848633
s1221_n394,394,0.7858725888324873,685.473,1028,-6.927592876756471,5.549725151062011,0.32528333477348925,0.15228426395939088,3.9234110588490294,4770.781479658887,18,15.479182810831052,43.960183068597466,-43.14507752042216,21.06406021118164
s1222_n414,414,0.7957922705314009,515.976,2403,-22.534732615986776,5.07500591278076,0.297012480040593,0.05555555555555555,3.4420263414176127,1231.752435100194,1,4.499575804783814,44.40179052776311,-73.36960011145116,20.226104736328125
s1223_n458,458,0.7574113537117905,1041.37,566,-18.588290767863825,4.468988609313963,0.08092304063737232,0.03056768558951965,3.536402541254847,5436.874229766137,20,15.456648490711851,27.452993053941427,-50.6618568583135,23.992839813232422
s1224_n503,503,0.7900244532803181,1568.22,1378,1.6302583270224105,8.174736213684085,0.23147070001306982,0.0,3.2393556436306605,3609.46111454971,10,15.290947919062047,49.60188677941302,-30.246014690160024,22.468149185180664
s1225_n570,570,0.8034543859649124,1249.0,444,-22.352819684730086,5.105642127990721,0.40945084598491044,0.2578947368421053,3.2764284199087546,2757.431173647178,4,9.213619518787702,51.405026739679805,-96.70271635678849,21.66246223449707
s1226_n612,612,0.7837519607843138,1350.19,2811,-18.27914320552169,5.405695152282715,0.18000998607465468,0.0,4.048182581287179,6644.557461016776,18,18.36071441162262,86.6871385762908,-98.8713004972766,25.995641708374023
s1227_n673,673,0.8202476968796436,1189.62,1727,-114.08872889011496,4.3231397628784185,0.2109238941851473,0.004457652303120356,3.2256042411152905,1726.6193491576535,1,3.0935191834711784,38.92878428549248,-197.39945426550162,24.881717681884766
s1228_n729,729,0.8043263374485597,1349.28,3857,-35.93239714825815,4.952745246887206,0.17621863971296092,0.010973936899862825,3.7381614021135707,2388.112185148084,4,7.10928776293923,91.95160833316686,-116.51579101642648,24.44248390197754
s1229_n756,756,0.7740189153439154,878.532,15,-27.675337699076692,5.162708473205565,0.44227068244927537,0.047619047619047616,3.0672717875745144,1209.4098491002792,5,2.4148757064137425,5.901114078998357,-27.119781107271134,30.3248348236084
s1230_n326,326,0.7929312883435582,683.55,1294,-29.851314574195563,4.555668067932129,0.3069353976134714,0.04294478527607362,3.844531642998293,2080.1442750085644,5,4.776800190449145,27.546161557176678,-59.3689612134956,18.953731536865234
s1231_n377,377,0.796216976127321,968.351,1648,-8.940682142571823,5.445766639709471,0.2078299182841852,0.042440318302387266,3.956284089834378,3345.4027000571177,9,12.100217767340517,59.00933730987431,-46.606972326002065,23.069759368896484
s1232_n439,439,0.7695462414578588,2074.23,1587,-27.485361943698283,4.0500284194946286,0.41039086449967627,0.13439635535307518,3.4004919346419213,3919.5920998818497,13,9.875962017485346,6.654388222855509,-15.243855782616913,19.941036224365234
s1233_n460,460,0.7999402173913044,1280.88,1389,-11.318808924861408,5.200392723083495,0.22791647939472517,0.015217391304347827,3.759269693941438,3437.831725258037,10,9.653325736378596,67.14433191723322,-62.98134121974686,22.011293411254883
s1234_n511,511,0.7986399217221135,1223.26,1012,2.6335423680183254,8.195817375183104,0.20702871989202046,0.0,3.4970942858516705,3306.9224397888843,7,10.13016741866879,71.32065981613388,-40.69506770740655,24.637508392333984
s1235_n588,588,0.8020799319727892,1230.57,2086,-5.443763236242987,5.399727058410644,0.31413876936554785,0.07312925170068027,3.1474728717342115,2338.3057558463174,4,6.786417696698722,51.3292335276941,-48.16800065935071,23.73578453063965
s1236_n619,619,0.7519234248788369,1035.42,1763,-5.905165814987831,5.454804039001464,0.0772652195634866,0.0,2.640896616518172,1455.5984911919172,3,5.532667026987358,3.3653830030108285,-3.399757971605368,24.31842613220215
s1237_n677,677,0.8264268833087149,1957.65,730,-131.345489984737,4.0500284194946286,0.717885605342371,0.9689807976366323,2.6157928490604934,2030.3464591738257,2,4.329012509745146,7.500276081454603,-166.32978814090137,24.789640426635742
s1238_n715,715,0.8026697902097902,1847.91,4615,-46.001887479606026,4.773247718811036,0.166056408115755,0.016783216783216783,3.559995462720347,2912.505821476325,4,5.525824851975353,65.89181771584661,-112.82776937944968,25.22420883178711
s1239_n781,781,0.7505236875800256,1794.61,280,-25.385024164284882,4.0500284194946286,0.09322318909661628,0.0,3.244403394097538,6473.147180968515,12,24.372882303480807,1.9389683894714036,-19.060179034573007,28.78499984741211
s1240_n341,341,0.7951888563049854,557.071,1241,-27.54722389882864,4.621999168395996,0.4397844470921652,0.34017595307917886,3.9086727766239475,1755.0927098818063,7,6.093643180932056,24.2502257369066,-59.210952764473895,18.872360229492188
s1241_n353,353,0.7959767705382437,1033.6,1760,-18.051190802373057,5.263142967224121,0.3734173026721795,0.18413597733711048,4.046997321893943,1744.5761067115207,6,6.030451195762847,35.389410167101815,-57.59327565017783,18.559892654418945
s1242_n441,441,0.8058077097505669,1220.33,42,-63.42528436513351,4.0500284194946286,0.6031157093587731,0.8117913832199547,3.6382744267504497,1367.3782418708706,3,4.648188396292162,14.464615040116279,-114.81291507609728,23.31095314025879
s1243_n497,497,0.7967507042253521,1508.99,3285,23.969329137396173,9.2379487991333,0.17919953021258486,0.018108651911468814,3.714387652061708,3386.21596932697,7,12.417760339416777,110.64100078238758,-36.31688252570141,22.699195861816406
s1244_n543,543,0.8053068139963168,1894.14,45,-16.220856617559647,5.13377742767334,0.19868070888010156,0.0,3.482027948970771,2760.127357264753,6,7.664240160173997,67.58925052910706,-76.13178815274473,23.790515899658203
s1245_n559,559,0.840681037567084,822.09,132,-191.67970782690915,4.0500284194946286,0.6783311047965235,0.8855098389982111,3.0603803629634267,1767.0504558965704,4,4.898077298996798,6.165419091658149,-279.4443642889096,23.547386169433594
s1246_n614,614,0.8047247557003259,1144.82,8145,-111.66203373968126,4.2553308486938475,0.12681330917985184,0.0,3.164775145422467,1144.3459543964061,2,2.492919646575969,28.933143332654275,-194.33678419652048,23.572755813598633
s1247_n664,664,0.808798343373494,1121.06,198,-34.01422384214608,4.927622413635253,0.2699064691249036,0.007530120481927711,3.554696589043844,3195.5113691644024,5,7.382959195405633,70.28221397000068,-107.4398673427367,27.182069778442383
s1248_n732,732,0.7657386612021858,1283.46,1065,-7.697522580459559,6.1239126205444325,0.32872044599521366,0.17896174863387979,3.291025353455223,2333.7682873522917,5,7.163749357378867,8.800452098173484,-15.249932483531289,26.86927604675293
s1249_n768,768,0.8436341145833334,663.686,1605,-284.28168548518926,4.0500284194946286,0.6550532618710375,0.73828125,2.9835155903030848,1527.3092784356897,1,3.5378862781540903,8.558065142310497,-376.32592223698373,25.522884368896484
s1250_n300,300,0.802164,678.725,791,-17.201857866115887,4.800189399719239,0.44972910097398244,0.4033333333333333,3.2388646210472025,1488.8662823978711,2,6.391127145688076,30.61046849505646,-47.167671392396116,18.249998092651367
s1251_n372,372,0.7999317204301076,1021.56,2747,-18.31961874242314,4.895963096618652,0.16412514158798727,0.0,3.7434843001780367,1702.2537242641536,2,4.148421338619726,47.60858172509602,-70.12459956875684,19.49930191040039
s1252_n419,419,0.8031782816229117,1226.91,715,1.666116653081879,8.211289787292483,0.2216215369812091,0.0,3.515609598888713,2261.283804728919,5,7.64771842804728,69.19638744881065,-44.024333787345114,21.483871459960938
s1253_n471,471,0.810527813163482,1118.12,2999,-27.220837870775313,4.892723274230956,0.17840610383157665,0.006369426751592357,3.6455302225343513,1773.3544821236678,1,4.709317467418619,53.48182884435054,-92.19650312000769,21.930774688720703
s1254_n500,500,0.8159502,1060.6,1265,-49.986847000773864,4.680202293395996,0.1822823967844383,0.006,3.311590136816407,1407.972407054881,2,2.1874895526296623,51.05860495468583,-126.39984004435587,22.894180297851562
s1255_n552,552,0.7914297101449276,1502.93,2475,120.3792349454375,10.169388008117675,0.13683273000707258,0.009057971014492754,3.471553600965657,2523.4484744341435,4,6.433990294861584,236.02490680799352,-9.219816358077892,22.55450439453125
s1256_n618,618,0.8052415857605179,1477.66,5209,-28.044913848037282,5.00253620147705,0.13239869212380265,0.006472491909385114,3.4745254986327185,2063.6324560642315,0,4.985092940342214,69.50366447635645,-99.3208569138201,24.3095760345459
s1257_n671,671,0.7697609538002981,2251.88,1704,-24.602791580310367,4.643484306335449,0.21086619396891193,0.08643815201192251,3.8008912195661186,3202.4359435040406,5,13.704073065069851,57.540287756572326,-55.00259313283813,25.408409118652344
s1258_n710,710,0.7777143661971833,1146.67,307,72.05968005274795,10.685392951965333,0.36052838650727836,0.04788732394366197,3.4091729855622175,1062.3294441304092,3,3.768536861565138,174.77845981813363,-9.135893461378771,28.280546188354492
s1259_n758,758,0.7841493403693931,1157.48,2478,14.123051944689962,10.793570899963381,0.4370894167411467,0.2678100263852243,3.5927795214331777,3919.9351315750864,12,10.625955800690983,106.67298000010479,-51.65210773744574,24.72662353515625
s1260_n329,329,0.7919197568389058,636.8,3341,-11.805104654169142,5.1633337020874,0.3002515310596963,0.07598784194528875,3.6491457647914713,2144.520924560473,7,8.152299900259898,39.432161237528184,-42.80315850201682,18.351152420043945
s1261_n368,368,0.7954375,507.97,1598,0.04635285010895984,7.011737632751465,0.4815724749152857,0.41032608695652173,3.574414983680175,2051.197561739839,4,7.143914020713644,48.92272678177821,-35.59449184603328,18.44361686706543
s1262_n445,445,0.7958029213483145,804.283,64,6.5895465470185215,8.387546348571778,0.48349230903505547,0.30786516853932583,3.9941017838087225,2198.255738358005,1,1.655225799185094,54.28922474815376,-46.26849935721215,24.847423553466797
s1263_n483,483,0.8205643892339544,837.393,3235,-139.88211966139124,4.0500284194946286,0.24310916320707013,0.12422360248447205,3.0629016720737208,1465.9822114660585,1,1.8130465908906122,12.55045631096242,-219.1400244829889,21.930273056030273
s1264_n549,549,0.782448451730419,1076.29,2732,10.720398058479546,8.968277549743654,0.16343838617376166,0.0,3.923493366493476,3733.7987144013846,7,9.908189925539443,119.81189827719382,-79.87510610079084,23.92371940612793
s1265_n584,584,0.8175133561643836,1274.29,615,-77.83799399076176,4.23162899017334,0.5122249729333395,0.523972602739726,3.5261713520918474,2777.6553305361117,3,5.919739777298561,40.28205361274284,-114.71133346378599,28.236820220947266
s1266_n620,620,0.8034653225806452,1520.73,2880,-26.168233570438417,4.928361320495604,0.21360576756080255,0.0,3.745501860689915,3065.8265825021113,3,4.021392393885644,90.04729993446664,-86.60699883349567,25.317739486694336
s1267_n653,653,0.7735290964777948,1204.41,55,-8.448854918990904,6.488080024719238,0.10780756602665387,0.0,3.6700466084177825,3743.2119876837833,7,7.732435083980094,57.620138039167,-27.834788053646122,27.837560653686523
s1268_n743,743,0.8020496635262448,255.158,61,-2.494024388512235,4.0500284194946286,0.40756273500457846,0.08882907133243607,2.1255534527279654,10163.60620472818,25,83.53876706459904,0.0,-3.6995195968702856,24.129013061523438
s1269_n754,754,0.8036720159151194,886.751,251,-126.57639655608347,4.0500284194946286,0.40801629096031344,0.2612732095490716,3.538181708349181,1410.3911710939362,1,1.7458819628466955,30.6175890945756,-208.55893062283576,27.300994873046875
s1270_n304,304,0.8033374999999999,457.968,1227,-10.873481624116657,5.190332221984861,0.5133831864592953,0.506578947368421,3.4410966320451655,1709.9184889450114,3,3.5843587372059234,42.169987164639416,-42.565463170841404,17.41899299621582
s1271_n378,378,0.8075129629629629,895.972,1501,1.6855771986319041,8.08280429840088,0.11704794920838014,0.0,3.284450776907189,1542.7616125359652,2,2.72719799864932,66.06788686320701,-49.928307358943904,20.40926170349121
s1272_n420,420,0.7883450000000001,999.18,2503,-18.1891694542378,5.00645809173584,0.0810112554753006,0.0,3.872753590930743,2250.1561228412934,1,5.539909489062547,41.5173868023436,-63.730213319256166,19.978025436401367
s1273_n456,456,0.8015633771929823,1189.04,1574,-1.46553720410283,5.937594413757325,0.3964199906597028,0.23903508771929824,3.5532403192790536,2712.878756350358,5,14.729839532499941,48.13923417493398,-37.99236201070539,21.287647247314453
s1274_n540,540,0.7452514814814815,995.969,3062,-1.1611998914370605,6.3674108505249025,0.04095314249636079,0.0,2.4702978839936645,2190.0380997495486,2,8.428175524857847,0.8464256184145121,-0.9043790409661572,23.61212730407715
s1275_n588,588,0.8337348639455782,301.791,910,-139.12433853177998,4.0500284194946286,0.7485590325114069,0.9540816326530612,2.9193593164411813,2660.2609860932857,7,12.883179023081707,0.0,-219.65122730413424,21.9693603515625
s1276_n619,619,0.8018583198707593,821.699,1275,2.47655740236406,8.857069587707517,0.49794011006016964,0.5638126009693053,2.454874067577903,1859.0912297135008,5,9.573208377293952,7.134095076979197,-0.8603799250662693,24.872652053833008
s1277_n675,675,0.786710962962963,1317.66,414,-1.6677927062263471,5.032319831848144,0.4162675862320065,0.17185185185185184,3.0596977333262387,1861.5101757460184,3,4.574328999148762,8.389207792652952,-6.081900177109308,24.608610153198242
s1278_n715,715,0.788783076923077,806.166,434,-8.329561716734446,6.188936424255371,0.46110396248386903,0.38181818181818183,3.6313300261674497,1335.7638192128438,4,1.7067065251484779,60.55604878881286,-36.637528573900894,27.3006534576416
s1279_n779,779,0.7901666238767651,584.637,422,-24.860402980348354,5.05710163116455,0.1804896918862178,0.07317073170731707,3.734358917872421,6186.698548153602,15,40.033460854752676,67.51973747349157,-100.23695697885181,27.344594955444336
s1280_n332,332,0.8004837349397591,490.241,797,0.8264434661051823,7.312756919860839,0.6001398197650887,0.6686746987951807,3.541981300493625,1169.9042532962126,1,5.578745066790578,42.24322177202639,-27.899294182992794,18.197093963623047
s1281_n383,383,0.7811597911227154,1928.69,1800,-21.497235035114034,4.0500284194946286,0.37232706232567886,0.09138381201044386,3.3618412510977422,3474.0088258183273,14,15.022463829332938,3.092765726315907,-16.819432268766807,19.801349639892578
s1282_n406,406,0.7741366995073891,765.362,552,-4.482878530602559,5.076711082458496,0.23769386708617676,0.0,3.489582962834036,2490.892686631876,10,8.177394558469606,32.5120156868302,-16.382575859197097,19.537517547607422
s1283_n483,483,0.8032656314699793,1551.75,547,-5.400953001826352,5.566322135925293,0.2300452852209347,0.010351966873706004,3.44506246562134,2465.4892660469563,3,6.237965183371849,56.32941134151737,-49.71762637717032,22.827178955078125
s1284_n548,548,0.7959080291970803,828.911,781,-38.24688374221559,4.751705741882325,0.423764068894902,0.3083941605839416,3.6626954021435867,2420.3449477714953,3,10.335063246406868,41.293822916663395,-95.03637368343144,22.95407485961914
s1285_n587,587,0.8029274275979557,1607.21,1,-114.35933294512085,4.0500284194946286,0.6414924324340049,0.9420783645655877,3.511198692591731,1961.508098807073,3,5.804221581640706,1.6407049301359342,-206.40265147326443,24.34748077392578
s1286_n606,606,0.768603300330033,1557.6,8370,22.467251804980453,9.679750633239745,0.07333845699661974,0.0,2.755111131746784,2473.0495509383154,3,4.415229198015427,44.666583735100176,-9.83338430232877,25.178203582763672
s1287_n679,679,0.778741973490427,1361.54,133,75.28897181152792,9.934723091125488,0.17841297528527394,0.0,3.5710549982038313,1158.8644097980546,2,3.5204740020206455,182.13122528074584,-24.748575275296524,25.548721313476562
s1288_n725,725,0.7994637241379311,1043.95,157,-51.207742414053286,4.823095512390137,0.3754360163015179,0.057931034482758624,3.6759002978843203,1601.831927601886,3,2.713344067865852,56.99171543916328,-101.92489641725305,27.25029754638672
s1289_n773,773,0.8336501940491592,303.294,1171,-196.9053242660774,4.0500284194946286,0.7993962717370158,0.9805950840879689,2.7161911583182388,3571.019767279886,7,24.52581805379003,30.395804873657276,-397.61575461395154,24.031429290771484
s1290_n328,328,0.8046161585365854,1059.36,3512,-43.31771585393578,4.31529598236084,0.25754996389102114,0.009146341463414634,3.6100811178010597,893.4938976939155,0,1.8148104418827136,27.90874641007022,-94.84774630038035,18.714948654174805
s1291_n381,381,0.7997955380577426,918.699,766,-12.248562414108662,5.170552253723143,0.13237539233665363,0.0,3.774064952526752,2305.0299658478343,5,6.514639001546005,52.49498584361889,-59.63382812054141,20.239259719848633
s1292_n440,440,0.79217,1118.27,3144,36.49810237529071,9.80043544769287,0.13245988991723998,0.0022727272727272726,3.0742052151027766,1247.7122792191033,0,2.1625930003056233,88.88239962836616,-17.458451030071352,20.725969314575195
s1293_n479,479,0.7819546972860124,2346.08,140,-3.5053426631223576,4.844353294372558,0.5490972426422914,0.7202505219206681,3.3650598318464358,2442.9036830997056,6,8.588893117369977,8.024376293344005,-10.690604630101365,23.51565170288086
s1294_n515,515,0.811087572815534,1250.41,783,-11.877920187124957,5.439912223815917,0.2998555915964747,0.005825242718446602,3.810419863294351,2309.4283069272383,5,6.374781890594153,76.19754322367586,-75.2136258270779,22.641597747802734
s1295_n556,556,0.8562086330935254,214.73,0,-137.7054081043908,4.318649482727051,0.6680567014294483,0.9046762589928058,2.5488049348068005,1256.920047295188,0,1.2202393751156475,31.339720029006294,-204.950412695035,24.764108657836914
s1296_n638,638,0.8134937304075235,1355.66,1400,-80.05051985798582,4.382707023620605,0.3590425047993492,0.13949843260188088,3.5983991881988704,2069.2119315814266,3,5.170415014358114,44.516914199249314,-156.04499776324258,25.559955596923828
s1297_n690,690,0.7648185507246377,2609.89,100,-7.83219080291374,4.733176231384278,0.3289269889484214,0.23043478260869565,3.522857723136401,1574.3263409606209,4,6.935159533722515,15.357001954663176,-13.990028005350219,28.05609130859375
s1298_n739,739,0.784807307171854,662.838,512,-13.390698406753657,5.0082201004028315,0.4897812197135462,0.41948579161028415,3.475165607611909,1838.9690436608828,3,4.697676338872523,55.30078635839154,-41.395578520874,28.003021240234375
s1299_n795,795,0.8168796226415095,623.65,4,-89.27587160737546,4.465407752990722,0.23341042973720894,0.09559748427672957,3.591350786595601,4072.7339240716565,17,17.68632872103237,70.94173695231297,-210.3322155125268,27.804946899414062
s1300_n349,349,0.781740687679083,824.364,1524,-11.604645526571037,5.295427513122559,0.30173664228228325,0.06303724928366762,3.9583917327800213,3119.310113131608,10,11.67843656323627,31.074638886981027,-34.706007731595776,18.787439346313477
s1301_n369,369,0.8391010840108402,908.674,528,-125.80091073279553,4.0500284194946286,0.7293605701710264,0.943089430894309,3.370711366872791,1534.7812336792454,2,1.644433994870568,4.952870175865746,-213.08884269587287,20.32814598083496
s1302_n447,447,0.7757046979865772,810.768,4175,-44.46836013611548,4.0500284194946286,0.29945919160406737,0.029082774049217,3.4966153710579255,2839.576960204345,10,10.459628360653463,8.58990651925941,-44.366106587210346,20.049304962158203
s1303_n476,476,0.7704514705882352,2892.37,2867,-27.468282088246674,4.0500284194946286,0.3542616895704029,0.008403361344537815,3.4570505072152606,3689.341578195123,13,10.95693262767098,9.212510915023822,-17.317945828649563,22.691457748413086
s1304_n507,507,0.7734712031558185,597.097,2008,-43.172516511321035,4.0500284194946286,0.3375556880205895,0.013806706114398421,3.2810353025772008,2469.059905028636,4,7.762767750358757,23.87120738511218,-59.536950330967265,27.576128005981445
s1305_n583,583,0.8261794168096055,1667.0,0,-66.32067010647856,4.0500284194946286,0.6588672803572235,0.9948542024013722,2.2216757596907235,1260.1389711303536,1,0.3599327108246108,1.6628963394790832,-67.61397281852672,23.530073165893555
s1306_n612,612,0.789121568627451,1229.28,12697,-29.312749262548223,4.932055854797362,0.04141181497631654,0.0,3.302156552722329,2631.014377122677,4,4.474874093774448,60.92508792564376,-111.32866769015874,24.136110305786133
s1307_n668,668,0.7959154191616765,1840.17,1558,-54.44780319661493,4.63723201751709,0.2972920996738278,0.05538922155688623,4.000822176132833,4183.805156330831,10,13.347093366782584,53.0972722953764,-122.22477394343423,25.547761917114258
s1308_n700,700,0.7914884285714286,704.85,6,-37.0750858714233,4.998045921325683,0.5477597103134701,0.7771428571428571,3.558037530807517,2019.1371068518538,5,3.865641567549625,50.76981966754897,-79.42216299462811,27.086475372314453
s1309_n768,768,0.7628981770833333,934.421,9037,-7.23040550176912,5.293267631530762,0.21904780232619067,0.09505208333333333,3.447496899033903,3592.1415546494577,9,15.978883529453576,55.8652714642419,-30.65390346189202,28.250696182250977
s1310_n316,316,0.8101765822784811,682.549,2071,-27.197529905250235,4.714135169982909,0.14243597069085503,0.0,3.432076552678298,1490.3446661173925,2,2.4433030861687914,34.074589802316424,-76.93428007857084,19.258607864379883
s1311_n394,394,0.7933406091370557,889.334,1059,21.823063986454862,9.321306419372558,0.11424409323931609,0.0,3.775295995283696,2930.3633145528565,8,11.00656032002426,89.57053949519522,-41.204381481347255,20.474411010742188
s1312_n409,409,0.7898188264058679,661.677,77,33.838096791328894,11.73094120025635,0.5029107670384949,0.48166259168704156,3.5770552861289437,1999.3701379595398,7,5.310767052768907,130.949471005429,-22.280161067076065,19.94437599182129
s1313_n483,483,0.784476397515528,685.791,565,23.365050969947525,11.268122673034668,0.5328701552130143,0.5942028985507246,3.532525389818749,1979.3848054023927,7,9.799532857012778,102.95694791900299,-23.0393793512958,20.518301010131836
s1314_n502,502,0.8271412350597609,786.049,643,-91.90099072687556,4.249078559875489,0.3246473407006339,0.06573705179282868,3.463287586304321,1456.609625499207,0,3.3412069228276375,42.47851751064446,-162.7283946829954,22.312091827392578
s1315_n557,557,0.8055660682226212,574.146,171,-33.951978188176454,4.908808708190917,0.519363603226609,0.6822262118491921,3.5446221734713275,952.3611562278694,1,0.6484502279239039,57.613815257810366,-97.13211229469313,26.795011520385742
s1316_n636,636,0.7707292452830189,2449.58,1038,0.44639863369528987,7.584447288513185,0.4316009615423023,0.15880503144654087,3.0362295445563743,5156.181933028228,22,25.541079972215947,0.6835551697188482,0.0,24.309598922729492
s1317_n679,679,0.7773194403534609,2992.98,1215,-6.248878464644655,5.025101280212403,0.32594828504213985,0.0,3.677054621008578,7064.636055144703,22,20.205908823805753,43.46631422768808,-31.01863770996443,27.971261978149414
s1318_n739,739,0.7986775372124493,857.335,50,-51.93947590336968,4.847934150695799,0.4935964436862344,0.29905277401894453,3.5446252478259113,478.68578932349226,1,0.4188241250447987,81.0519438370003,-134.1185944456251,30.25994110107422
s1319_n777,777,0.8018158301158301,1474.77,290,-42.28253231179043,5.439173316955566,0.49438874969932156,0.43243243243243246,3.818830414855173,2174.67618976393,4,7.13308962035733,69.6813595842003,-141.29054596874826,25.798959732055664
s1320_n342,342,0.7975599415204677,834.541,642,-14.091057762204478,5.074096488952636,0.24314172303924042,0.0,3.9240585886352344,2088.1213123898347,2,6.056668174947234,37.46853477233686,-55.930229821776635,19.592710494995117
s1321_n377,377,0.7915204244031829,851.81,1754,-5.595516700516079,5.956805992126465,0.2961348490558541,0.007957559681697613,4.0000463691992865,3695.7398945446866,10,9.705279393725924,40.48294213912091,-35.82462959364639,19.86044692993164
s1322_n419,419,0.7874584725536994,1938.77,353,-9.496314937769734,4.0500284194946286,0.5969326793121066,0.7613365155131265,3.2096555168383976,1437.3131576314324,5,4.7637196229147625,2.4782113556813083,-14.102522791976368,23.585113525390625
s1323_n490,490,0.8211438775510204,1109.31,13,-83.79090672009558,4.208552360534668,0.41901285478709865,0.22244897959183674,3.588709443513208,1574.0586593271978,3,4.258685446355709,20.1988905760435,-133.59458494215508,23.489057540893555
s1324_n533,533,0.7764864915572232,2928.94,2551,-35.42153050235174,4.168537712097168,0.2605187818747144,0.0,3.6186785117308515,7153.009446684228,19,25.511791764724038,24.93744437157052,-43.11587201729755,22.615182876586914
s1325_n559,559,0.7871874776386404,1899.15,1727,-26.361771862460547,4.244304084777832,0.4769059451818039,0.38461538461538464,3.3849201837353005,4119.603773238909,11,15.463210132204827,14.711410953186155,-51.5231001447486,27.619421005249023
s1326_n637,637,0.7997290423861853,1717.81,891,-21.668453269470007,5.177031898498535,0.2576387627445903,0.015698587127158554,3.503656549380514,4715.295975602361,11,23.4948248233259,57.93014000599053,-76.23385311029719,24.35526466369629
s1327_n698,698,0.772956446991404,1419.71,1425,-63.31976718659382,4.0500284194946286,0.32770161769111955,0.0,3.396186048558759,4282.542278137446,14,17.293526639120913,6.242637168797354,-87.37700161702722,28.231935501098633
s1328_n745,745,0.7672676510067113,845.967,2,-20.74489967545893,5.615601539611816,0.4569534614454377,0.14093959731543623,3.2386164329751934,1119.5723013642548,2,1.5449401086412486,17.255816116615915,-24.735498732907185,27.979013442993164
s1329_n753,753,0.7564754316069057,1331.09,2383,-7.862914525001965,5.382106971740723,0.1227551761110607,0.0,3.062282745821643,2117.528058653219,2,8.002470215529891,8.66713309328721,-8.696551584782073,27.564001083374023
s1330_n317,317,0.7964432176656152,715.619,551,-19.794278844186515,4.905625724792479,0.15584141989928993,0.0,3.8585314507013253,2490.4676376122957,8,9.7819831792062,28.781338676293803,-52.56930023586132,18.1168270111084
s1331_n383,383,0.8139535248041775,946.389,878,-33.01517596471886,4.6538290023803714,0.264711660811216,0.020887728459530026,3.6647961831177023,1754.0735835460848,5,4.385329592730502,49.603772024333935,-99.28048490536992,20.611364364624023
s1332_n405,405,0.801919012345679,1072.17,1357,-7.977740792938249,5.5620023727416985,0.19940160113762445,0.04691358024691358,3.8726044287812553,2172.0464645431407,2,5.307056683049333,56.67857627820257,-58.22798943937785,20.022132873535156
s1333_n468,468,0.8127903846153846,1000.97,1432,21.86416728939325,9.34999485015869,0.18110989670183222,0.019230769230769232,3.2256995176295877,1390.301233102956,1,2.2831440712029765,110.76857598479242,-48.271800631362055,21.947097778320312
s1334_n528,528,0.7973280303030303,1061.21,53,-57.242710671752974,4.63615207672119,0.3147276737105285,0.0946969696969697,3.745828684078074,1852.8450138286398,1,5.221715063990225,50.26363681773459,-114.82846540832588,25.49692726135254
s1335_n570,570,0.79493,1256.25,5139,-48.958764983704995,4.6405855178833,0.13085446002197001,0.0,3.727950655082104,2631.3259711891374,3,7.131681821280726,49.929752050981364,-112.63779371559723,22.742616653442383
s1336_n604,604,0.8099455298013245,1216.74,394,-134.82229904463676,4.0500284194946286,0.4058596951945202,0.24668874172185432,3.698525437350693,3164.760107072568,2,2.1097124679455503,1.8711716190690482,-217.497542571657,24.887372970581055
s1337_n683,683,0.8126491947291363,1582.14,2540,-68.04129464634893,4.496214485168457,0.37049564640143934,0.14641288433382138,3.451312809413964,2274.7092230258586,5,5.503173418706977,48.84439705891822,-147.34585037677107,26.956087112426758
s1338_n704,704,0.7806220170454545,1347.4,678,-18.15797106160727,5.399215507507324,0.4212972832250097,0.19460227272727273,3.854970518391507,3091.62002540755,6,8.562487508636286,46.68841204187036,-53.75836782389583,26.554248809814453
s1339_n793,793,0.7912459016393444,1551.03,2646,-24.371393679923017,5.350106620788575,0.25781590757626055,0.02269861286254729,3.6305317392100123,1843.7321820713191,1,4.29965537989605,109.84971079337308,-107.7629654596194,26.398500442504883
s1340_n340,340,0.7935582352941176,649.545,2047,-14.805300379312584,5.031410408020019,0.3299577116272277,0.1323529411764706,3.651368478129311,2276.6832314903395,6,8.003490532299773,32.36737117209137,-44.22039828699637,18.4365177154541
s1341_n385,385,0.801684155844156,852.47,1210,-14.784649858658447,5.197493934631347,0.24554284023956507,0.04415584415584416,3.9322264877485504,2155.5329411004896,2,6.931060351427002,53.67190963369629,-66.45723466368469,20.37167739868164
s1342_n434,434,0.8070716589861751,1347.09,2079,-38.55372767617136,4.679236030578613,0.31781233741716663,0.11059907834101383,3.9541202969500295,2296.113329959094,6,5.9885076861053035,47.1507642938816,-100.43690084829353,21.41727638244629
s1343_n460,460,0.8249706521739131,1004.81,1150,-166.06622302000187,4.0500284194946286,0.5118167813119228,0.4891304347826087,3.5757605085245907,3010.4090066686,14,4.716988190746802,4.386186895804891,-229.05915104051778,21.681865692138672
s1344_n527,527,0.8037146110056925,1102.93,4749,-17.092698418243458,5.210055351257323,0.15077551560358207,0.0,3.7411943968884955,2397.9203579399723,2,5.607194449249679,71.89029057423713,-79.4108851459935,22.322811126708984
s1345_n563,563,0.7929742451154529,553.963,204,-24.448340150170324,4.254421424865723,0.30838816442131994,0.0,3.202580599072852,2720.349903412839,21,11.99152986294328,25.005678719025287,-62.64906494689691,24.879940032958984
s1346_n630,630,0.7640069841269842,1015.93,0,10.779109395969485,9.171804237365723,0.3170214822135385,0.015873015873015872,3.113691070790191,739.8850134710586,0,9.491789421029855,109.96926378470505,-42.18011600924333,27.5002384185791
s1347_n667,667,0.8004607196401798,1465.45,6643,-37.200032474767156,4.844239616394042,0.11825983036368967,0.0,3.248861519026789,1738.8253231892188,1,5.2256670916686065,67.60364476295665,-118.99432481076147,26.648117065429688
s1348_n725,725,0.7723660689655173,2076.87,0,-16.49624717141019,6.098335075378416,0.3355977667026156,0.011034482758620689,3.3035939774625134,1833.6155132389447,1,0.29803538456447154,68.32852071437699,-56.135933464695,31.84285545349121
s1349_n793,793,0.8099059268600253,1574.52,2406,-66.02780460882124,4.7497163772583,0.23953651268809578,0.006305170239596469,3.640338440164429,2048.753016848417,2,3.792269698517263,97.5245232276462,-180.4662133365035,26.793800354003906
s1350_n316,316,0.7930439873417722,545.21,1405,-5.970106199089884,5.570585060119628,0.38882040384191063,0.16772151898734178,3.64038206257709,1851.162603298911,5,7.140320038210261,46.785414361501076,-37.696739628203304,17.83967399597168
s1351_n375,375,0.7904850666666666,744.156,1595,-14.556877263154064,5.139916038513182,0.38656415849730397,0.2,3.888561540967584,3488.693261896568,10,13.159319008962946,31.456288583387117,-47.08104649682792,19.304475784301758
s1352_n429,429,0.8011881118881119,1099.19,590,-22.28750362635642,4.730220603942871,0.32050541265791394,0.04895104895104895,3.4199885930290463,1775.105309348124,4,4.391711453670994,38.516719612789515,-64.05970657259162,21.216285705566406
s1353_n485,485,0.7587527835051546,1290.8,168,66.28145176862803,10.347191810607907,0.10487636314773337,0.0,3.7740607470341905,2393.715725181676,5,4.672064933070381,116.82198105101658,-14.896945600841043,23.78043556213379
s1354_n531,531,0.7992847457627119,1201.03,339,-33.07275388596359,4.843159675598144,0.202670284816986,0.0,3.836920064840819,1953.7241407745896,4,5.790512467144792,51.36343320412327,-99.63285616834997,22.72224998474121
s1355_n565,565,0.7908658407079646,1808.25,4155,-9.4250453055311,5.375513648986817,0.07917684620040798,0.0,3.608339211813421,3296.7604469323446,4,8.03334620074118,83.14694283873504,-90.16393609768006,23.952678680419922
s1356_n638,638,0.7807492163009405,1504.62,5497,19.56481347333571,9.475966072082521,0.1442885417949885,0.009404388714733543,3.008639353115241,2252.2907532292306,1,3.3177604578371924,52.01698148505331,-19.81772008531554,23.814300537109375
s1357_n657,657,0.7547913242009131,1170.74,1855,2.0545635547938783,7.920730781555176,0.09822990947194117,0.0,2.8092787812553626,1178.8080380438457,1,4.2251282282764,4.073271477361052,-2.1249031143723816,24.646791458129883
s1358_n736,736,0.7953669836956523,1011.12,1698,9.123089625515235,9.72339572906494,0.30816377121560334,0.06929347826086957,3.375317843568368,1676.5046920760235,5,6.368702209054602,131.64179294311882,-81.3352149151746,27.52318000793457
s1359_n764,764,0.8006642670157068,846.184,891,-22.221209973400235,5.0341386795043945,0.4572278187410125,0.1649214659685864,3.4315798034862217,881.079841495352,1,1.60263727466828,99.43574775926606,-104.05496042501352,27.563209533691406
s1360_n317,317,0.7871624605678234,507.721,1394,-6.788704928927729,5.6415201187133786,0.31030968627243705,0.06309148264984227,3.835387622058624,2910.28793542909,9,11.167124387272521,32.852872968592784,-30.815571697637484,18.457162857055664
s1361_n359,359,0.8035150417827298,617.498,844,-46.98801229791697,4.343999671936037,0.3388249723498414,0.15041782729805014,3.782623479260918,2530.207992107198,6,7.713990140531025,18.873315777829237,-91.75351820285431,19.0106258392334
s1362_n425,425,0.8187849411764705,1133.46,481,-31.344675571222346,4.68707981109619,0.34521565511174085,0.13411764705882354,3.5078295450228625,1106.1240260607904,2,4.327215802937249,41.74853278056403,-73.52681475605232,20.66901397705078
s1363_n495,495,0.8195662626262626,1166.33,2730,-94.7240169309724,4.2290143966674805,0.38723984673293127,0.2505050505050505,3.6530087333113133,1582.94718653168,4,2.42689797774553,31.523047668980556,-182.5470415189442,23.026227951049805
s1364_n539,539,0.7721517625231911,612.038,1764,-38.805943087545174,4.08896312713623,0.403669306754158,0.14656771799628943,3.368052779868563,2351.799667277563,3,8.64282249890232,10.218671627996425,-53.56090615189312,24.805376052856445
s1365_n578,578,0.8049723183391003,1059.53,5031,-114.80477391295655,4.165695762634278,0.1813485764051428,0.0657439446366782,3.472924633814681,1607.437724430918,0,4.231264785112716,24.97463046397252,-205.88407340633375,23.877988815307617
s1366_n645,645,0.7983131782945737,1632.26,7626,-15.062627564654676,5.357836723327637,0.10788733581821974,0.0,3.461239948862473,2343.0994006825385,5,6.02187129640811,78.94755960468069,-93.5317923187433,24.59273910522461
s1367_n680,680,0.8011373529411765,1504.09,4437,-56.94362490948821,4.579313087463379,0.267490733502568,0.025,3.8178717964108086,3639.560068445471,8,9.302537938556245,50.50204889931085,-139.04649951726628,25.107128143310547
s1368_n736,736,0.7869419836956522,2069.61,4,-6.50554247998407,4.0500284194946286,0.5317710187819913,0.6834239130434783,2.80643814137984,1409.68949349722,2,2.9832479614286735,2.9524411650402804,-4.685448089091041,27.11021614074707
s1369_n777,777,0.7730749034749035,1961.17,5354,5.912847819581515,8.3874174118042,0.2162824261971067,0.05662805662805663,4.077754837452464,6634.700862052953,18,22.679927403845138,112.65133382246549,-77.31544369916233,28.7291316986084
s1370_n315,315,0.7918587301587302,742.306,1568,-15.007700495501055,4.792175102233887,0.3798786956289851,0.1523809523809524,3.7507733853757883,2516.360959204815,5,8.895360609952153,26.172330503186515,-42.928509839543125,18.039396286010742
s1371_n368,368,0.787839402173913,757.427,944,-8.136990212397954,5.281331443786621,0.3178030522071759,0.11956521739130435,4.038354566347657,3513.510333678034,7,9.571194962186315,43.180981702258165,-38.69347966458339,18.926021575927734
s1372_n425,425,0.7903844705882354,1062.34,5659,14.54822064985946,9.19946117401123,0.05199978405642447,0.0,3.35236463067204,2130.374656789775,4,2.9403448657744793,79.919321901963,-45.9618691144396,21.8719425201416
s1373_n496,496,0.7870425403225807,723.07,1692,-34.2439817245739,5.074267005920409,0.33246813134273967,0.1028225806451613,3.8622410602644788,1416.199142412669,4,6.11171072848346,36.69820988266625,-80.01825404328763,21.544509887695312
s1374_n538,538,0.7942762081784387,835.699,2412,-29.19056188410417,4.760970497131347,0.3503386230137425,0.13940520446096655,3.907914803757912,3218.242541012683,5,14.810945406798421,60.1760569526012,-83.28701623430632,22.37312889099121
s1375_n570,570,0.803827543859649,1434.22,998,-3.227231640942449,6.005460166931152,0.2511308179499689,0.008771929824561403,3.603749875666558,1962.188837593967,4,5.410035794014137,81.67780189775665,-70.23655559855538,23.691028594970703
s1376_n641,641,0.7721583463338534,1224.58,282,2.509873683221464,8.614732933044433,0.3170213268658423,0.06708268330733229,3.6684925435555344,4218.884987394326,8,9.2238647673996,28.400872623117596,-28.702647669493693,24.871776580810547
s1377_n686,686,0.7894822157434402,243.531,32,-3.4017612373468555,4.7497163772583,0.47041073903571273,0.2915451895043732,2.4419994195515913,9523.123355189986,15,64.1665049518798,3.559009380269412,-10.47000732648156,23.6574764251709
s1378_n727,727,0.7958308115543328,878.516,1110,1.5119611323788593,8.963377952575684,0.3504892679244152,0.04126547455295736,2.531664558018511,5934.5356273397565,9,39.69420138351767,11.067480904088914,-4.600855777844019,24.50739860534668
s1379_n783,783,0.8061210727969349,767.317,944,-44.396951415571536,5.0361848831176745,0.39229291894340096,0.07151979565772669,3.415997800777443,3197.8889051423657,3,9.176923855344057,95.35216728698452,-125.20811776423908,28.11733055114746
s1380_n307,307,0.78751335504886,675.673,830,-19.445122497527763,4.99759120941162,0.317073545627286,0.05211726384364821,3.8312141146323975,1826.7274862121424,3,5.376516465416459,32.34714918014893,-54.81121144249947,19.186546325683594
s1381_n354,354,0.8037878531073447,553.335,1681,-10.670369729617207,5.450313758850096,0.4953310642757495,0.423728813559322,3.5899612047787013,1899.4425839356682,8,5.815751763826672,46.98209365141295,-54.72717113843487,19.927444458007812
s1382_n404,404,0.8063792079207921,974.304,1446,-28.087509621940235,4.788480567932129,0.1767912755344139,0.0049504950495049506,3.546329809952807,1352.841381656891,1,2.6147748812747613,36.197434463893444,-80.71376286439707,20.57781219482422
s1383_n460,460,0.8117091304347827,970.972,1566,-47.33563770370631,4.466487693786621,0.29739814592012903,0.017391304347826087,3.6501483362026734,2107.81645700824,4,4.87548210779079,41.82549033760813,-110.93848773000128,21.851655960083008
s1384_n548,548,0.7842262773722628,1045.54,1672,14.449770207406672,10.18608531951904,0.30075695858866075,0.05474452554744526,3.6014242028221295,1266.504736576813,0,7.476647886146912,96.66308781782612,-48.04168053248497,23.078575134277344
s1385_n583,583,0.7955957118353345,1469.33,2067,-19.294299267593217,4.974287223815917,0.24182690927323833,0.012006861063464836,3.53617961455661,2511.023964509269,5,5.53169282531716,52.16503290055632,-82.02294065384433,24.045852661132812
s1386_n619,619,0.799924394184168,1172.3,4004,-68.36035537613384,4.577948951721192,0.17688607786664934,0.008077544426494346,3.7598997273959736,3205.565434062983,3,8.706561088680823,40.554079935925955,-151.52916499062852,23.643667221069336
s1387_n672,672,0.7924069940476189,2264.74,39,1.4813849934208205,7.427742195129395,0.645589173800072,0.9568452380952381,2.8696095174645437,1974.4615110776226,4,9.28027229735401,0.06359521228349374,0.0,26.517131805419922
s1388_n736,736,0.760760597826087,1155.86,2757,-19.25217357417436,4.700778007507323,0.11044937435655776,0.005434782608695652,3.506792988283687,2369.866356863731,4,8.74069771948253,20.47018722378249,-46.84995214102239,26.16157341003418
s1389_n759,759,0.7902964426877469,131.678,129,0.023399817068866402,7.014068031311035,0.3571292503920535,0.0,1.7635477195149607,10699.75157472922,28,83.49207036073642,1.1593681046595625,0.0,23.287975311279297
s1390_n339,339,0.7851327433628318,661.195,1667,-12.041810889354807,4.9572355270385735,0.3438716052251334,0.14454277286135694,3.9907601492741493,2954.893579170362,9,9.510075550340192,29.70102570675077,-36.65557225384759,18.40001106262207
s1391_n395,395,0.7599367088607595,1089.86,1447,2.0940317074409656,8.422294807434085,0.19646648907235817,0.0,3.559487089411561,5103.466020802719,15,17.315889814029354,28.28908886502165,-5.72517121830528,19.8109188079834
s1392_n426,426,0.8038969483568076,548.467,1258,-23.990867970063576,5.003616142272949,0.314125144970099,0.03990610328638498,3.218451341954239,803.2357740853565,1,3.2284771348074277,55.45934000594144,-82.61796042429913,20.79983901977539
s1393_n457,457,0.7908531728665208,903.647,977,-3.9644054495676357,5.880925941467285,0.48430248339113346,0.424507658643326,3.516796864698215,2731.7741262061695,6,8.324837649053004,52.195092764861684,-39.87876087212831,20.176738739013672
s1394_n526,526,0.7607933460076045,1245.05,239,-3.4916195888814716,5.3660783767700195,0.24680365689917996,0.04182509505703422,3.498019433388733,1920.2689640509386,4,7.330279973637008,5.319701788743198,-9.790863232942531,25.036067962646484
s1395_n560,560,0.7443314285714285,1346.93,29,-22.784095306631382,4.0500284194946286,0.06414207684963363,0.0,3.234195335974725,3588.887064655521,1,7.754090523977321,0.0,-16.29695953227753,24.721107482910156
s1396_n645,645,0.7934226356589148,1588.52,200,-18.679462127607223,5.148839759826658,0.14689339075543956,0.009302325581395349,3.6358703516657322,3119.375333253392,2,7.559816669086027,98.14762288918715,-99.43458055651004,25.94405174255371
s1397_n673,673,0.7949803863298662,1457.38,902,-51.60687954432693,4.727378654479979,0.4429146512951309,0.26448736998514116,4.011500334784096,2617.1997825878993,5,6.167189400985479,53.96661581356818,-115.1102055190853,24.64031982421875
s1398_n716,716,0.7664578212290502,1159.75,608,30.688858718254174,9.540305519104006,0.206203429333946,0.012569832402234637,3.3934823277490254,3146.198056353026,2,9.19468819422113,68.91132248084813,-19.831105731126478,27.48048210144043
s1399_n786,786,0.8420614503816793,1561.15,0,-289.8733805092248,4.0500284194946286,0.9467169940637893,1.0,2.95191053859427,749.4825473479567,1,1.046190182296652,0.10673750703021229,-496.03023221853334,29.076351165771484
s1400_n315,315,0.7737288888888889,1639.84,868,20.499837903473775,10.988329887390137,0.5091404968664834,0.473015873015873,3.521943003872348,1128.7485523998769,1,3.301204127332468,45.32746661673018,-6.270285712521353,17.438091278076172
s1401_n350,350,0.809786,1359.66,690,-56.27941967581711,4.226229286193848,0.488705196942338,0.4514285714285714,3.9551887771316157,1258.495726446478,4,3.419153984996188,16.483199658284516,-97.60429436232923,19.326370239257812
s1402_n428,428,0.7923602803738317,35.473,28,1.5875088759959302,11.999967765808105,0.36158489978231834,0.0,1.9551015014936513,9724.42745169446,23,66.69909443249506,6.050880527670172,0.0,21.14558982849121
s1403_n461,461,0.8034039045553145,476.614,1986,-15.709014419183887,5.659992790222168,0.3723139056752789,0.11062906724511931,3.3407504923969467,1250.6007239171463,2,4.85672350990554,64.03268248747278,-76.33732687157264,21.056657791137695
s1404_n522,522,0.7933727969348658,64.4891,655,-1.4856801211398087,5.086487388610839,0.19029328324557374,0.0,1.884909905858369,11986.872668444745,32,90.06283518776586,7.513304207346454,-7.7860522923813775,19.70780372619629
s1405_n563,563,0.8005619893428064,1440.83,2792,-38.194230092279014,4.557486915588379,0.24619920907400916,0.0,3.5280488399785135,1923.5637962052624,5,4.246772186766533,43.871826455873894,-92.87454877028361,22.434837341308594
s1406_n605,605,0.8643051239669423,982.712,0,-232.1084399483176,4.0500284194946286,0.9827407194373761,1.0,2.9255109886749264,593.3122301377897,0,0.18497485628116342,0.0,-328.77825769559803,24.12421989440918
s1407_n689,689,0.7990304789550073,2627.63,16,-82.36952666645392,4.0500284194946286,0.5916734177023054,0.8026124818577649,3.166781102658042,2991.7442977514525,9,11.912294338442855,0.3760072484150436,-124.58462842920528,27.38994026184082
s1408_n745,745,0.7935571812080535,77.8523,34,-0.5026423154556581,5.274340248107909,0.3586145423338066,0.0,1.7859300178095643,10632.939490148208,21,86.79732781387054,0.0,0.0,24.378257751464844
s1409_n797,797,0.8308723964868256,1551.97,1057,-185.02171385775583,4.0500284194946286,0.8372971836237891,0.9096612296110415,3.4952021653,2477.4910618320196,5,8.257668832142599,73.5623310656504,-325.93595762059994,28.047943115234375
s1410_n323,323,0.7870783281733746,575.393,1434,-8.750914634267666,5.446278190612793,0.3637407562009077,0.14551083591331268,3.762470498447732,2427.6331294481133,7,8.178289536136893,37.323158976525,-38.58178890791077,18.149808883666992
s1411_n391,391,0.7950373401534527,687.218,1330,-16.87092825222897,5.000433158874511,0.43322278019939947,0.26342710997442453,3.7155896611996226,1970.5917824972935,5,6.405321009226531,36.794108138614206,-62.454353951922855,19.275798797607422
s1412_n404,404,0.8074274752475247,940.397,620,-32.08693524392918,4.687761878967284,0.32708753630397563,0.03712871287128713,3.6530754738448534,2029.444334442313,4,6.635009272869357,34.66179252162067,-79.5656301189965,20.864683151245117
s1413_n473,473,0.8120860465116279,824.518,634,-113.19813616449005,4.0500284194946286,0.3688731103106906,0.16279069767441862,3.3379766117100265,2331.16432471207,2,6.6459450205130555,4.117059563460784,-162.28586174456353,22.3393497467041
s1414_n517,517,0.7897381044487426,1544.52,4521,-13.442719749730045,5.465148735046387,0.22402843577608605,0.03481624758220503,4.026330585582879,3940.6921246016723,11,13.636192530722958,67.28203366653686,-73.9757883064317,23.497926712036133
s1415_n563,563,0.7571264653641208,1114.12,0,-41.80033223710334,4.241291618347168,0.13013911844558124,0.0,3.3057058798933863,1490.1713522979096,4,5.793209733889975,3.957266855729483,-40.4145863856799,25.500776290893555
s1416_n631,631,0.8041304278922345,1287.8,5556,-68.02009128045583,4.6003435134887685,0.10984696582925718,0.0,3.3400352556352897,1781.7497604835746,2,4.107100447971477,59.22187145437657,-158.01667646560227,25.177085876464844
s1417_n666,666,0.7929770270270272,1331.38,13518,-8.227249986443582,5.584112739562988,0.06989487607183845,0.003003003003003003,3.341712641324871,907.6768416659762,0,2.615541482071637,84.9310509830216,-91.31713850593582,25.475143432617188
s1418_n710,710,0.7853032394366197,1446.26,2486,39.434624291144,9.803594398498536,0.3751565379404637,0.11549295774647887,3.4289669495352064,3586.468187552004,10,19.246411943596875,93.15653314116614,-11.520197725188613,25.951284408569336
s1419_n781,781,0.7813115236875801,128.625,770,9.50247621062102,11.999967765808105,0.14027392644284023,0.0012804097311139564,1.967586540780381,17491.818301569652,45,142.67156309599056,24.84755941644302,-0.8558714404321036,24.659135818481445
s1420_n305,305,0.789484918032787,648.267,2847,-4.952114871386193,5.785038566589355,0.3265055810162562,0.07213114754098361,3.6794990154426457,1820.9672189690486,4,5.130742193228921,48.01301177079598,-42.05385358859852,17.964216232299805
s1421_n375,375,0.7954010666666667,940.738,1576,-0.3558316655272904,6.738683128356934,0.1465905534842297,0.0,3.596847257405077,1747.934155355342,2,4.665069283400135,52.90135998103972,-42.838101950324464,19.339754104614258
s1422_n448,448,0.7969729910714286,1101.85,782,17.610261327784507,9.378941154479982,0.218690176718705,0.0,3.3240059264907127,1788.0901154799128,4,5.186746003896731,82.20233823490483,-20.534859463236096,21.506216049194336
s1423_n487,487,0.8001396303901438,944.408,1640,0.8502237263263908,7.538180351257325,0.18255004785226536,0.008213552361396304,3.7549685866158735,2506.361435936512,7,8.641961516399748,81.20839759350963,-46.90195298898958,21.138427734375
s1424_n520,520,0.8084809615384615,400.074,81,-48.89802723748943,4.304496574401856,0.42481458817097145,0.2673076923076923,3.706908045460677,3336.8078606109552,4,14.722557979389236,23.978364781254967,-97.57597747195067,23.238779067993164
s1425_n570,570,0.7990315789473685,1363.05,76,-9.780864630243514,6.2833459854125975,0.278902663258885,0.0456140350877193,3.772108950636929,2299.928862241629,1,1.9572106785780552,107.60704408761711,-101.0837914653888,25.952486038208008
s1426_n612,612,0.788199183006536,1539.75,4086,31.519252212196896,9.639973640441895,0.11220673320700546,0.0,2.9457640025974783,2348.4760433508427,2,3.93692058849318,79.52836489552865,-28.730819513166967,25.195615768432617
s1427_n656,656,0.8144550304878049,1425.46,3855,-25.053468963307694,5.168619728088377,0.19291843259599656,0.0,3.6153634731879363,2206.683851728322,3,3.753665732763535,115.35002238143736,-122.63116133625226,26.15213394165039
s1428_n727,727,0.7785693259972489,212.156,1758,32.52127050743994,11.999967765808105,0.14409480128485716,0.0,2.3571384830894857,15262.250753974056,55,109.15907747110472,83.30325813175796,-8.575967325136293,24.243976593017578
s1429_n799,799,0.7781958698372966,1201.32,60,-82.26537347399547,4.123691749572752,0.09972435332593188,0.0,3.5127241166798426,7784.688721387601,29,20.393660130265822,44.769396265177676,-203.8784676207041,30.632930755615234
s1430_n302,302,0.8274539735099339,278.3,5,-48.21185676438196,4.318706321716309,0.36726997846445786,0.12582781456953643,3.446139606506392,2076.0822956528887,6,4.206315088713124,24.432364270677986,-94.7527203808304,19.83606719970703
s1431_n389,389,0.7868257069408741,1089.51,1365,4.555831751054335,8.492243003845214,0.18564792646473774,0.015424164524421594,4.004654719671157,2692.3342367667865,11,6.96323890488416,67.13517245057533,-42.95507912131741,18.843843460083008
s1432_n429,429,0.7872449883449884,922.064,2164,-29.85120491265726,4.737552833557129,0.34985362489992117,0.12121212121212122,3.770636959882921,1526.6521391107326,3,3.5344828669910955,41.54748287549668,-81.21466320128076,19.68119239807129
s1433_n480,480,0.8051666666666667,1302.9,1429,-30.929201021593386,4.790867805480957,0.29421247993917077,0.058333333333333334,3.966945336289283,2425.4118409604107,4,6.761849282398535,54.54446903050433,-98.96292950457651,21.74370002746582
s1434_n525,525,0.804608,303.587,47,-27.25846672147327,4.713566780090332,0.2788478056108747,0.06857142857142857,3.6513327752643483,3668.3008865519932,11,14.826765136630478,55.553093144451545,-65.85969217101501,22.809293746948242
s1435_n583,583,0.7979423670668955,1449.27,628,-10.395373942479047,6.033595466613768,0.42529397313930206,0.18867924528301888,3.8907120198052296,5320.1284872320575,25,19.955430313048705,51.79585912540111,-74.83302374645365,27.391918182373047
s1436_n640,640,0.8001560937500001,1323.87,4984,-30.047155369916965,4.956155586242674,0.11075702991041017,0.0,3.5587374736069086,2567.2285452337123,5,6.862875657429706,69.25668223241627,-106.48760211655502,24.635961532592773
s1437_n695,695,0.8059258992805755,753.887,0,-58.199503633060345,4.477969169616699,0.21827724761423214,0.031654676258992806,3.5403322096006558,5303.032208165998,22,22.118841496428182,58.9303576958648,-156.9913560943612,28.59917449951172
s1438_n747,747,0.806134939759036,1489.1,413,-123.18798755321649,4.0500284194946286,0.4873403552329615,0.3427041499330656,3.6664108614097812,3568.294613459046,9,10.110241651313105,12.468984750984239,-137.381885343791,24.48114585876465
s1439_n755,755,0.8059937748344371,1320.67,262,-75.37490548944173,4.574993324279785,0.3955009057962988,0.14437086092715232,3.6047179908161313,1581.181270771527,3,3.181982854863932,67.61141020026098,-158.35293492744654,28.29401969909668
s1440_n325,325,0.7854030769230769,618.916,1728,-10.816318707123749,5.262006187438964,0.33921897531203266,0.14461538461538462,3.8397171707927695,2402.626765616735,8,7.660703761504817,38.89593188187607,-38.02871843748285,17.962806701660156
s1441_n352,352,0.8071582386363635,509.295,4,-18.739845164105176,4.747158622741699,0.5677707152435316,0.8664772727272727,3.8090974743704367,1727.1573460248148,3,2.3218806424004996,28.10246201913943,-35.2749188214124,18.305683135986328
s1442_n445,445,0.8090206741573033,938.793,529,-45.74477148676324,4.2929582595825195,0.6274843128188445,0.7730337078651686,3.61197976825497,1899.0036783265864,4,6.1262523058837015,31.1648174526595,-84.5602157254088,20.389455795288086
s1443_n479,479,0.8082413361169103,879.405,181,-13.216749505874475,5.2023820877075195,0.24684413868848862,0.04592901878914405,3.609482822894483,2584.241725426242,4,5.473433385994965,78.0275098433863,-74.93051085462011,23.33608055114746
s1444_n520,520,0.8093692307692308,1275.13,569,-9.729699267155937,5.6116228103637695,0.3317918424528141,0.057692307692307696,3.726521465937941,2103.6309464912924,5,6.506985219225292,66.28018089082867,-62.91087215455961,24.121065139770508
s1445_n589,589,0.816449066213922,1060.73,576,-103.87497608115996,4.191841697692872,0.5156172621366406,0.5127334465195246,3.6112190994507367,2226.9764427968125,3,4.733007053910593,23.69490056807417,-166.89992393415065,28.059877395629883
s1446_n633,633,0.8006725118483412,1185.39,80,-77.38151494812983,4.0500284194946286,0.5710037551587744,0.7835703001579779,3.4583148693061596,3905.8371058799225,5,14.435378001446487,0.7217907414522857,-97.9427407505006,28.830976486206055
s1447_n657,657,0.8091824961948251,595.159,2071,-9.705602861170405,5.713762474060059,0.3831650176586824,0.1750380517503805,3.1068551402042104,1261.300592920663,1,3.876190626714327,106.64544602901887,-90.79866438468125,25.44578742980957
s1448_n738,738,0.8085795392953928,2181.22,87,-191.09376511423247,4.0500284194946286,0.7893798344761633,1.0,3.013583832409101,6550.431177752055,16,19.21917375746465,0.0,-302.1729172748219,26.988924026489258
s1449_n787,787,0.834366327827192,1162.55,1641,-314.4487216880731,4.0500284194946286,0.5192888550048601,0.5273189326556544,3.100413737768162,1738.6186314873848,1,4.224568942415195,2.974122355765141,-409.6652342569375,25.746355056762695
s1450_n348,348,0.7901051724137931,609.645,1086,-7.447829650013297,5.855007362365721,0.3420899004652975,0.14655172413793102,4.095636375659841,3534.23712239277,12,11.353062047276511,42.18277176950625,-37.03356799268038,19.266630172729492
s1451_n350,350,0.7751628571428572,795.076,3238,-0.49186998517975056,5.974198722839356,0.2494320383288674,0.0,3.2606082462873367,2247.304396101964,10,5.059968839925276,2.0754005259300996,-0.6495780188406697,18.443618774414062
s1452_n436,436,0.7989389908256881,1146.01,1847,-14.960665586480758,5.211703681945799,0.1428857876329742,0.0,3.6720513375923636,1925.1105972498128,3,3.590559189287345,55.40032757591325,-69.47363055928639,20.40142059326172
s1453_n467,467,0.8027366167023555,509.998,1270,-5.888917382829405,5.84000186920166,0.31939072970146437,0.02569593147751606,3.122054501066878,807.9934770009431,1,2.5952663752201306,79.03539826494247,-69.31350499450454,21.413516998291016
s1454_n545,545,0.8292952293577982,777.625,331,-175.03845607008736,4.0500284194946286,0.7669871110923014,0.981651376146789,3.382873445929735,1025.8704068898537,1,1.7176337221103124,4.216280843658142,-281.9910989495469,23.39613914489746
s1455_n559,559,0.7953216457960643,1207.76,614,-72.3868898361466,4.0500284194946286,0.41647163194532205,0.35062611806797855,3.3073299282670763,5902.324336724177,8,13.675305958103039,11.975954310169751,-85.90002097900708,25.16172218322754
s1456_n648,648,0.7889452160493827,938.626,91,-55.212383943616175,4.370031929016113,0.4134179443757684,0.1095679012345679,3.568035556163502,1465.6678872561142,3,3.437276993662963,68.68062101512979,-132.97199376944906,27.645540237426758
s1457_n693,693,0.7835969696969697,3033.15,770,-132.19865344727637,4.0500284194946286,0.42068823882311984,0.15873015873015872,3.5926654321920957,1609.2224168802932,2,2.0706870314546113,2.0260531521832794,-185.10889974121187,26.422765731811523
s1458_n712,712,0.8290821629213484,992.308,362,-71.69869934113375,4.612507057189941,0.3697271264421947,0.13202247191011235,3.5394303713778834,4585.057006896397,13,7.819959921009984,60.12923564723221,-200.86257950355508,27.31891441345215
s1459_n783,783,0.8172758620689654,1590.01,1751,-42.13431707382,4.781205177307128,0.4473884356296575,0.3614303959131545,3.780999274774489,2569.261362108594,2,6.656139726503569,121.30374006493042,-95.099073684469,26.292388916015625
s1460_n306,306,0.7968310457516341,449.061,1291,-7.534270601431238,5.733315086364747,0.47455223043930433,0.434640522875817,3.488385446544038,1714.7893486764865,4,6.8151027827589665,37.297540637651664,-38.609804008154555,17.4921875
s1461_n389,389,0.7713254498714653,824.573,55,-19.412209442689623,5.856996726989746,0.1277058096976627,0.0,3.694380792060472,1452.8398741421038,3,3.4555702933852848,34.57025467033249,-38.26935048456199,25.1176815032959
s1462_n415,415,0.7854561445783133,1011.34,937,-25.31135442496521,4.868566703796386,0.19213812074427306,0.0,4.143344835925666,2889.5330183881283,8,8.167702967534652,34.673181344499966,-62.88680566914168,20.719371795654297
s1463_n484,484,0.803317561983471,1007.44,1836,-7.33646294923944,5.172882652282714,0.6354014258215565,0.8946280991735537,3.4640977007539235,2492.7153122544555,4,12.75763100293155,55.871699588934874,-45.26434327358558,20.900617599487305
s1464_n534,534,0.8032142322097379,1428.11,3218,-37.44323649334983,4.78507022857666,0.3508623278301949,0.15730337078651685,3.962687711251641,2985.1634392064916,8,9.061275479272823,49.04639793350957,-97.59683355705579,22.54181671142578
s1465_n579,579,0.815347322970639,343.778,235,-11.051716425699297,5.83454532623291,0.4648561884946978,0.2867012089810017,3.229769169919368,1863.8901400722027,1,4.9888242533835125,86.08072090882183,-70.53056477152609,24.479549407958984
s1466_n638,638,0.8429385579937306,691.032,2,-252.77169858627562,4.0500284194946286,0.6435481068278314,0.7382445141065831,2.934460867127333,2139.131352187381,1,8.27837368006414,4.928673520534615,-344.72301642852455,24.47309684753418
s1467_n678,678,0.7613926253687315,1585.74,719,-16.21832277210416,5.517042732238767,0.15041013669657158,0.08259587020648967,3.8666972751372186,5129.083915736947,10,15.32036325332297,56.006400520732235,-50.43035085580039,26.547632217407227
s1468_n700,700,0.7818191428571429,2296.03,506,1.44619851035237,7.905838584899902,0.4328810806748306,0.35285714285714287,3.276567074803864,1057.1783717710714,2,3.0757406197736237,6.459400100296442,-1.764473473698202,25.030643463134766
s1469_n775,775,0.7990941935483871,1080.11,5187,-66.82453749742764,4.659797096252441,0.18497960482098133,0.04,3.6104830094029916,2071.431076677087,0,4.920435321169242,77.13290262328472,-165.0024550970458,25.137615203857422
s1470_n308,308,0.7943331168831169,583.295,1371,-4.563048782394063,6.0744626998901365,0.43594936488397856,0.2662337662337662,3.717663142516868,2009.3685971777786,4,7.358566238282441,34.90002095571935,-30.62063149724096,17.744384765625
s1471_n384,384,0.8140710937500001,930.208,4244,-60.095734361264405,4.41430950164795,0.13109134395923516,0.0,3.2751968960896196,1128.3144563479432,1,2.1770701559435275,27.450132770770324,-122.36275563435345,20.50157928466797
s1472_n434,434,0.8083827188940093,1042.1,1494,-16.675255065066224,5.260130500793457,0.16571505413702517,0.0,3.7356197339954686,1548.3671808190727,2,3.590977961922214,49.18882393780012,-72.8537508657842,20.473194122314453
s1473_n498,498,0.805614859437751,1366.48,679,-35.02753227685786,4.636777305603027,0.32581184391155493,0.07429718875502007,3.389592999256205,4091.92196867553,7,16.122549238827105,49.75774993128769,-53.118964401567375,23.08892822265625
s1474_n533,533,0.7972606003752346,1441.77,31,-0.6202764568460379,5.8910432815551745,0.3358119149453091,0.08818011257035648,2.4349635035803923,1161.0154438223599,2,1.8103804427508445,4.9188566208601605,-4.273221012875893,25.363012313842773
s1475_n577,577,0.7610396880415945,1220.37,36,14.232742053330657,8.978850364685059,0.10526123213862326,0.01386481802426343,3.5932042093706604,4284.587355486562,5,12.703008641326557,55.12247986567645,-21.154803043049924,27.120620727539062
s1476_n647,647,0.758029057187017,1529.69,371,-2.262990055107668,6.829568672180176,0.04937204528910495,0.0015455950540958269,3.715529350767106,3712.468041400351,3,10.140620043362361,29.009535886616675,-18.685907075208288,27.4571475982666
s1477_n678,678,0.8267734513274336,751.393,268,-139.7030224435324,4.0500284194946286,0.4342659940273025,0.2079646017699115,3.4907771576489606,2647.8103503944358,0,12.760622397812098,38.45800309474737,-200.6571412256908,25.0747013092041
s1478_n706,706,0.7981148725212465,66.3348,147,-0.4996453124586552,5.275022315979004,0.2675549654006127,0.0,1.957436780229783,12946.970754930528,29,101.03972793819527,0.0,0.0,23.731279373168945
s1479_n751,751,0.7926828229027962,1639.15,4305,12.287949290670198,8.883437156677246,0.1256337330051221,0.0,3.5278831151164334,2598.992148783483,9,6.473143831686063,113.16456853765214,-76.16028593650924,25.427047729492188
s1480_n348,348,0.794896551724138,516.177,1715,-14.724651475209782,5.068185234069824,0.4354641453613984,0.33620689655172414,3.6781289233673737,1409.9187707564079,4,6.639772392382794,32.58187327824526,-42.89223347896171,18.014982223510742
s1481_n373,373,0.7872514745308312,765.172,739,-9.80738174584441,5.423031044006346,0.3362089853637545,0.1447721179624665,4.124914198354839,2615.4655404054615,6,8.999139172713482,36.04159720146947,-41.701554587562136,19.03528594970703
s1482_n431,431,0.806008120649652,1392.65,4390,-49.316251501394675,4.18252010345459,0.4341078619549185,0.21809744779582366,3.694838677188246,2364.9906676900846,8,6.619118196639758,18.84999184922165,-108.85944396943474,20.2405948638916
s1483_n499,499,0.8177062124248496,1503.06,294,-32.483353232836876,5.268656349182128,0.43626997508154597,0.2785571142284569,3.8693155092243616,3378.485177860481,3,8.268954639345573,61.061399046325654,-102.66105480074074,24.037220001220703
s1484_n538,538,0.7897782527881041,1448.91,1624,-23.02371057442616,5.071766090393066,0.18345540523868267,0.020446096654275093,3.8793353681967178,2348.1327117589312,3,7.165892842069592,61.56838379363406,-92.98667113868812,23.686161041259766
s1485_n562,562,0.8046758007117438,1207.28,1064,16.22002877511538,9.104757118225098,0.17535779066570029,0.005338078291814947,3.560740756383061,1879.6975944622454,5,5.419754271468182,135.85172103606058,-61.586339560603776,23.79704475402832
s1486_n633,633,0.8230769352290679,758.73,74,-107.06282118555896,4.138242530822754,0.36959774087086505,0.10900473933649289,3.6189125313604866,3304.609050659959,2,11.650903584669887,38.71152661063857,-183.90611103993592,25.390241622924805
s1487_n671,671,0.828795529061103,737.497,0,-267.11724388385363,4.0500284194946286,0.6375385648296246,0.9359165424739195,2.871574996244455,839.2323359782821,1,0.32684577640082063,2.444819634693155,-365.16676637652705,26.951326370239258
s1488_n733,733,0.8008529331514324,1108.25,0,48.67544908408519,9.899523353576658,0.3819220521374745,0.05184174624829468,3.448622008906486,930.7397939730547,2,1.2645893181095882,190.13609512591523,-38.942261432394595,29.170969009399414
s1489_n789,789,0.8021187579214194,868.506,0,-72.74128332608399,4.574481773376465,0.5247507766907474,0.5678073510773131,3.4746962587639914,1466.766945738697,4,1.8638089434035199,59.39160304807602,-139.99222921281958,29.457353591918945
s1490_n333,333,0.7719366366366366,1570.47,951,-10.487626888819332,4.399815559387207,0.3157173284206701,0.006006006006006006,3.689570614056492,3178.2937223564663,13,11.929256959932474,13.300431117488838,-13.053471050583223,18.28217887878418
s1491_n352,352,0.810546590909091,867.324,2014,53.500852174542494,9.984557151794434,0.12439766586331845,0.0,3.3468885085424733,1981.6797504331516,2,4.303928327795187,129.5329030352636,-27.00779639286226,21.213769912719727
s1492_n404,404,0.7927955445544553,1133.86,250,-27.35466749046333,4.752501487731934,0.47828187303022335,0.4207920792079208,3.91996537822537,1848.1296224433338,5,4.764358745483802,26.426952643395513,-56.54079636176078,20.520357131958008
s1493_n457,457,0.8097387308533918,1287.31,1222,-1.0482024541973516,6.588628196716309,0.17453591642304853,0.0,3.7546534754507337,3835.5737508516972,11,9.931822598584095,84.3250210878387,-65.76555395829823,24.537752151489258
s1494_n513,513,0.8004884990253412,1291.25,1131,107.38081067970299,10.394576072692868,0.3825410934889411,0.18323586744639375,3.365248090485825,2994.887769431451,5,12.46202407981784,201.79715285370946,-4.87653184657713,23.1728515625
s1495_n573,573,0.7997383944153578,1317.04,3608,-35.25329484342319,4.7444871902465815,0.18995346250866557,0.0,3.751314337591921,1571.553899855236,3,3.761588388596299,59.93585719089382,-111.12220117247473,22.795827865600586
s1496_n636,636,0.778739465408805,1143.17,92,50.25632154863004,9.744863700866699,0.22072447097336834,0.04559748427672956,3.3645787782769534,1408.4850949797037,1,3.200418265292281,111.28714584750907,-5.499103706737337,25.84032440185547
s1497_n651,651,0.7985721966205837,1392.81,4842,-98.96289846034236,4.2705068588256845,0.2340768191311248,0.015360983102918587,3.7454871954569806,2107.4528715057695,2,5.995789639069812,27.383377522653763,-185.1630283397426,24.647178649902344
s1498_n712,712,0.7942178370786516,1779.51,3072,9.739194510206623,9.463523674011231,0.5739192878221085,0.6278089887640449,3.2164411493029683,1617.137609163369,2,10.812684824613232,26.324467660077058,-5.521893630795538,25.400362014770508
s1499_n784,784,0.7931011479591836,758.997,13,-10.37180856952483,5.316514778137207,0.4191131921611759,0.042091836734693876,3.4267983995291633,1336.0708745857667,1,2.2692684811015353,108.84294834164491,-86.94040483951972,29.405902862548828
s1500_n331,331,0.8013123867069488,450.823,1503,-18.081856077475237,4.905796241760252,0.3915607764117479,0.18731117824773413,3.4273009286930907,1809.8898075836225,2,5.691556214700309,37.326856386955846,-55.51869886749432,18.397621154785156
s1501_n393,393,0.8020923664122138,1195.25,1160,4.607310062053742,8.673657035827638,0.22502530860177158,0.0,3.3920602718565287,1698.611762073717,4,2.056284438072878,70.12286413976571,-48.954956099725315,20.58330726623535
s1502_n400,400,0.79923925,810.558,2192,-26.380097802283743,4.632628059387207,0.19949491409537579,0.025,3.6080200019705875,5347.957248917786,9,20.555834352670534,41.26689720140712,-59.44299703656363,21.081029891967773
s1503_n499,499,0.8006408817635271,939.585,2015,-18.881854157688323,5.164811515808104,0.1765916733612075,0.0,3.770220483901437,2646.5970744554406,3,5.457043729824938,61.047560760958206,-73.49620214440344,22.11150550842285
s1504_n539,539,0.7867461966604824,1337.2,3091,-17.597449036487873,5.58172550201416,0.3078286491762413,0.10204081632653061,3.8681624462801345,2233.8526410337163,2,9.960675756325553,56.71712166783385,-65.54900912171465,22.482460021972656
s1505_n580,580,0.7663363793103448,767.786,3203,-24.490150540591703,4.723343086242674,0.22070773423111342,0.015517241379310345,3.3980761402736475,2104.7868950912243,2,8.165040486799032,7.323937076415935,-38.69348944358731,25.776832580566406
s1506_n642,642,0.8010987538940809,1451.44,4200,-33.96218352680924,4.916993522644042,0.14031193609446632,0.0,3.620472638498324,2094.6974388810063,3,5.525365860275454,60.03839384793347,-104.38683950103578,23.609500885009766
s1507_n662,662,0.8004019637462235,758.553,310,-93.41513275043626,4.172743797302245,0.28986309097799,0.1299093655589124,3.8905361879066955,4051.0547849620143,10,19.753484795000652,53.47099250171368,-176.13582362770944,25.801326751708984
s1508_n709,709,0.816264598025388,1010.05,359,-155.19288113577926,4.0500284194946286,0.4908594199099304,0.4894217207334274,3.3830013563843555,2294.662795754142,5,10.172965811803488,13.868596188647157,-246.5929373620511,24.08696174621582
s1509_n776,776,0.8030737113402062,1911.3,2852,-49.88840640316772,4.7679048538208,0.24100997842662641,0.005154639175257732,3.870641169097249,3405.878657977168,7,9.21961861015214,78.49587548808945,-115.96443337273791,26.224773406982422
s1510_n339,339,0.7899563421828909,851.504,1825,-17.725261773358547,4.891757011413574,0.3154759690810509,0.10029498525073746,3.758051209818154,2504.8602967177376,2,7.758844264225848,34.932756802309385,-46.724997146381625,18.502958297729492
s1511_n356,356,0.7984907303370786,605.159,2283,-10.943162339897633,5.200335884094237,0.4217903312302766,0.23876404494382023,3.547643384674373,1716.3901252023927,4,6.375616540177041,46.60748963355629,-52.37833624590073,18.48215103149414
s1512_n425,425,0.7997630588235295,1228.7,1608,-18.22721082536208,5.067844200134277,0.10400399030663597,0.0,3.663093882117832,2456.1774388441677,3,4.555646569274877,57.99489824369447,-72.78949650218846,21.335861206054688
s1513_n488,488,0.7887831967213114,133.305,617,0.6234105839477699,8.48869724273682,0.2739992615976873,0.05122950819672131,2.791589857021433,8664.535342092851,23,58.47874014208183,19.278461914100657,-13.417978472862226,21.00224494934082
s1514_n520,520,0.7969809615384617,1156.47,1334,9.999294372393962,9.14859561920166,0.24288119084169318,0.06538461538461539,3.08138720711044,1296.1886014654133,1,1.9652594589240389,73.05942885215788,-40.774400694438285,22.37912368774414
s1515_n580,580,0.7886284482758621,1668.16,43,137.13641745364114,10.2276029586792,0.21102820191716773,0.07241379310344828,3.4297656932046583,1874.337392460897,4,7.868550065942557,253.19577727674766,-5.418470672344368,24.912019729614258
s1516_n606,606,0.7526353135313532,923.078,1464,-0.9121567806477362,6.629779624938965,0.11558456388460711,0.0,2.6757648844534665,1436.5648494757893,3,6.52446014079643,2.999971542482612,-1.4049852295453122,23.62423324584961
s1517_n672,672,0.7910502976190477,732.7,0,-34.90905756606191,4.598297309875488,0.3851646328700219,0.05654761904761905,3.5703984960834534,1275.0811657716704,2,1.6659398093508206,57.25439442647259,-79.76958272677255,26.188512802124023
s1518_n732,732,0.8161892076502731,677.716,1900,-37.393981159019006,4.792345619201661,0.3991153400481459,0.14344262295081966,3.593113044162374,3402.806530492879,7,12.357648055251085,71.66249381813802,-166.22236691664236,26.181814193725586
s1519_n799,799,0.8194551939924907,1322.29,3846,-216.70491088028933,4.0500284194946286,0.2020682342689167,0.03879849812265332,3.0189512168938935,1735.2286996231737,2,3.6622286525739627,19.805920920757792,-325.8787483294845,28.583953857421875
s1520_n345,345,0.7598197101449274,626.586,1222,0.21074220608539695,7.092505836486816,0.2946856136194743,0.30144927536231886,2.853955008018589,1240.1520583528927,2,3.7822904471759755,1.337191175325781,-0.10540945637264558,19.686113357543945
s1521_n358,358,0.8017469273743016,659.427,57,-66.73985984690806,4.0500284194946286,0.49707683535631136,0.45251396648044695,3.9002745625289417,1918.661465569059,3,4.547192081863566,12.914374645311927,-94.78480099340413,19.110614776611328
s1522_n449,449,0.8017590200445436,677.754,3085,-39.222830802991645,4.523383522033691,0.22174179584964393,0.042316258351893093,3.7004916642542405,2167.69061123069,4,8.246191968325292,41.297673908427896,-96.7023488931826,21.889869689941406
s1523_n462,462,0.7798214285714286,875.843,76,-21.715912185235922,4.967352867126464,0.3400504723855245,0.09956709956709957,3.9514881909610526,1868.0348784036837,6,6.43100814341624,39.42916621897422,-63.049745641310444,21.994670867919922
s1524_n511,511,0.8007168297455969,1108.75,3000,21.621802835197222,9.528572273254394,0.35001265956826727,0.1506849315068493,3.3820533847367513,2655.889419058014,6,15.628693775296318,76.68854209401876,-28.86123235936637,23.732881546020508
s1525_n555,555,0.7927127927927928,1252.92,719,-62.311873062942475,4.193660545349121,0.40156557042816343,0.16756756756756758,3.6398470263618536,6049.669554294946,28,21.363460147816564,30.1685649834857,-127.87203185924565,26.704811096191406
s1526_n618,618,0.8003004854368931,1301.79,5399,-39.92609390417141,4.78819637298584,0.16637321638082667,0.012944983818770227,3.860598436358739,2707.7099501174916,3,5.929132407263213,57.045710361391244,-118.98759213099407,25.23788070678711
s1527_n682,682,0.7624787390029325,1790.21,1419,3.3705638659709223,8.147208213806152,0.28008325300993453,0.07624633431085044,3.9147226187367608,4310.748015421551,8,22.22885650027632,62.59888125223828,-29.84360559985751,27.670576095581055
s1528_n722,722,0.7958469529085872,1419.94,1136,-34.98417907360085,4.79183406829834,0.4141502489706468,0.19529085872576177,3.2321969923303135,2324.5867193229833,5,7.976961272158506,48.720681323302934,-81.00909027623234,27.983299255371094
s1529_n759,759,0.7973316205533597,357.702,0,-20.475540392628396,4.0500284194946286,0.5528813748251209,0.9143610013175231,2.1941189426466265,7584.090138458413,25,52.40536191664178,0.0,-29.558139609191535,24.036725997924805
s1530_n339,339,0.8008389380530975,555.737,2686,-11.85448499163347,5.2063608169555655,0.438567638062218,0.27728613569321536,3.523938957417989,1435.6079881812782,2,4.637422415296232,44.0836794845576,-45.7251571679618,18.494775772094727
s1531_n356,356,0.7943699438202247,603.62,704,-4.683735438467629,6.007961082458496,0.43378574258473085,0.3455056179775281,3.596332688368955,1767.481430808053,3,9.39883231122178,48.53240535703428,-41.97993604312431,18.89379119873047
s1532_n443,443,0.807828216704289,1222.84,3150,-27.083635248186482,4.875501060485839,0.20582274428162126,0.004514672686230248,3.727117554936503,1466.4805243259882,2,3.1106182853881132,39.56505049414063,-76.43178492671345,21.148950576782227
s1533_n491,491,0.788052749490835,1174.59,1900,-29.28328565071068,4.457336616516113,0.45224521094206493,0.3258655804480652,3.77671840988465,2808.3118313572913,9,9.167987374414977,31.64344905835497,-44.65351706491847,22.710634231567383
s1534_n543,543,0.7889957642725599,1240.74,3640,20.862215449308742,9.56873607635498,0.20576934654415535,0.01289134438305709,3.1867336624820437,1630.34821329766,3,2.4803803989912754,62.082680111204596,-22.39474941931678,23.403106689453125
s1535_n551,551,0.7151372050816698,514.522,28911,27.459518238442385,9.807978248596193,0.002974941612296112,0.0,2.6648275742038425,13712.844578206841,52,85.71626450640531,49.77570704468519,-7.427586313504124,22.93400764465332
s1536_n604,604,0.8094784768211921,1464.46,2557,-42.996750468526415,4.791947746276856,0.20069285352790747,0.011589403973509934,3.6843808951059835,2696.0585328069096,1,7.8089174881176415,68.33042627369116,-116.24882056555413,25.1170654296875
s1537_n676,676,0.7931951183431953,1692.36,1116,22.726435564651098,9.19462604522705,0.22613877011480962,0.0,3.599130247354602,2965.749625037001,2,10.393499944964596,166.15173979829297,-76.15727401933563,27.57620620727539
s1538_n740,740,0.813887027027027,3181.57,207,-162.12246130854854,4.0500284194946286,0.7454816052714799,0.9391891891891891,3.363137672899213,3082.8940404816867,9,14.226831163332697,0.6674857919350883,-248.3536552616726,25.650253295898438
s1539_n788,788,0.7795395939086295,1512.24,3817,-80.07120126625304,4.0500284194946286,0.41547198534762886,0.1281725888324873,3.475898798063711,9703.66644888157,41,30.538924746293148,3.5772152632302747,-63.553601892275,27.447113037109375
s1540_n347,347,0.8031129682997119,731.3,1986,-33.78393123078334,4.683555793762206,0.2596859181891375,0.0,3.872871013827014,2875.7679018507865,9,5.2370128822914355,35.01290635292856,-90.06742264217084,19.136459350585938
s1541_n382,382,0.8027452879581153,1049.09,495,-16.971090185414965,5.039765739440917,0.14722859283798562,0.0,3.7147074308158947,2075.899821637743,4,3.9375451536418513,43.24907364973936,-62.307228892242065,20.473182678222656
s1542_n412,412,0.8170589805825244,1032.77,2535,-56.225302695218325,4.3053491592407225,0.3300224621689531,0.12135922330097088,3.712167033496101,1866.4362413085507,4,3.4665058225058236,23.003858975953534,-108.75249300464483,20.285171508789062
s1543_n487,487,0.7697798767967146,1740.82,1237,2.4931069179315664,8.796985054016115,0.2972692222307319,0.026694045174537988,3.595276717866738,2855.1433300531885,9,10.088621575747617,17.977599544772612,-6.587887842228041,23.242456436157227
s1544_n535,535,0.7714319626168225,1057.19,0,3.518832643179458,7.543182182312012,0.23147115486159311,0.037383177570093455,3.394424737273788,464.48353285710095,2,0.6515389343596983,42.2065250419745,-15.090265872007162,25.319461822509766
s1545_n553,553,0.8816365280289331,487.718,0,-263.89697943222365,4.0500284194946286,0.9536701060325401,0.9529837251356239,2.7272538108132824,679.772253895161,1,0.032363596507275966,27.618804008214532,-475.22919520773235,24.48503875732422
s1546_n620,620,0.797090806451613,1707.34,2553,-50.21404304440401,4.0500284194946286,0.5309176626976785,0.5612903225806452,3.682844082170169,3731.3603389135246,6,15.259839328834516,17.77298065352212,-87.10022628438597,24.884145736694336
s1547_n681,681,0.874595007342144,278.376,0,-308.7848071801056,4.0500284194946286,0.9882805865086164,1.0,2.8172387723824888,895.8143750554975,2,1.1031869191674517,0.0,-540.4688559918203,25.36713218688965
s1548_n732,732,0.8022713114754099,1642.08,1881,-38.2596958148535,4.824118614196778,0.2277678616278964,0.012295081967213115,3.4846184824409243,1695.5591893400417,2,3.473868213838119,72.82896913680084,-127.26145117646023,25.76565933227539
s1549_n768,768,0.7935106770833333,1679.65,7848,-8.23718658100637,5.604176902770996,0.08735463922158353,0.0,3.210642060925605,1821.4035139478115,0,3.58070790141928,79.77126561668446,-89.65371523968221,25.541671752929688
s1550_n343,343,0.8156075801749271,790.694,1264,-2.4443112349404856,5.961523628234863,0.22359529176959891,0.0,3.4933673326457138,1433.2174924108012,2,2.5405876000048857,64.13199811365097,-49.75534440666364,20.323001861572266
s1551_n354,354,0.792691242937853,828.412,2470,-17.20434749123332,5.2242650985717765,0.3548979035546749,0.1016949152542373,3.8931114373667035,2268.499102121959,3,6.36904815818287,32.01124640861464,-41.9902142879301,18.858572006225586
s1552_n421,421,0.7903028503562944,747.49,767,-3.5255640090735696,5.494477653503417,0.23683622684062303,0.026128266033254157,3.4933990699175554,2281.251884264709,5,11.447978717977133,55.83375248390815,-42.45907652528429,21.51582908630371
s1553_n458,458,0.7755301310043669,902.393,1991,-7.257092808827341,5.178396034240721,0.32717349262969225,0.15065502183406113,3.658763948757556,1443.0434201292003,2,4.56154572266575,20.316439606824545,-22.95977236265509,21.672958374023438
s1554_n526,526,0.7656475285171104,530.366,619,-3.3681239959969087,6.327225685119629,0.18569588439886905,0.0,2.7063893898852,1274.298628889482,1,3.1595081775858427,6.136557139947888,-4.834745903296957,22.980836868286133
s1555_n563,563,0.8122239786856128,1021.03,2195,-28.139532908031796,4.882208061218263,0.32570371754219174,0.0763765541740675,3.4251229425518503,2327.453957031274,6,7.010904439265583,60.9894462739981,-80.7012160105769,24.08263397216797
s1556_n629,629,0.8142963434022258,389.954,1028,-30.821123633092697,5.0036729812622065,0.4516341885451205,0.3004769475357711,3.210543221580221,2278.6910103164423,3,7.295675221813588,72.52222992835215,-94.59358711838419,26.202289581298828
s1557_n669,669,0.7888408071748879,1634.07,4392,15.58640871096135,9.111913108825682,0.07090489233400522,0.0,3.174467160766922,2686.4676121589537,2,4.834188154025152,86.61874802453106,-62.90867110680094,24.981489181518555
s1558_n703,703,0.7440469416785206,2477.97,36,-0.8977559009975051,6.618639183044434,0.07477451997561387,0.0,3.1910892888775715,1800.1959870070332,2,8.081677147273505,2.295546173005891,-1.5356441772957306,25.82954978942871
s1559_n760,760,0.791619605263158,954.237,671,-51.17736256883397,4.729993247985839,0.4092568564233151,0.06184210526315789,3.5794949912831613,896.6933574042141,1,1.4850175326552222,46.70441169609276,-99.02742509831896,29.203174591064453
s1560_n309,309,0.7931093851132687,655.921,1695,-26.286017199261003,4.529976844787597,0.2737089497106841,0.03559870550161812,3.803212530059411,1520.8366763101692,2,3.012790471762722,24.89645438121941,-61.388115714525426,18.599220275878906
s1561_n352,352,0.789590625,1309.71,1693,-28.88816367069932,4.554417610168457,0.28095751238955186,0.019886363636363636,4.016771455025729,1743.931334665195,3,3.8381123466146265,28.261867421041735,-72.14034154162155,18.65053367614746
s1562_n448,448,0.8087566964285714,1090.58,1889,-32.911988723636725,4.741986274719238,0.26158386377190496,0.060267857142857144,3.8768729849598556,2485.1966073652993,5,5.836831097317349,54.92443330950924,-97.21678197795978,21.283912658691406
s1563_n490,490,0.7723583673469387,610.013,34,21.304294458656827,10.000287437438963,0.43438668525099566,0.19795918367346937,2.973816099904819,1843.3256919849273,5,3.930515152368745,29.454769825570814,-0.6589785560598815,28.693273544311523
s1564_n508,508,0.8133216535433072,925.595,450,-47.17886938333109,4.638084602355956,0.2387572169503121,0.03346456692913386,3.461383367549336,1311.6621583461256,2,2.549798612259232,51.86677047138929,-118.70105452919888,23.13707160949707
s1565_n566,566,0.8077475265017668,1512.88,2795,-31.141006898295345,4.893689537048339,0.2442558307489198,0.0,3.7935183463409374,2968.5517517678654,4,7.5834387555922085,72.77837232248392,-114.0932842834812,24.347312927246094
s1566_n617,617,0.7864141004862236,2751.26,2293,-42.47732977955077,4.0500284194946286,0.4236708550649911,0.21555915721231766,3.382825530110701,4543.734096291955,13,16.508866404058256,4.395414843950846,-25.327485071158975,22.85348129272461
s1567_n681,681,0.7771323054331866,1282.67,391,-14.23308027944023,4.982642555236816,0.3535296346744181,0.06754772393538913,3.3632200679952957,636.9975785225736,1,0.7065062205607834,55.716888787631525,-35.34403984010042,28.623546600341797
s1568_n718,718,0.7744915041782731,1656.94,6093,18.467626401825125,9.463007926940918,0.12230681287343896,0.01532033426183844,2.6940542487417085,2358.068547745673,0,4.563774960475966,35.79880712444685,-8.213051692220683,25.268081665039062
s1569_n795,795,0.77742,1895.64,10060,43.48043922040466,9.77619533538818,0.09134579289760043,0.0012578616352201257,2.6708846240510162,2734.3220732583013,3,6.009775385789729,84.14802514781513,-14.647050215365244,26.7383975982666
s1570_n322,322,0.795754347826087,596.635,2173,-4.724562728424239,5.957942771911622,0.4201229720002344,0.30124223602484473,3.5761690705927602,2357.773769493735,8,7.312222555460766,48.07390343972741,-34.59123025009247,18.297395706176758
s1571_n393,393,0.8017297709923663,951.627,1681,-27.07478498670445,4.662752723693848,0.455423868286823,0.33078880407124683,3.505005937749471,1743.6108093386056,4,5.628396153047043,43.449240790444165,-84.35742883418501,19.380382537841797
s1572_n448,448,0.7887799107142855,904.975,134,-47.89553904796786,4.0500284194946286,0.4947510467237202,0.359375,3.7678466764212604,3210.9595021440946,7,8.005565663611156,15.405954136533495,-73.52577174144093,22.680171966552734
s1573_n467,467,0.8188674518201285,922.684,742,-52.49305301239657,4.68554515838623,0.22010132954676812,0.0021413276231263384,3.5569214287401487,1366.0182003052469,1,1.9851729995343508,38.65282945750144,-117.98332918715951,21.653697967529297
s1574_n513,513,0.788551656920078,500.72,1921,-2.0519371790872043,6.263679695129395,0.1464013320871865,0.056530214424951264,3.7167188981868184,2851.106436527369,4,10.336490205757219,57.29959778849749,-57.18393975502842,21.510297775268555
s1575_n588,588,0.7899289115646257,72.3466,43,-0.4996453124586552,5.275022315979004,0.20538751573941444,0.0,1.881672493409246,13227.355363951918,31,97.21509629231909,0.0,0.0,22.0712890625
s1576_n625,625,0.8032771200000001,622.17,183,-22.153072178951646,4.942230033874511,0.3894936301190367,0.1664,3.7138795468931614,3897.593562298452,7,14.190584351147447,66.10353028675198,-102.7776694472231,26.727521896362305
s1577_n653,653,0.8177986217457888,1480.01,2187,-49.21226032129563,4.814001274108887,0.14875617764181479,0.0,3.244437197525827,1583.5192223199995,1,2.229325621541142,79.37481009715329,-143.76954822716047,25.429882049560547
s1578_n728,728,0.7764081043956046,1084.28,897,-41.20322101833325,4.793198204040528,0.3402340487761135,0.1304945054945055,3.4804842549643396,3514.715547425231,7,10.507174460287176,20.344338781353436,-85.24778670073103,27.853303909301758
s1579_n768,768,0.7903040364583335,130.132,132,-0.23989838581069733,5.525000190734862,0.1618492568381227,0.0,1.9410396075992364,16588.065501634635,42,129.35840561058254,0.0,0.0,23.479955673217773
s1580_n348,348,0.8092123563218392,533.929,171,0.229775567686481,7.106658744812012,0.5515947106615333,0.9137931034482759,3.636123142247393,718.2707563437204,1,1.7744127313222906,48.98547458438405,-17.32714833950483,18.443552017211914
s1581_n390,390,0.8048751282051282,666.584,1361,-38.4178256298721,4.280510520935059,0.40924793444044366,0.2948717948717949,3.752456985862015,2533.6099852655575,5,6.737297657702748,58.14320410179356,-90.39376364621596,19.95841407775879
s1582_n413,413,0.7973699757869249,1070.59,2274,-12.980360178548466,5.251149940490721,0.11697659146844835,0.0,3.7543560694636975,3535.4025325576017,11,9.647111819256082,50.969990689065135,-61.84105636876035,22.703977584838867
s1583_n450,450,0.7817882222222223,875.869,2834,0.10094420604957577,7.052150154113768,0.15846288288055652,0.0044444444444444444,3.6607972695929996,1928.235401565209,3,8.92193271427383,71.699395450092,-56.58900203408467,20.338171005249023
s1584_n521,521,0.7892115163147794,1627.8,1181,-2.2213604797515103,6.204965019226075,0.16020361337535022,0.0,3.657299290364012,2694.700378124361,8,10.105238780666907,69.7098268084251,-50.21394665408258,22.32373809814453
s1585_n551,551,0.7832911070780398,977.522,261,-20.45364997449596,5.048632621765137,0.1098621552162334,0.0,3.771061032493873,2058.59836420085,1,3.4895848181058273,69.44376997720414,-79.73086784478701,23.68832778930664
s1586_n631,631,0.7954400950871633,1160.85,1382,-24.05772912432161,5.01919002532959,0.23898975067504508,0.0,3.6376341222364217,2560.324358191083,5,6.712531806965807,79.29986880912972,-84.69238851576986,24.84556007385254
s1587_n659,659,0.7734364188163885,1043.47,1117,6.3921361136170205,8.094215202331544,0.26212142531301635,0.03186646433990895,3.3978406218813126,1640.934317604485,3,5.844208953126028,47.29483248068665,-15.702736920237571,26.5388126373291
s1588_n748,748,0.8047755347593583,1405.27,22,-31.799421454786128,5.21716022491455,0.3279142528522147,0.04411764705882353,3.582740567262609,1819.3275049383983,1,3.189317901706461,115.71312316103976,-134.05543148863683,27.8588809967041
s1589_n775,775,0.8088427096774194,934.147,4825,-119.72142762766805,4.3217756271362315,0.56116353061073,0.6425806451612903,3.724035142415485,5108.836029609924,10,15.71726778648004,7.910399078280792,-201.47716402035002,30.37309455871582
s1590_n320,320,0.7902681250000001,525.796,1061,-3.4858254508359963,6.282720756530763,0.4064792807968418,0.1875,3.7492318738045762,1911.2055932882677,5,7.1079932047402465,39.22954312774579,-35.77331334590118,17.897178649902344
s1591_n360,360,0.7884502777777777,684.803,875,-7.869421198121479,5.4964101791381825,0.31763707772084687,0.06666666666666667,4.033490141799743,3071.984371088927,7,10.552457929165278,38.21641459389608,-34.7948432579957,18.727054595947266
s1592_n426,426,0.8099776995305165,1150.6,890,-36.0902922889752,4.647406196594238,0.27956492644791436,0.025821596244131457,3.541611852708126,1935.6811466060876,4,3.670723079055855,38.294108654197686,-94.72657665367876,20.901187896728516
s1593_n479,479,0.802344050104384,827.751,1285,-25.372868812042768,4.801041984558106,0.25458670633330915,0.008350730688935281,3.619634985543692,2334.092557113771,2,8.586249174029103,55.29964288295011,-80.0964250481152,21.78504180908203
s1594_n523,523,0.8275676864244742,653.063,0,-138.95049897290883,4.0500284194946286,0.5265648273083046,0.5258126195028681,3.415883155596938,1688.166884431052,2,3.450458552097914,12.072654700515093,-208.54481712872976,23.11263656616211
s1595_n575,575,0.7835066086956521,1409.4,1835,-44.387356552754134,4.10038776397705,0.3309578057093706,0.04869565217391304,3.7892326274944383,5684.986666442848,23,19.36746046913023,15.862643149646681,-47.37126612432937,23.839494705200195
s1596_n643,643,0.7805175738724728,102.484,27,-0.5436013564146991,5.265302848815917,0.10428228113771405,0.0,1.9973902984321235,14817.359690880492,25,110.38722565970625,0.0,0.0,22.112253189086914
s1597_n694,694,0.8144302593659942,1080.46,5379,-37.9175961021964,5.079950904846189,0.2808563577846371,0.06051873198847262,3.742328742211853,2197.1199029171944,0,4.7458165357345665,71.60752587110515,-117.83706024410691,25.622066497802734
s1598_n730,730,0.7861872602739726,2304.86,133,-83.48716464008066,4.0500284194946286,0.2919141003183588,0.1273972602739726,3.6163938678204586,3090.457605647218,9,10.641254261903574,40.186201598910884,-169.2156856941062,25.855426788330078
s1599_n752,752,0.8026940159574468,1626.03,3902,-94.81011682571726,4.324276542663576,0.35015422061712587,0.12898936170212766,3.8490733477050068,1904.8425375264012,2,6.273245087433219,48.81530196081029,-168.3810818379248,26.046728134155273
s1600_n313,313,0.8234140575079874,679.756,45,-87.48626273851342,4.0500284194946286,0.4395157973853017,0.30990415335463256,3.4129423767752582,1322.9478675403363,2,1.984880934961345,8.46551366784044,-151.05453900178696,20.243682861328125
s1601_n391,391,0.8087312020460358,1044.2,2895,33.55620839220014,9.688389396667482,0.13080257309069251,0.0,3.4815551018660518,1188.1846720947244,1,2.0327224065257337,122.69596210950279,-40.31583077288239,21.499832153320312
s1602_n419,419,0.7726219570405729,2105.02,1180,-8.474946555645438,4.664287376403809,0.2733224184792638,0.0,3.560403529024162,3732.9454775173317,7,11.570214273896013,24.591489302620506,-16.332897320078022,21.425018310546875
s1603_n489,489,0.7658392638036811,2799.19,1250,-1.2766348229055815,5.511358833312986,0.3480081266458448,0.010224948875255624,3.543990969138351,4268.909809079782,12,13.777176566851402,22.938451544161232,-8.80541035391723,22.07164192199707
s1604_n544,544,0.7894869485294118,2434.24,777,-51.27330148347557,4.9413774490356435,0.17830915197071034,0.0,3.812915283170947,5511.875292599462,22,18.63959421831613,25.133933353638696,-120.70244834712204,26.94161033630371
s1605_n599,599,0.7883278797996661,1249.27,330,9.667765022211299,8.59249134063721,0.14457438279099263,0.01669449081803005,3.451797401057427,1840.2479590804,3,2.6637356666328147,96.62887948393069,-62.88537276894016,24.74293327331543
s1606_n614,614,0.8107397394136808,420.463,454,-25.23396575697808,5.294802284240721,0.344859517380941,0.057003257328990226,2.9379391519352156,1868.486997449258,3,3.7468924826691214,90.42041182152872,-111.72459383177502,25.75098419189453
s1607_n698,698,0.802121776504298,1398.52,1101,-18.313905209536784,5.065741157531736,0.24104250417719844,0.0057306590257879654,3.6602647165428435,3852.7994678474934,6,8.017930301722362,102.42403737921578,-93.92181200813484,27.392120361328125
s1608_n724,724,0.775403314917127,798.096,19,-67.59123159673314,4.0500284194946286,0.33177917387166583,0.11602209944751381,3.65589329690145,1400.7478049344923,3,3.2942312450699247,0.0,-97.11537343864411,25.558380126953125
s1609_n756,756,0.8516202380952382,868.802,224,-310.6292551396387,4.0500284194946286,0.7518799956344606,0.8637566137566137,2.9368257299614973,2048.042799894584,0,6.522775029706104,3.322452850197032,-385.7025768091306,26.02107048034668
s1610_n311,311,0.8060289389067525,713.972,1283,-8.253804651457386,5.319640922546387,0.21288121589324463,0.0,3.850421346725752,1748.1526313666152,3,3.19544451669762,49.376249669629715,-46.38650988340292,17.950952529907227
s1611_n384,384,0.7656776041666667,741.348,1984,-0.22789802720636487,6.57771511077881,0.24616101990958497,0.0,3.0489699877431207,1529.0211483562762,4,6.147989199671978,22.115318049871988,-3.605887966164576,24.720632553100586
s1612_n438,438,0.8096655251141551,1137.72,608,-20.28187665227371,4.907501411437988,0.28282025017278606,0.02968036529680365,3.4295344332456787,2034.5817891221473,4,4.27937669837234,44.66967623082962,-76.51898165753317,21.405048370361328
s1613_n451,451,0.7632578713968958,1324.93,210,7.984784645223023,8.565092277526855,0.12000509334810973,0.013303769401330377,3.881507387407363,3223.760232722547,8,8.891777582487432,97.78335703452241,-63.378232211589946,23.1789493560791
s1614_n515,515,0.7983398058252427,1120.26,2873,-15.78839807515621,5.293608665466309,0.18016840984198315,0.0,3.913727377582895,2506.7986764359425,5,4.2673086789782575,66.02098666537003,-84.47918851600787,23.53632354736328
s1615_n551,551,0.8074023593466424,563.422,816,-24.04834579112304,4.999410057067871,0.4236513519856038,0.279491833030853,3.2602887721146145,3464.7757599838937,4,8.68620789497448,61.809767847249816,-86.09704391053297,24.907365798950195
s1616_n621,621,0.7596925925925926,803.712,1600,5.9277354548737655,9.89333438873291,0.17061838709677912,0.0,2.844737188754975,1132.9963683598753,0,4.477933847912201,8.257770549168075,-4.360551262181858,23.557079315185547
s1617_n697,697,0.809990387374462,507.28,1,-5.201944826843544,5.7838449478149405,0.25861122962178806,0.08751793400286945,3.461659633849069,4813.120478563324,10,31.410320099079044,83.17172935587612,-107.19710026781271,28.03195571899414
s1618_n718,718,0.7719097493036211,864.351,248,47.43688315774283,9.905003166198728,0.21233059343131008,0.006963788300835654,3.4695956879898064,1592.5179865640328,3,3.245378613710284,213.1891530257468,-90.08987300712688,28.436168670654297
s1619_n752,752,0.8065521276595745,1538.48,8201,-117.0318699993833,4.372817039489747,0.08663656275952356,0.0,3.131462535829068,2290.057502249112,2,4.694440567927349,39.229829355778634,-229.6706253173378,27.008981704711914
s1620_n315,315,0.7824869841269841,686.297,640,-6.840830510961865,5.6201486587524405,0.3177457080975145,0.14603174603174604,4.004545042772195,2565.380147442151,6,8.982578648393456,33.80153847704541,-32.102720126648734,18.510299682617188
s1621_n354,354,0.8042977401129944,623.484,1248,-26.168881962946248,4.816331672668457,0.5108604822586412,0.4915254237288136,3.884045421476909,2217.8961697355508,6,4.159846460718341,23.518495141373627,-57.8803720892183,19.200231552124023
s1622_n413,413,0.8009968523002421,554.757,1355,-12.676142955879378,5.317594718933106,0.47004028038655105,0.387409200968523,3.5709635399336883,1999.1068486383083,3,7.29007806129825,49.022848324585176,-52.12667147067279,19.458131790161133
s1623_n461,461,0.7974737527114968,960.221,0,90.20677143037852,10.020659446716309,0.19889702786547064,0.0455531453362256,3.2433639493392774,749.9927532180984,1,0.17801906242385296,193.47107962602817,-13.651176908777474,22.898704528808594
s1624_n549,549,0.7579258652094718,799.734,1748,0.2936938224709156,7.136328697204591,0.15507066148900892,0.007285974499089253,2.910091427230498,1149.8216072650216,1,3.869543453846278,7.339366217624228,-6.645986174917121,22.34818458557129
s1625_n577,577,0.8152915077989602,391.88,46,-60.87375247287595,4.488257026672363,0.18024262503211114,0.03119584055459272,3.338745697567695,4890.6912601398235,18,26.227200511665792,46.60747301944536,-117.4503139680115,24.80797004699707
s1626_n613,613,0.8114980424143556,1501.01,1829,-45.047857444445455,4.647292518615722,0.26961842785956625,0.03262642740619902,3.547631023213207,1809.1297980400527,1,4.153126136260068,50.79197680855484,-118.32471826988743,24.429279327392578
s1627_n662,662,0.8025586102719033,1314.49,2488,3.571140834953596,7.972821235656737,0.11949536101312401,0.0,3.421078624378537,1660.062536606634,1,4.176208866178807,112.02656293105892,-97.16368675558532,24.71445083618164
s1628_n733,733,0.7625199181446113,2086.21,290,-26.407931434450006,4.777908515930175,0.13942375222589717,0.11869031377899045,3.684287154962152,4941.639339130351,5,14.170681911041942,72.32061744110123,-92.48977809307922,26.50979232788086
s1629_n795,795,0.8129671698113208,760.142,418,-0.4996453124586552,5.275022315979004,0.6349000060146502,0.7911949685534592,2.336427633287257,5919.154193665239,20,45.12395887145311,0.0,0.0,26.7623233795166
s1630_n320,320,0.8009315625,828.029,1382,-15.81614591848647,5.048405265808105,0.24168730243716716,0.0,3.9797334052543247,2589.1959952022326,6,4.839429231460006,37.96439686226793,-58.46801010888885,19.401203155517578
s1631_n383,383,0.8022237597911226,1034.94,1267,-11.047984687920788,5.331804466247559,0.1480792635469109,0.0,3.7629010313154496,2589.883786130286,6,5.66067902772213,58.360511231443795,-62.53192868983815,22.44709587097168
s1632_n413,413,0.8036486682808718,994.68,697,-28.791099526704144,4.731868934631348,0.34956248110740645,0.03631961259079903,3.973783794215533,2419.353712527808,4,7.372768120896421,38.080204795667974,-81.27144822833128,20.518098831176758
s1633_n497,497,0.7853539235412474,1694.05,482,-19.489396012529284,4.0500284194946286,0.4606060537397163,0.3460764587525151,3.450437940604318,3988.39738380061,10,14.392418545814682,4.627304077860478,-16.98046137376782,23.221599578857422
s1634_n531,531,0.8109090395480226,970.869,2952,-47.19972747628849,4.581472969055175,0.22911491782134719,0.0,3.7253592664339013,2049.846939812217,1,5.0165007316781915,50.2471030615437,-124.25833034077255,23.301706314086914
s1635_n559,559,0.8166169946332738,310.544,152,-61.10194820960247,4.45222110748291,0.5741633892706112,0.6976744186046512,3.1264753936685263,1794.3107824792378,5,8.123559710771838,56.281056661127025,-130.02484634112577,25.250152587890625
s1636_n621,621,0.7880999999999999,49.0052,25,-0.4996453124586552,5.275022315979004,0.36602984022823215,0.0,1.6899551521053904,9678.265115032864,14,70.5067517182018,0.0,0.0,21.207149505615234
s1637_n663,663,0.7961930618401206,1938.54,263,-11.674082264509721,5.593206977844238,0.2468397976629501,0.010558069381598794,3.8043501607953987,3032.286280493596,3,9.994647091755503,76.09878586751196,-59.28498301011966,23.690780639648438
s1638_n742,742,0.7893299191374664,1770.2,52,23.472152415525553,10.01498622894287,0.48335822787730864,0.46495956873315364,2.8863117518915646,1573.3096809089723,4,5.070528397664899,30.612305624155198,-2.98870754451574,27.113155364990234
s1639_n762,762,0.7567543307086614,1497.94,499,-17.686557987675478,6.070370292663574,0.12807345229145292,0.011811023622047244,3.678143647651074,3681.2513161357865,3,10.531170147532048,20.400133898553328,-27.444874112162815,27.55716323852539
s1640_n303,303,0.7915752475247524,647.964,844,-11.678054515121204,5.335101127624512,0.3493183993687092,0.12871287128712872,3.6819445056617517,1352.258829660613,3,4.574339038923128,37.94288877362101,-47.212034990284295,17.66185760498047
s1641_n388,388,0.8100546391752579,636.32,1085,-65.48996183374857,4.318081092834473,0.37747064106069117,0.19845360824742267,3.814858775639282,1569.2575698384155,2,3.94345918824597,21.871360519666414,-120.3614607248974,21.543935775756836
s1642_n431,431,0.7556828306264501,667.036,387,1.4480794455370454,8.031487464904785,0.08631939834826703,0.0,2.4669443137979887,957.9772000475458,1,3.1790141360616047,2.2762416850594995,-1.341489876210343,21.456180572509766
s1643_n452,452,0.81660796460177,704.614,2226,-32.18682069362191,4.9588838577270495,0.31100598968306625,0.061946902654867256,3.844150455731827,1957.117165004452,1,2.7575881931974533,48.78068228922379,-88.35600931556203,21.903772354125977
s1644_n519,519,0.8039360308285164,996.541,2644,-29.914010955390708,4.89732723236084,0.20573041589416738,0.005780346820809248,3.8209754753459153,2714.1809702161395,3,4.434443061874351,53.38098341723142,-90.56028735556401,22.41753578186035
s1645_n589,589,0.7586037351443123,1032.04,1948,-7.955038458449453,6.006426429748534,0.19253027267338352,0.0,3.4714569510541695,1775.1678115433187,1,5.127904359361732,5.255411378471725,-8.294993874006165,23.466468811035156
s1646_n648,648,0.8509456790123457,1461.03,183,-283.94003494706726,4.0500284194946286,0.9005000458456698,1.0,3.1506964958175283,1037.178845339388,1,1.6922632224172576,0.0,-445.33738078261297,25.155635833740234
s1647_n694,694,0.7928736311239192,113.525,60,-0.4996453124586552,5.275022315979004,0.36826468089720554,0.002881844380403458,2.095879070085583,10614.788520316684,20,86.39060223290434,0.0,0.0,23.95717430114746
s1648_n724,724,0.7567301104972375,1950.98,272,-47.23951309622015,4.438011360168457,0.04266331263696528,0.0,3.3963669621389356,6884.252702842245,13,25.232143632394425,4.444453065552056,-42.437994264363546,27.212018966674805
s1649_n785,785,0.8029769426751593,1717.59,5888,-26.19752346730317,5.034195518493653,0.15533211854073808,0.0025477707006369425,3.259332846945624,2440.9397083768454,2,4.540116809400049,67.6170485096503,-108.49624296548808,26.44438934326172
s1650_n339,339,0.793987610619469,690.01,1015,-7.3825861265822965,5.201984214782715,0.2337320040711141,0.058997050147492625,3.910786069346762,2593.7367360819867,8,7.757044877831011,41.55768794816943,-34.93315719987596,18.214567184448242
s1651_n384,384,0.8144932291666667,872.518,1119,-19.204402807088783,4.914208412170409,0.28815845565932324,0.0234375,3.7191125838237005,2131.714407302997,5,6.319715860680328,46.4777239332403,-67.43842427113694,20.74860954284668
s1652_n416,416,0.7737055288461538,855.065,4691,69.78492831508541,11.999967765808105,0.1881653990604091,0.0,3.111233283318333,966.8554832152732,1,3.2479848032718,192.15276171462781,-20.1516164683317,21.97223472595215
s1653_n467,467,0.7993715203426124,1157.64,1224,-33.98263719181979,4.79262981414795,0.07524791460859433,0.0,3.564318814945098,1534.3845946906315,1,2.8577119762991487,46.0232443779355,-96.62884159435265,21.522228240966797
s1654_n511,511,0.7965677103718201,1452.67,100,-26.409826247305297,4.7834787368774405,0.22146928018766762,0.0,3.6889976960560364,2868.3938345110864,7,6.337818688907127,44.19395498109316,-87.88319056317259,21.88141441345215
s1655_n570,570,0.8068191228070176,1455.88,60,-60.592184408618394,4.205142021179199,0.6062938760517034,0.7421052631578947,3.8115345080076968,2959.113437418372,7,8.236464085533246,21.32016801562147,-103.77612209846401,25.50171661376953
s1656_n648,648,0.7656179012345679,1097.69,32,0.037181471575351566,7.004803276062011,0.23097283031415344,0.10648148148148148,3.6309241336578815,1605.2719451161713,1,2.3835494989578856,57.08680817281572,-51.73466182655562,24.94266128540039
s1657_n667,667,0.8044034482758621,620.712,1256,-13.18057437123852,5.707453346252441,0.30850387322899425,0.046476761619190406,3.2390035826113373,1946.3581890475787,5,6.902106967440442,98.44170098386078,-96.6278824387772,24.410085678100586
s1658_n706,706,0.7512167138810198,1435.04,784,-5.806665052711228,6.358430290222167,0.07667699384692148,0.0,3.5305697171111667,2107.4213576815177,2,3.8480067211997038,24.519126894698733,-20.92431560328818,26.157363891601562
s1659_n781,781,0.8208615877080664,1941.53,1241,-165.0247549875308,4.0500284194946286,0.7746467369632059,0.9910371318822023,3.2650013007978083,776.486826201203,0,3.1154466326622026,20.67514910106504,-279.5042659697411,25.613922119140625
s1660_n345,345,0.7870834782608697,741.297,1408,-9.622815163839824,5.467024421691894,0.29258957606706604,0.08985507246376812,4.002540844737257,3354.8994067962863,10,11.982174170738965,27.65960968880669,-32.1312065964228,18.58501434326172
s1661_n372,372,0.7946873655913979,1260.76,569,-9.354521626277041,5.230972099304198,0.1899055140458133,0.0,3.7667312138018985,2559.4328242485967,7,6.4865656586082805,54.576743827572386,-46.24613280962369,20.485103607177734
s1662_n448,448,0.8036107142857143,994.584,2417,-35.30879941854878,4.836282157897949,0.25380134160311313,0.078125,3.983835888285186,1603.7283080052835,3,4.3367247586424496,45.77951789104083,-93.29772867168504,21.334077835083008
s1663_n492,492,0.7762617886178862,1179.59,4191,17.47844447624045,9.662344169616702,0.12877777248764283,0.008130081300813009,2.700951148896959,2129.201642499016,2,3.819407109880305,33.19045203519584,-5.903113626142936,22.31914520263672
s1664_n502,502,0.7937758964143427,1512.6,1608,20.602587464315278,9.57692356109619,0.23758529436212064,0.00199203187250996,3.034416649113294,1766.8317535172002,2,3.7523447664962197,60.44650809305844,-21.510782803988892,23.032588958740234
s1665_n556,556,0.809710071942446,1094.45,5450,-50.261247565920456,4.689353370666503,0.127044334026105,0.0,3.333233226330454,1866.7874949850498,1,3.429650434833845,52.89776177200727,-131.2796070577162,23.550010681152344
s1666_n628,628,0.7581412420382165,1343.64,0,26.332820549277127,9.449598503112792,0.07172406372746934,0.0,3.43643949672509,4313.0448166698225,7,15.149802540948265,80.07222533638492,-14.262924314605167,27.44472312927246
s1667_n698,698,0.829757736389685,776.381,2413,-164.96699048778805,4.0500284194946286,0.44201375033783136,0.32951289398280803,3.387506848725539,2607.7417294546417,10,6.590659615428203,23.627338239380787,-276.458708307621,25.884319305419922
s1668_n700,700,0.7981057142857143,2027.16,1397,-26.727930021440216,5.007651710510253,0.35123249541669654,0.22714285714285715,4.086445575169475,3586.944951302821,11,12.266722714888573,80.33401816140318,-90.3160639812551,26.080957412719727
s1669_n756,756,0.7978457671957672,1672.1,4043,35.696214509755485,9.698768806457519,0.2540146325269989,0.021164021164021163,3.055026726218821,2022.1634793972676,2,3.995136752887553,79.84633733312549,-19.04130789964743,26.386152267456055
s1670_n331,331,0.7728885196374622,1451.62,2472,-12.508984605448111,4.0500284194946286,0.2848376149184221,0.027190332326283987,3.5264428244929276,4046.916548264979,11,15.874789167707593,4.908524525666681,-7.495881023344456,18.669286727905273
s1671_n389,389,0.8004668380462725,774.396,1199,-11.327902221376917,5.069890403747558,0.21329164858511956,0.0,3.219850247384074,2192.061643956711,4,9.6111214691748,42.58529307064965,-52.20867775298947,20.520538330078125
s1672_n402,402,0.7930383084577114,1094.17,689,-16.01519626723561,5.068810462951659,0.2649417193212692,0.06218905472636816,4.097494366528658,2983.5240020203596,10,9.047858981723271,47.57501756972371,-75.29226321099281,22.16153907775879
s1673_n491,491,0.8052698574338085,1470.89,1463,-26.917883310431037,4.905057334899902,0.2541233279553488,0.054989816700611,3.9012819377953516,1699.3220222607204,4,4.3882003109340815,50.33494777636225,-76.71551805885098,22.542512893676758
s1674_n502,502,0.7710059760956175,1014.64,646,-23.011423571172095,5.263995552062987,0.12061361210665784,0.043824701195219126,3.9858392067129826,2676.634680761798,5,7.654361095926105,46.745600555352894,-68.0974169847224,23.215410232543945
s1675_n590,590,0.8138706779661018,900.646,2336,-144.86015827626372,4.0500284194946286,0.3395306968096986,0.1694915254237288,3.4557662805088283,1820.6399241651307,2,5.851268946336562,15.942056646318662,-222.0111711507903,22.808868408203125
s1676_n645,645,0.8026524031007753,1487.85,1808,-19.435913828191076,5.054998588562011,0.2533528696523748,0.0,3.5580496452700565,2821.726346434888,7,6.904398669226224,72.97299434876567,-84.36420438545989,24.895837783813477
s1677_n674,674,0.7689020771513353,1425.33,155,-20.49471522635983,5.244840812683105,0.23406630507691137,0.09792284866468842,3.6983559808847617,1615.5841940424014,1,2.849831396119848,39.05772728317104,-72.7915882396841,24.728614807128906
s1678_n718,718,0.8120203342618385,565.689,1,-4.2354153420513185,4.0500284194946286,0.8015181414680517,1.0,2.5786087009170187,1679.1861031798658,3,0.6235846792930868,0.0,-6.609572254533728,27.921512603759766
s1679_n750,750,0.7665239999999999,4385.13,6052,-24.541197260143605,4.0500284194946286,0.3277282749761645,0.04,3.445634536293301,7616.644514208412,24,22.40521360197951,12.240910883614102,-14.687496696928815,26.131925582885742
s1680_n312,312,0.7995048076923078,869.092,1211,-12.03501149295905,5.07472171783447,0.23903325571600526,0.0,3.9052732296298918,2922.397737028028,7,8.903151996643885,36.786273163532194,-41.08353791622806,17.637107849121094
s1681_n358,358,0.7877181564245811,437.034,1422,-9.849482198800686,5.45099582672119,0.2816135338623787,0.025139664804469275,3.5059137610877826,1648.5815058296503,4,5.736226635426392,50.68621635278808,-49.373586596531624,18.90873146057129
s1682_n434,434,0.7973951612903225,500.689,3016,-89.82821776584355,4.0500284194946286,0.4297439730938595,0.27419354838709675,3.6714203635077323,2884.060955998011,6,9.797289534751162,7.222161790250201,-129.63423104407394,20.29932975769043
s1683_n462,462,0.7908965367965368,1449.01,2782,-12.939893655599668,5.279626274108886,0.22418090157612594,0.023809523809523808,4.095288060315788,3473.864548315132,7,9.964728622891727,64.54122887095949,-72.80570989282633,21.614412307739258
s1684_n511,511,0.7969784735812132,844.245,69,-7.5756555603419855,6.429479026794433,0.34966406389030913,0.09197651663405088,3.7170633041896552,3902.613759783789,3,5.008020895169141,76.89780483489531,-100.42396724610663,25.84630584716797
s1685_n586,586,0.8009455631399318,1214.39,80,-26.47887432447466,4.974912452697754,0.20060437889121413,0.017064846416382253,3.594471355463858,1601.902695668343,0,3.305381806542528,72.40448528814763,-95.27201100130537,23.254926681518555
s1686_n612,612,0.7817049019607843,1334.1,1076,-21.15919963370574,4.629104042053222,0.4467931159418913,0.41830065359477125,3.8086208178712218,3583.9729491451417,7,16.015133395929315,38.064354478079316,-56.57159049248123,24.274799346923828
s1687_n683,683,0.7638587115666179,1405.11,3067,-13.817784681959829,5.185557746887206,0.11425524806525231,0.0,3.5159965935921473,1815.2275655575609,1,7.065617286095397,21.5588029071831,-39.46502722749298,26.522022247314453
s1688_n705,705,0.7526229787234042,1171.89,5351,-2.7235198339409816,6.280447196960449,0.06698568606809137,0.0,2.8641398067406043,1161.814890581097,1,2.1957321688844953,7.262206845252043,-6.625577777707954,24.87857437133789
s1689_n776,776,0.807698969072165,1715.81,2515,-47.79391546684896,4.860211372375488,0.17494820264477795,0.014175257731958763,3.5827952378657515,2312.5346516741506,1,3.7851320269488338,74.83054503706413,-136.71078309678092,26.725366592407227
s1690_n335,335,0.7845632835820896,669.242,1556,-11.060896408826512,5.013733482360839,0.28446537935230987,0.05373134328358209,4.049844255277653,3013.7944013990204,8,9.719261990037424,27.991169231742465,-33.979311157732354,18.36394691467285
s1691_n395,395,0.7944402531645569,707.589,90,-14.333282288699884,5.446732902526855,0.49060034583920226,0.3924050632911392,3.8319894166856683,1231.4285513627199,1,4.8101233319971834,55.078233613583976,-57.81264348091737,22.19334602355957
s1692_n403,403,0.7952163771712158,253.183,2367,-28.41230871621666,4.0500284194946286,0.46136014818448384,0.41935483870967744,2.7557316776778777,6112.951130111304,17,44.80851975542268,0.4907646956681772,-47.689476375728376,19.978111267089844
s1693_n481,481,0.800309979209979,721.672,67,-19.904794582964,5.362952232360839,0.5493047584810244,0.6091476091476091,3.7908747840073014,1925.3659476806179,4,5.330551663733687,60.25423532525059,-67.42833481271701,22.0303955078125
s1694_n515,515,0.8194598058252427,743.93,102,-103.92687300166082,4.0500284194946286,0.6209913909533972,0.8524271844660194,3.621600844680645,1874.5644036921785,3,5.4834579237756165,13.338380430351615,-180.4144126258951,24.897571563720703
s1695_n572,572,0.8050244755244756,1364.44,2230,-7.433143898342692,5.483564567565917,0.2666069771046228,0.017482517482517484,3.563051243208423,2032.5529235564973,5,6.036350985094441,81.92982499667227,-73.30593601247696,23.182859420776367
s1696_n621,621,0.8114103059581321,426.968,558,-57.26090738315958,4.500932121276856,0.23127435186489867,0.07890499194847021,3.473800507227773,3287.9196779353215,8,17.660800850210286,56.73840025556959,-138.99526506875497,24.773038864135742
s1697_n687,687,0.7618902474526928,1259.77,653,-3.485081982785175,6.687471199035645,0.12732474903689048,0.011644832605531296,3.5300417478996433,1181.3031419403706,2,1.903966737281573,37.42617012212108,-19.85412939652766,27.03697395324707
s1698_n710,710,0.7897798591549295,1652.39,0,71.80844416729745,9.500012779235842,0.2234206757400379,0.016901408450704224,3.5204843638467946,1002.0419755520297,2,1.543475482921408,150.052234922079,-64.08652809219089,27.875019073486328
s1699_n756,756,0.814845634920635,1673.36,5955,-125.9553467067958,4.212019538879395,0.13240703086107164,0.009259259259259259,3.1903815814050405,2550.6370384082516,1,7.7187302741616906,31.256339561696876,-240.8130526396291,25.986133575439453
s1700_n347,347,0.7798783861671469,681.421,1302,-4.80230484042405,5.905878257751465,0.2997442058091391,0.05475504322766571,4.0199069794921485,3141.165297290352,8,11.541292542063108,30.71852392795392,-26.533579601061987,18.72634506225586
s1701_n384,384,0.7937106770833333,751.112,2102,-14.468903521806688,5.263142967224121,0.42187684947560933,0.22135416666666666,3.787857737758417,2137.673594377112,5,8.78482280841176,36.2228765841656,-47.35988270350334,19.223276138305664
s1702_n417,417,0.8098645083932854,1022.0,743,-12.338244094934929,5.088874626159667,0.3654448716016547,0.1486810551558753,3.734632951359565,1889.5530079251964,4,3.68318751304366,50.637333141673196,-47.41219825112178,21.01136016845703
s1703_n464,464,0.798051724137931,54.2275,12,-0.4996453124586552,5.275022315979004,0.293475981667746,0.0,2.0572060693701757,8717.428069863397,15,61.21411822826772,0.0,0.0,20.788455963134766
s1704_n536,536,0.7838535447761193,1410.66,1271,-36.43408373504263,4.319331550598145,0.38222275819261825,0.16977611940298507,3.864757158037343,2213.630996250262,2,6.621516645436916,22.895368443467518,-67.18549720974923,23.763782501220703
s1705_n597,597,0.7660194304857622,1532.77,2659,-60.450263074640574,4.0500284194946286,0.22555031601848602,0.0033500837520938024,3.313011687453044,5692.312926757072,19,14.812869444006132,3.2034839600726484,-46.119604756598605,24.3743896484375
s1706_n621,621,0.8045689210950081,1993.06,2289,-23.23905244698055,5.101038169860838,0.2850378593848059,0.027375201288244767,3.8085494919520726,3722.8108475946765,14,11.69035216166671,60.96630397970603,-114.55872966146495,25.91962432861328
s1707_n651,651,0.7796256528417819,1499.13,8319,7.608668588856489,9.0516996383667,0.10910262306637886,0.0015360983102918587,2.7153711180525377,2171.821354564216,1,3.129516747544499,36.99785205329361,-23.903824960130123,24.619810104370117
s1708_n735,735,0.7797737414965987,3463.72,276,-70.46080271505697,4.0500284194946286,0.42383791912944435,0.19183673469387755,3.6932442653090356,4051.978474891578,20,20.003291240455987,7.888122272789126,-84.42121834441475,25.891115188598633
s1709_n756,756,0.8329235449735449,1743.09,0,-268.1959019785136,4.0500284194946286,0.8060446709416372,1.0,2.5330510582748307,869.2955729552592,2,0.3866851977840675,0.0,-520.4904288194791,25.993419647216797
s1710_n318,318,0.802553144654088,405.506,870,-11.535259469627746,5.403648948669433,0.49909403425198556,0.44025157232704404,3.5897932466388505,1792.0901656520105,4,5.342803085226169,39.72093878944364,-41.51712898834708,17.68804931640625
s1711_n397,397,0.7830246851385392,708.685,85,-42.3764020363915,4.0500284194946286,0.33702150719429413,0.163727959697733,3.5062640897613564,1662.3233512788247,4,4.861979016965555,22.24189690092701,-73.73208643863498,22.448083877563477
s1712_n419,419,0.8061990453460621,949.21,557,35.04162321117553,9.633139991760252,0.1439317122217183,0.0,3.6243483855723055,1775.5236164903565,4,3.917073100352192,107.28262900908089,-28.041691600663626,21.33591079711914
s1713_n478,478,0.7886939330543934,1429.3,43,2.1392601535939306,7.231590843200684,0.4064399206850138,0.2615062761506276,4.022290948670171,2337.2375985862386,3,7.809660849105558,65.4793042212154,-35.9870405771756,25.533489227294922
s1714_n519,519,0.8027127167630057,1429.79,1634,-19.370312672342294,5.029477882385254,0.20784141315818358,0.01348747591522158,3.617912940525519,1566.3806071716433,4,3.6676052676317252,56.66030779752289,-69.94513773214896,22.336162567138672
s1715_n571,571,0.7816625218914185,1477.6,1663,-56.17633448551689,4.0500284194946286,0.29030294059952566,0.01926444833625219,3.5523834268732815,3806.35270794969,12,11.643609081589348,14.814767045382096,-47.28485247128401,22.702608108520508
s1716_n623,623,0.7948516853932583,1720.27,778,-74.21613736640096,4.102149772644043,0.47382379431768745,0.3884430176565008,3.8785747189551847,2429.9113385491705,8,6.339116536332161,23.609225990781308,-154.71934177302595,25.584613800048828
s1717_n675,675,0.8000659259259258,998.952,2788,24.573050240400647,9.22763385772705,0.21985434135268847,0.0,3.3032164499082564,2467.0149110587245,4,13.002812164659652,164.5727035466719,-69.99852148740965,25.97304916381836
s1718_n716,716,0.7671392458100559,1826.63,28,-46.335947415547395,5.499422645568846,0.09634429330753112,0.03910614525139665,3.576209564813471,4060.422774949795,3,9.621102591861927,7.830408766217936,-32.45188080181065,27.00723648071289
s1719_n795,795,0.7899247798742138,1009.77,1321,-51.814261015662396,4.738519096374512,0.22746440772843912,0.006289308176100629,3.5925771979290975,2922.998869003506,5,10.308127792959306,62.66823348747416,-142.2081511779332,27.784183502197266
s1720_n335,335,0.8098531343283581,727.971,2024,-43.23961292021596,4.410217094421387,0.23153781735185822,0.05373134328358209,3.638762849598541,1376.7383614605428,2,3.916121307208488,21.86177785660217,-92.67017298919865,19.090784072875977
s1721_n351,351,0.7995461538461538,582.14,695,-23.172591061964297,4.962692070007324,0.4693580194608244,0.4131054131054131,3.8217124856303024,1216.7803043683625,2,3.9268777343207772,25.550217288947515,-56.00972064771469,18.702089309692383
s1722_n425,425,0.8105687058823531,991.209,574,-29.289708282619465,4.676337242126464,0.3039808092172059,0.03529411764705882,3.4445789379688745,1705.2687947988663,4,3.599993403524637,40.75614069895564,-81.59915606340661,20.629785537719727
s1723_n486,486,0.8077839506172839,1290.51,53,-123.15474710571499,4.0500284194946286,0.6448788971185917,0.897119341563786,3.668792992060325,1172.9997717459482,2,2.84864179456728,2.5231585385588517,-184.11792385298816,22.836639404296875
s1724_n541,541,0.7600177449168206,350.749,2213,-2.494024388512235,4.0500284194946286,0.07992491173693925,0.0,2.3335034817419213,12514.417959060138,37,113.70410404798332,0.0,-3.8045553427548375,21.673315048217773
s1725_n559,559,0.8070327370304115,1404.18,2081,-39.15064490430072,4.714192008972168,0.2218229277816219,0.02146690518783542,3.631157874699338,2111.8180552507674,5,5.127454870043216,47.99800754738863,-112.85893669137315,22.70451545715332
s1726_n636,636,0.8294672955974841,1288.59,108,-163.9894944297175,4.0500284194946286,0.42294278092047155,0.279874213836478,3.5513568693939437,2571.8236418953,5,5.899305864001011,14.230915852159717,-264.28311436487314,26.149818420410156
s1727_n692,692,0.7678307803468207,2660.72,937,-0.748821669068171,6.140566444396971,0.3422535303813416,0.07803468208092486,3.453388902628647,5279.514194358302,17,22.221565758586937,10.658703886926853,-7.727056928081059,24.735973358154297
s1728_n746,746,0.7655213136729222,1004.47,32,-27.69447057698876,4.287729072570801,0.10678686347247585,0.0,3.5283720825079836,4109.4570638117675,28,24.883123516417665,38.18858068395417,-67.62408569992358,28.740915298461914
s1729_n798,798,0.7874234335839598,69.7541,40,-0.4996453124586552,5.275022315979004,0.3601950764592104,0.0,1.7177529425834923,13036.21112959963,28,92.97654723205636,0.0,0.0,24.929962158203125
s1730_n332,332,0.7957361445783132,897.054,471,-28.119599161002,4.863905906677245,0.3346186495595107,0.1566265060240964,4.148044293177055,2545.2704816596565,2,5.938005503023781,33.69867571948232,-56.75813947973164,19.42026138305664
s1731_n375,375,0.7660645333333334,1847.96,1633,-9.497505138768496,4.492349433898925,0.22087403723958074,0.0,3.5813430859213797,3941.371278582745,11,15.753463508804316,14.8646345593489,-11.871326570716825,18.88520622253418
s1732_n441,441,0.806127664399093,958.886,2246,6.579444032529395,8.794793128967285,0.18276282187682857,0.0,3.376971983765154,1710.1654018758165,5,3.026069751855219,80.16387652662456,-54.25116770156591,21.297821044921875
s1733_n495,495,0.788150909090909,945.067,3270,9.256963060544848,10.687327003479005,0.37068901067223364,0.08686868686868687,3.5831532752735495,1275.6437818499849,1,3.338355078491791,97.92241499306081,-49.669967537249285,20.983760833740234
s1734_n503,503,0.7793994035785288,1344.16,241,-15.467858331335357,4.295459175109863,0.3091536223752257,0.05964214711729622,3.519115488525012,4767.1047863799695,6,21.76836816938811,15.33617347551847,-50.4886490901888,21.43621253967285
s1735_n587,587,0.8057091993185691,271.619,106,-4.349795940215344,5.713535118103027,0.203759139830426,0.06473594548551959,3.452760818834217,5637.919431256533,17,32.65539542075304,71.92955523149412,-75.35422059395678,25.281660079956055
s1736_n644,644,0.8416889751552796,939.064,1734,-257.7343922904607,4.0500284194946286,0.6180673062185599,0.6381987577639752,3.111905936677505,1602.481419248892,2,2.668717980509947,6.368763106880447,-337.9382486532716,24.061586380004883
s1737_n682,682,0.7923450146627566,1237.23,2246,-7.429448232839306,5.397737693786621,0.2769910044131517,0.054252199413489736,3.3163288619842177,3494.6348394056654,8,18.160920368364245,59.43236417852677,-55.58733406167323,24.729576110839844
s1738_n727,727,0.7686078404401652,1083.09,0,-30.472405781793903,4.641267585754394,0.18629062190213883,0.009628610729023384,3.6504543106354985,2226.4052803885133,7,6.210647354092688,74.06312251795879,-69.51952646855938,27.425207138061523
s1739_n766,766,0.8088160574412534,1212.51,763,-60.10466299672001,4.7464197158813475,0.36073122864885476,0.185378590078329,3.629599377079251,1081.5817134627719,0,1.3552631971274112,93.43632822367067,-143.18907424190616,26.232114791870117
s1740_n348,348,0.7864155172413793,711.641,2204,-16.93266784710297,4.865497398376465,0.32376120343843084,0.06896551724137931,4.049691511963872,2309.243066888642,6,6.451504813642421,32.91632203390046,-49.71082929349437,18.55652618408203
s1741_n371,371,0.7493291105121292,470.244,911,2.9292026221212693,9.59955196380615,0.04553914185355913,0.0,2.2266997821908254,859.4694429217079,1,2.415697000905375,2.5828049019202037,0.0,20.765121459960938
s1742_n423,423,0.7891087470449173,1154.36,1438,43.47667165837625,9.819002342224117,0.06621004902611113,0.0,3.352199225549994,2270.3871708740103,3,4.494479567595142,107.10097430976082,-24.101651934777692,21.557241439819336
s1743_n468,468,0.7610108974358974,1165.54,14,-17.029624757134982,4.764153480529784,0.13415845190333509,0.0,3.4621189366847234,1455.4555200321035,1,2.8237890461615605,20.64900926342461,-29.326711480939043,22.664579391479492
s1744_n526,526,0.7996262357414448,1298.68,2147,20.150023906193418,9.405953407287598,0.2430155320421689,0.005703422053231939,3.557074208601475,4327.29634184797,17,17.711391709041813,93.17120906976203,-29.483303508095453,24.34544563293457
s1745_n570,570,0.8084329824561405,1362.03,4442,-31.187762581944966,4.960077476501463,0.09185901718251675,0.0,3.336137711038783,1541.1171325280834,2,2.6286310425761976,71.61319314056051,-103.47073802268244,23.060405731201172
s1746_n649,649,0.8387582434514638,708.458,1258,-223.35711857306393,4.0500284194946286,0.5566548170740931,0.5716486902927581,3.0447403836680644,1541.219596709404,3,3.3942725931963516,8.470018408060453,-295.86988739401414,23.495037078857422
s1747_n663,663,0.7918117647058823,952.8,4334,-30.53572112257214,5.296905326843262,0.21805071377337903,0.006033182503770739,3.5100767930139933,1231.3417286711003,1,3.0407490386008185,88.13068833123967,-106.48877319803054,24.415311813354492
s1748_n746,746,0.7837644772117963,786.356,4,-28.741942902507112,5.316798973083496,0.43497152266032,0.028150134048257374,3.369375424469935,627.8881098836091,1,0.27777907092264864,47.118421421249586,-37.80107822119099,29.09299087524414
s1749_n777,777,0.7685996138996137,828.832,37,-3.885447792805599,5.868705558776854,0.20243532672277273,0.0,2.1172341984218055,1129.2079041350023,0,2.910894428929825,0.14028654081082326,-0.32363258735590306,27.004396438598633
s1750_n330,330,0.7978248484848485,1072.57,955,-14.241007699929028,5.051360893249511,0.07965275814598004,0.0,3.4865664602725395,1522.9845535440543,3,3.038037856985402,42.3224496088476,-56.6147872391891,18.672119140625
s1751_n392,392,0.8095706632653061,1106.28,745,6.024587981092353,8.66044101715088,0.3140806815189681,0.017857142857142856,3.6545238754845357,1367.4097704194896,2,2.1770722238366753,69.87535606030542,-40.00509256317024,20.89708137512207
s1752_n401,401,0.7918740648379052,701.25,2810,-11.451237607228016,5.495728111267089,0.42362687107531205,0.2743142144638404,3.8328668904911,2087.5417514086857,5,7.87736939265276,39.485123892434274,-50.50968710576598,19.31776237487793
s1753_n481,481,0.793656133056133,1302.3,724,-9.411432389243991,5.236030769348144,0.18375263871169759,0.0,3.487725102464748,3113.0987329662357,4,7.647008309431898,54.36436707578074,-51.7362729474585,22.944293975830078
s1754_n503,503,0.810610536779324,988.969,3911,-65.16746935867084,4.406465721130371,0.2270114114416348,0.033797216699801194,3.684426143176059,1741.32681267485,4,4.7593390248431655,30.62453735409696,-140.35089213729356,21.263338088989258
s1755_n571,571,0.8018542907180386,847.154,1738,-46.26490607745779,4.52810115814209,0.30374606239112745,0.028021015761821366,3.176900337050559,3477.812927557097,7,15.555846411993915,44.50731827884324,-87.50943142675268,24.05319595336914
s1756_n625,625,0.79764096,1925.75,1336,-26.32143788689355,4.8837995529174805,0.1914561906222059,0.0,3.726448870001472,2880.393421741478,4,7.227557047271069,57.32745146597392,-97.66302197298583,22.692575454711914
s1757_n672,672,0.7971156249999998,639.386,2008,-23.447189239986624,4.0500284194946286,0.45762260477867106,0.2663690476190476,2.877675940413056,9321.025902404235,31,56.47578522011328,2.141393967878407,-24.535439457106442,25.02312469482422
s1758_n709,709,0.7983315937940763,1372.28,7347,-15.319296587833108,5.28315029144287,0.12207561405770721,0.0,3.3496788792191636,2714.4707631709766,6,7.60849601595664,92.7100192727084,-107.75064329533409,25.307373046875
s1759_n752,752,0.8321630319148936,1181.42,182,-47.900497610207424,5.102913856506347,0.38352789721747854,0.2646276595744681,3.6341558153628424,2475.675123654925,1,2.294394373869847,188.87267581595606,-168.45995661319893,27.892194747924805
s1760_n341,341,0.7873627565982405,726.965,761,-10.864289651602697,5.196243476867674,0.33351473494052447,0.06744868035190615,3.9783660386776245,2774.1070787329054,8,8.304178881490191,31.303709380505744,-38.65647563324238,18.686233520507812
s1761_n370,370,0.8066627027027027,940.763,47,-14.716660486441263,5.250524711608886,0.2450312957288628,0.0,3.921804379093315,2311.7093166312175,7,6.5526472695908575,50.10773627961234,-59.288915132504826,20.162363052368164
s1762_n438,438,0.8134828767123289,780.109,5005,-72.23446531189245,4.33507595062256,0.16196339121732914,0.02968036529680365,3.0897070108051774,1436.0382377113403,1,2.3138192740866113,28.275547597251517,-144.5460916690502,21.1382999420166
s1763_n462,462,0.8009030303030303,899.193,3152,-55.984831463258196,4.500136375427247,0.3844937201902698,0.19264069264069264,3.623571266159908,2245.4210186832474,6,5.180938474571517,49.11799893282497,-138.1133693876229,22.77732276916504
s1764_n523,523,0.7712411089866157,1072.68,5581,-44.501720980473,4.0500284194946286,0.3456224938858001,0.14149139579349904,3.677253726368825,3363.3017850043284,6,6.651134982070057,16.811148078964838,-34.45213074215104,21.182418823242188
s1765_n556,556,0.8088255395683454,1265.67,5625,-21.99053196275419,5.118999290466308,0.20161248759134281,0.008992805755395683,3.7208273164096406,1915.248442033626,4,4.450306550956777,82.0288818091328,-94.15487288127082,23.703203201293945
s1766_n623,623,0.7944343499197432,168.068,2769,7.921986835555494,10.566771125793458,0.3496973371321308,0.17495987158908508,2.8370784427182723,9866.09724355195,30,56.89447017122989,63.17642372619951,-35.47573581759411,24.6643009185791
s1767_n671,671,0.751038599105812,1084.44,1630,1.8548490966563147,7.853941535949707,0.0621718379612964,0.0,2.333584969391537,1055.9452437932532,1,3.9191695838244907,1.596019177925406,-0.04166474225107894,24.911758422851562
s1768_n717,717,0.8059059972106,1521.93,4258,-2.306625678035772,6.190300559997559,0.11893181195030389,0.0,3.205443793299612,1678.5595835290615,0,2.4749756313768145,107.6868415897921,-97.21188248780678,25.185026168823242
s1769_n750,750,0.7847408,1197.28,178,-85.89723165961846,4.147620964050293,0.38925524683489887,0.14133333333333334,3.2881972881875554,405.2957300897463,1,0.5486027692532736,38.69019238590022,-127.81709322048174,28.205602645874023
s1770_n308,308,0.78382012987013,652.35,1130,-12.057331444944985,4.943082618713378,0.34921334502107476,0.11363636363636363,3.8867679313315886,2651.2007945684413,8,8.148954347290216,29.62810000447778,-36.12958716178792,18.197071075439453
s1771_n356,356,0.79153202247191,1016.61,1041,-17.12903914031436,4.949675941467285,0.1676526294183694,0.0,4.021798382009555,2633.1101060183737,7,5.294516864186187,40.61838828009065,-58.10605863966224,20.107860565185547
s1772_n400,400,0.7800159999999999,1175.06,1845,-6.50952492794988,4.29398136138916,0.3808151176997771,0.125,3.3806055225831866,3175.7496036310586,7,13.872078029965886,8.835629581681891,-9.077871039145998,21.614788055419922
s1773_n491,491,0.8029120162932789,1421.1,881,-24.009289217061365,4.903750038146971,0.32083022409033574,0.06517311608961303,3.7781342076904605,1846.1453091061703,2,4.8796303706271935,51.14526607121107,-84.35536750603686,21.32486343383789
s1774_n521,521,0.8059268714011516,1099.37,1154,-1.953298938412729,6.394977760314942,0.23272296238497933,0.003838771593090211,3.8461682433424427,2461.181110367776,3,3.494046567565689,76.39399859096133,-68.5876691524339,21.669477462768555
s1775_n575,575,0.7922184347826086,2022.9,1437,-0.513179890931406,6.199849510192871,0.5714581452292717,0.7947826086956522,3.1175332790230357,3017.536729382325,8,13.097964337453151,18.274122228202323,-7.27203328849854,23.441083908081055
s1776_n624,624,0.8081173076923077,955.183,2623,-62.034277406933455,4.526168632507324,0.3084332356389562,0.046474358974358976,3.678341794194736,2036.501595856826,3,4.57292701907222,39.502715133124106,-132.54048051034636,23.478412628173828
s1777_n668,668,0.7943907185628742,648.711,3,-52.806485082249445,4.672642707824706,0.5234532335676362,0.8173652694610778,3.3177685071195984,1334.2097042693144,1,0.5528325552466932,40.05018839328973,-90.45061244741612,28.26833724975586
s1778_n725,725,0.7910009655172415,1891.5,3148,82.58458840275202,9.838213920593262,0.2730216993152741,0.011034482758620689,3.3641156887408665,4673.946684848077,11,19.553996665182872,196.4552889174383,-20.527278071965462,25.598583221435547
s1779_n784,784,0.7458582908163265,3567.03,329,-30.974957266967788,4.2663576126098635,0.16418404507839257,0.0,3.3223232131320013,2744.4355755553747,2,6.737138973857629,11.370510412383828,-54.56817435046463,29.056135177612305
s1780_n320,320,0.786891875,704.978,2152,-7.959928648704619,5.398590278625488,0.33790526490895345,0.175,4.004258509538768,2216.1133544184845,5,7.868653789685827,33.01882686444122,-35.65051619982604,18.180883407592773
s1781_n358,358,0.7997340782122905,606.739,979,-19.666402613209705,5.0283411026000975,0.4337250892435915,0.24860335195530725,3.7006342534275394,2387.041430083868,4,7.797642602208676,35.92471008682216,-57.865782322495974,19.26984405517578
s1782_n441,441,0.8024893424036281,1040.85,1574,-29.249533191541772,4.78012523651123,0.11450534081669003,0.011337868480725623,3.3145125102706445,1461.7844709374478,1,2.3739546446274007,51.10587689720753,-93.32427048796687,21.126487731933594
s1783_n495,495,0.8453561616161618,495.058,522,-153.99959143441794,4.0500284194946286,0.5876044765534898,0.6060606060606061,3.2300795500349473,1058.5231079297869,1,3.3660704941131354,6.207673853094206,-244.37115133092993,22.634319305419922
s1784_n516,516,0.8123344961240309,971.847,858,-93.67776761399011,4.107094764709472,0.5623557906187238,0.5658914728682171,3.7739720932012646,2198.6697806970014,5,6.055478628750811,20.78791660439372,-168.16250554126037,21.709692001342773
s1785_n564,564,0.7844326241134751,56.1148,70,0.5003446876413439,9.500077247619632,0.17239131788538747,0.0070921985815602835,1.7960423744782952,13299.92026115059,32,102.91236808298329,2.036186330183031,0.0,20.20274543762207
s1786_n610,610,0.7954052459016394,688.56,29,-75.11316446773554,4.3432607650756845,0.48309425412778284,0.27377049180327867,3.405626324111752,1066.3273047823216,3,1.3423830693245211,43.77271078215799,-101.37097589563149,27.031307220458984
s1787_n675,675,0.8198739259259261,1128.38,25,-132.06448120779135,4.0500284194946286,0.6870355027528645,0.8888888888888888,3.5802477732691305,2065.8657708414735,5,5.182277175598552,27.176667335269393,-228.551193221871,25.509540557861328
s1788_n706,706,0.7630365439093485,984.252,1919,-29.33646008489906,4.889142417907714,0.2775807184431025,0.0,3.3344273160720355,2787.0205766410727,4,10.543842964199333,13.040693856040496,-30.356956438593237,26.34489631652832
s1789_n768,768,0.7568010416666665,1115.13,1405,-8.934846751238572,5.0806898117065415,0.1496145158182767,0.005208333333333333,2.7987489244318815,2565.6711091049892,8,10.056577236885545,3.321403770013245,-9.893001623518483,26.72904396057129
s1790_n312,312,0.7923621794871796,529.267,1543,-7.899816437356158,5.4716283798217775,0.44303789292339074,0.2532051282051282,3.7326204733615893,1866.7458790516305,3,6.647936916541269,40.016035998549825,-38.559328298844,18.0578556060791
s1791_n381,381,0.7701233595800524,1049.13,1101,-20.22736746513401,4.115279579162597,0.3470691869857771,0.08661417322834646,3.568996331869365,2042.5949852809163,0,4.67261486855032,22.70660201051544,-43.428945838737086,20.229747772216797
s1792_n410,410,0.7885421951219512,723.185,1276,-16.421492313745162,5.2005632400512685,0.39223870931440163,0.11219512195121951,3.7298281613851674,1809.0790297107737,5,6.691284782680311,49.85020199256405,-58.81494125179776,19.469266891479492
s1793_n476,476,0.7975674369747899,1041.58,1828,-7.423570921634031,5.30003147125244,0.27594127592177947,0.0063025210084033615,3.539204606072025,4305.785129070016,11,19.757486282958688,64.14803968953318,-54.565209459027066,22.65532112121582
s1794_n503,503,0.7614345924453282,995.572,0,49.189175445826194,9.780837059020993,0.15040596656053293,0.0,3.6535306787253896,1805.1923499590487,4,3.4763669499860246,132.53112360111464,-31.271950141281508,24.76619529724121
s1795_n596,596,0.749320134228188,948.758,2281,-13.923120945430629,5.454576683044433,0.08458516016226329,0.0,2.818294828086989,1184.5271447431048,1,3.766904808020609,1.2624823484706598,-8.822118856527222,23.820314407348633
s1796_n607,607,0.8015945634266887,1461.38,2006,-20.30939438053221,4.918357658386229,0.30000014504837713,0.019769357495881382,3.2630923871740958,3300.242997027937,7,10.716991752034254,61.52275906134587,-81.89371913868828,24.510194778442383
s1797_n653,653,0.7833788667687597,1537.47,387,-84.31358804541247,4.0500284194946286,0.37120549659996244,0.18683001531393567,3.9012305834818513,3261.6854374362474,10,9.170984798888417,18.681996943410812,-130.5768741115044,24.200550079345703
s1798_n747,747,0.856489156626506,616.335,441,-336.7355230230887,4.0500284194946286,0.9090786885614819,0.9825970548862115,3.199969658112594,968.7140423136221,1,0.7709675545499299,0.9463047080246048,-515.5946990392738,28.41178321838379
s1799_n798,798,0.797778822055138,1345.33,1476,-23.48069487357921,5.307704734802246,0.3509114093323851,0.06516290726817042,3.753935896690866,1819.9818397532085,3,3.107053819653574,121.35093610944443,-131.96098243027205,27.841426849365234
s1800_n348,348,0.7949629310344827,829.469,1754,-8.975494884974388,5.420132255554199,0.08482327409087027,0.0,3.5449617255967687,1577.1527013057664,2,3.980162090982222,50.09360510034083,-54.44902506990578,19.185935974121094
s1801_n378,378,0.7896243386243385,710.421,1855,-8.228287368070681,5.8753557205200195,0.38951583658943895,0.22486772486772486,3.982951471289183,2360.4179257077153,5,10.14115496150012,31.56668306681263,-41.423930513642134,19.209531784057617
s1802_n400,400,0.7944005000000002,851.779,1920,-14.955331187255979,4.953540992736816,0.4012024331816677,0.21,3.9724527059849106,2309.586882158044,3,9.999082782487147,40.5887516186929,-39.13615014556064,19.10569190979004
s1803_n468,468,0.7903160256410257,1043.24,2486,26.776657162278838,9.362952995300294,0.052780022591054604,0.0,3.6184615835885086,2412.9044640897023,5,6.843268468017005,107.7128320883011,-32.40430727500314,20.6035213470459
s1804_n529,529,0.8073553875236295,1116.0,3983,-49.158354380021734,4.706120872497558,0.1073642622868565,0.0,3.351240995094972,1381.648684099298,0,3.964470321678247,52.976333990792796,-125.95378467722722,22.783435821533203
s1805_n591,591,0.8076839255499154,1515.76,986,-38.45595931086412,4.811500358581543,0.3954137184592773,0.19796954314720813,3.982719547475823,2382.0901179856123,4,5.470578027351891,52.22468024676165,-114.26089586569663,23.62965965270996
s1806_n637,637,0.8032009419152276,586.115,804,-18.891104502210226,5.511870384216308,0.46086708647331615,0.4097331240188383,3.410378375388365,1082.335692588759,2,6.715540081468808,84.3301292341184,-90.86292180244183,23.77932357788086
s1807_n693,693,0.7818769119769119,893.764,525,-90.00136776058389,4.0500284194946286,0.30488161816859577,0.05483405483405483,3.578911253277734,1926.6724144845357,4,5.127195737370536,4.4982197853558405,-137.24276783448448,27.342679977416992
s1808_n722,722,0.7627015235457064,1226.8,0,26.440823086479952,9.429355430603028,0.16513651499378962,0.10110803324099724,3.49914607080407,4136.397554803525,2,12.34380548878167,58.758771492792626,-17.137498107909835,28.739957809448242
s1809_n765,765,0.8068650980392157,1992.17,256,-103.48816993516714,4.065772819519044,0.37792127437226647,0.22483660130718955,3.779779935840307,1672.3945350290646,2,6.042135934739232,36.771529162793954,-176.4821951252322,25.879812240600586
s1810_n317,317,0.8030432176656151,779.49,1123,-10.160206516949806,5.2853101730346665,0.14989991976829353,0.0,3.7828914127966042,1419.7193988436006,2,2.955991893392164,52.98797745888769,-50.973802331932596,18.126737594604492
s1811_n378,378,0.7959708994708994,561.089,1063,-23.43754872319527,4.532420921325683,0.3043843820918259,0.09259259259259259,3.75188942308504,2400.6226917325453,9,6.997060693195685,66.40668088046102,-63.226429776255,18.92713737487793
s1812_n421,421,0.8111845605700712,1115.03,699,-8.309036376612355,5.3826185226440435,0.25924034172294536,0.004750593824228029,3.292499436620267,1781.4365825084853,5,4.288598698594822,56.96878241135215,-71.19392592538628,20.844980239868164
s1813_n458,458,0.8138596069868996,969.883,711,-48.13677518590842,4.503774070739747,0.3132227452226597,0.09606986899563319,3.5072968583914954,1781.8447815840361,5,5.7180134129982525,39.40967491172196,-102.86163857611483,22.54570770263672
s1814_n538,538,0.7993730483271375,1275.9,3054,4.561585682918839,8.627239799499513,0.30324321789986763,0.026022304832713755,3.5118507378095978,3739.365374502958,9,14.961675012157066,73.59192094668524,-51.658009412336156,23.64805793762207
s1815_n590,590,0.8151011864406781,1438.06,1470,-36.956835728597326,4.798256874084472,0.3494405727934128,0.15254237288135594,3.79426501387364,2106.7454991652344,0,3.4391576082056328,64.93615876138597,-122.23263991859466,23.368314743041992
s1816_n615,615,0.789330081300813,146.0,42,-11.460525385457508,4.0500284194946286,0.3596519502414737,0.0975609756097561,2.246758285238106,9463.468956307184,13,74.82507444819214,4.8805872271784105,-21.100368331378064,22.423511505126953
s1817_n662,662,0.7485716012084592,1156.17,1830,0.2900561260263661,7.143149375915528,0.02355052410838004,0.0,2.041313320619826,1872.385126580589,1,4.0953386796837945,1.0831411333795455,-0.19160643308125672,24.74569320678711
s1818_n710,710,0.7922709859154929,719.794,13,23.498750898033883,9.5639009475708,0.47152571828260453,0.16901408450704225,3.2224247079982695,1013.190584546041,1,0.4725961604539884,109.98613810686791,-24.16368554333515,29.3522891998291
s1819_n773,773,0.7591190168175938,1179.98,2967,0.8161539065512908,7.162133598327637,0.19589114766623902,0.00517464424320828,2.8832979560602636,1608.707857249927,2,8.369025286611386,7.461462595290603,-4.211320679493231,27.098575592041016
s1820_n346,346,0.7944789017341041,816.249,2228,-7.066886715519331,5.480949974060058,0.16576030287370747,0.0,3.8633169212991203,2658.837462397815,7,9.759576640173826,47.07212838607334,-43.1307128597922,21.404991149902344
s1821_n364,364,0.8060120879120879,1119.15,1417,-19.980684119658562,4.925689888000488,0.23998645470298535,0.03021978021978022,3.853579063220029,1916.7245933023655,4,4.365761877192634,46.328127817712044,-70.60854007985107,19.828311920166016
s1822_n425,425,0.8002355294117647,1047.19,2073,2.7119456890493225,8.418813514709477,0.2401726063410531,0.009411764705882352,3.5066860046360846,2209.1107061300495,6,5.591105071946173,63.265094123441756,-44.36463553103615,21.427806854248047
s1823_n471,471,0.7497169851380043,1331.8,296,-37.11433333963193,4.409193992614747,0.035709830199765744,0.0,3.698972146444116,5070.157705367018,7,14.75682597556228,14.27363882156714,-52.23584865288511,23.788427352905273
s1824_n514,514,0.7592836575875486,1332.05,18,-69.30219837560674,4.0500284194946286,0.10425013629856919,0.033073929961089495,3.535444103690077,3809.4447756211716,4,11.439037468480977,2.111957534675651,-91.19542113578188,24.874252319335938
s1825_n594,594,0.7725516835016836,2699.97,5562,-14.081411463967953,4.86458797454834,0.29717449879728325,0.10437710437710437,3.660265657836355,3956.5998538361723,3,18.70916460037195,49.0371455044547,-35.36693532680546,23.231271743774414
s1826_n647,647,0.8141324574961359,1349.74,1502,-89.13701294482358,4.3537191390991214,0.45648686237366237,0.35857805255023184,3.7566069363883927,1696.18191004529,2,4.906586260362455,33.06495015066693,-165.3563044456631,24.807621002197266
s1827_n683,683,0.8419202049780381,1342.67,0,-190.1684216615526,4.0500284194946286,0.9392595392508428,1.0,2.9296153702849317,620.4237269082847,1,0.3597179845291677,0.0,-350.6195764071589,26.91072654724121
s1828_n741,741,0.7930843454790822,3008.8,1038,-10.519349755171346,4.0500284194946286,0.6111618946881527,0.8367071524966262,3.0359139305763985,5227.367885863855,13,20.963228983394057,6.388708931597479,-5.235370078804892,28.399442672729492
s1829_n794,794,0.8006054156171285,906.937,69,-69.72133246679789,4.618588829040527,0.5165707641518684,0.6964735516372796,3.498431208316801,785.6338967410525,2,1.2703156498776789,56.85644239938688,-142.70800125216874,29.451488494873047
s1830_n349,349,0.8068507163323784,822.573,1196,-18.043788193332496,5.0381174087524405,0.2305057946103028,0.034383954154727794,3.824961976343181,1626.5603268396105,3,4.888803662835982,37.45511464655652,-63.95882600538845,19.150657653808594
s1831_n390,390,0.8004710256410256,930.431,1544,-1.4116213569810157,6.63381519317627,0.44701604541164547,0.25384615384615383,3.3948525603711177,1562.1309397155944,3,4.772852840479006,80.82403309445552,-63.72717385758595,20.6809139251709
s1832_n429,429,0.8094221445221446,776.464,2243,-40.32235512116611,4.669573402404786,0.13796086013636918,0.004662004662004662,3.382086508982555,1910.1939754945747,1,4.248922361811379,47.08832639859052,-108.35712889527348,20.869688034057617
s1833_n462,462,0.7837997835497835,1240.95,4483,20.602438881558392,9.468552207946779,0.09724462834367328,0.0,3.329455396157504,1945.7762338394812,0,3.547045893439808,76.06785702920021,-29.155770466133845,22.5073184967041
s1834_n530,530,0.7787883018867924,2218.19,1396,-0.506319888888445,6.21854953765869,0.5171491290014332,0.6283018867924528,3.50783223127862,2580.071175364417,6,10.201219723830032,11.44017684869882,-7.751255004554865,23.664548873901367
s1835_n556,556,0.8149494604316546,1152.7,289,-89.23565526839428,4.0500284194946286,0.4156015973456341,0.302158273381295,3.6196763697739485,2237.836948325227,7,7.4908325333469925,23.15594217406374,-142.81104679423532,23.564340591430664
s1836_n647,647,0.7717493044822257,794.007,1338,-44.22146945743049,4.391801261901856,0.36833235398692565,0.05255023183925812,3.297134640321278,1596.1900288321017,3,9.570917918504362,9.147693941192303,-47.04252558979934,27.71877670288086
s1837_n667,667,0.7996056971514243,360.124,1635,-0.23989838581069733,5.525000190734862,0.421905615609755,0.15742128935532235,2.213146666391895,7575.886312979006,19,53.869045001796025,0.0,0.0,26.186317443847656
s1838_n704,704,0.7692485795454546,998.16,1184,204.67065725332787,11.999967765808105,0.384035337836327,0.17045454545454544,2.9659941025985814,1190.314901035492,2,6.468051387314006,331.763336061569,-4.878722160259105,25.26615333557129
s1839_n762,762,0.7931992125984251,1865.67,3682,-10.516639678531192,4.377307319641113,0.4732802262817982,0.45931758530183725,2.8019152204328264,2155.421507765503,4,6.07467688350538,15.304923969558557,-5.920055240934008,27.72052001953125
s1840_n315,315,0.7987031746031746,562.987,2088,-15.966132096024012,4.819003105163574,0.4615739565245921,0.36507936507936506,3.5647626763612528,1448.1556025217258,4,7.275844730988633,31.66058550716078,-55.658076132382945,17.729806900024414
s1841_n356,356,0.7987140449438201,1256.77,251,-43.51950622184195,4.0500284194946286,0.697407718561352,0.9943820224719101,3.406991531479234,1362.6159656018651,1,3.3771182823154966,4.331098076843316,-61.94580585319171,18.481725692749023
s1842_n401,401,0.8003129675810474,1115.42,1691,-4.1833152924672135,5.786175346374511,0.2309803433144802,0.007481296758104738,3.655423932845784,1754.7914814169042,2,4.3267906015333635,54.49967654994802,-48.06831417384838,19.92383575439453
s1843_n461,461,0.7523451193058568,928.236,514,2.760031736562439,8.232822227478028,0.1081568967176729,0.0,2.99008219887763,1676.573719308688,1,4.319524634856374,5.160986413976399,-3.5139208562978155,21.97045135498047
s1844_n517,517,0.791793423597679,1054.86,1745,-45.29107247577203,4.516278648376464,0.44848988125485467,0.40618955512572535,3.8761565227657573,2894.4353385030167,5,8.676936660465406,32.87996374212685,-103.85664183194925,22.846012115478516
s1845_n553,553,0.775136889692586,1045.34,176,-19.426815479510186,5.438718605041504,0.33618455203499276,0.0,3.1657328153423787,956.5298386452388,2,0.7962094973206104,35.12746175060258,-28.228293097457353,25.305679321289062
s1846_n619,619,0.7930059773828757,1332.47,5,2.5166572077113187,7.6645902633667,0.20637151506631565,0.09531502423263329,3.4668400641843484,1675.1308894832464,5,4.219325816180859,171.54954397285178,-164.7424663629651,24.778827667236328
s1847_n677,677,0.8060391432791728,1301.01,2248,-44.035248537868426,5.243817710876464,0.2901467136513324,0.050221565731166914,3.9001642494933586,1869.815339612278,1,1.0355226555689057,78.82501772116328,-156.0453476990124,28.155452728271484
s1848_n716,716,0.7266417597765362,2886.02,2672,-9.96607204942453,4.0500284194946286,0.05672375577100216,0.0,3.0775080154801193,3663.374795269964,7,21.114198661123446,0.0,-14.273685570270889,27.438386917114258
s1849_n785,785,0.8079922292993631,1555.45,835,-79.762019904534,4.459325981140137,0.33750522648398895,0.13121019108280255,3.932795307753406,3055.2203304941404,4,9.605681939689958,52.2830823695912,-159.24926162716775,26.68018913269043
s1850_n349,349,0.7856441260744985,659.203,1141,-12.868347416139532,5.037890052795409,0.30705523813582575,0.11461318051575932,4.021126096850751,3261.357653936105,8,10.478862293540633,33.06859478105281,-38.37397392630934,18.877979278564453
s1851_n365,365,0.7878676712328766,694.313,1673,-17.467002175292166,5.054771232604979,0.3318617456217401,0.06301369863013699,4.011978824882653,2612.907760304021,8,8.052447593255778,30.797504148945205,-54.27843533198113,19.071287155151367
s1852_n444,444,0.7714096846846846,873.186,1719,-10.466835634630513,4.533614540100097,0.2304877828144778,0.0,3.486644134808639,3786.7692965694205,13,10.141575911278782,16.968396237484686,-11.90409481816365,20.356815338134766
s1853_n465,465,0.8038737634408603,939.359,2419,-28.008034612260644,4.903181648254394,0.14042085630733844,0.0,3.6034421356704582,1370.8453843187046,0,3.613761287845897,54.45560166718611,-93.73823169837392,21.3351993560791
s1854_n518,518,0.7873254826254826,1569.96,2451,28.382781125791247,9.301192283630368,0.17247084448475497,0.02895752895752896,3.454343771124958,4730.091793392156,15,14.970129881038645,103.30030952038803,-53.504194823025365,25.857343673706055
s1855_n551,551,0.8317980036297642,569.704,1321,-179.81645933039485,4.0500284194946286,0.45424159398957653,0.3139745916515426,3.014235719671002,1410.4094976936576,1,4.127335313347401,6.687005381295986,-271.38157004920106,24.34577751159668
s1856_n635,635,0.8248612598425198,810.966,603,-139.95793970972107,4.0500284194946286,0.5921834145645769,0.6535433070866141,3.4382592535130647,3083.070294293378,2,5.463521125390813,22.51468647509682,-182.04868095760307,26.115482330322266
s1857_n686,686,0.7743902332361515,1108.97,51,-7.773736514773173,6.146307182312011,0.5064995762778243,0.48833819241982507,3.464676317901902,3507.840932677418,10,12.671825246491993,11.429460011382595,-12.54574063346917,26.241596221923828
s1858_n705,705,0.8115889361702128,1645.48,3277,-162.51441788846427,4.0500284194946286,0.3662916555727885,0.15319148936170213,3.604832403304699,1981.5442198345381,3,4.493514740939398,26.401865459429363,-270.1399421835239,26.438867568969727
s1859_n755,755,0.7941270198675496,870.053,385,-52.77233318108542,4.795642280578614,0.4475988273851154,0.18410596026490067,3.6069579773630913,1247.4478758704356,2,0.9932830855116173,59.50344780742543,-107.86680234495597,28.536415100097656
s1860_n338,338,0.7965612426035503,665.115,3639,-14.684670068156088,5.204200935363769,0.41438993337946,0.2869822485207101,3.639364294685023,2021.619909849228,5,6.68184711505573,41.373470315893,-58.415129747967555,18.662315368652344
s1861_n380,380,0.7894060526315789,688.547,389,-20.7009201805293,4.895849418640137,0.36741309776894343,0.16052631578947368,4.002282897013146,3205.1012016867576,8,10.995013349463429,31.196854292095587,-50.43178517724222,19.634750366210938
s1862_n437,437,0.8265771167048055,795.037,549,-87.5335914949102,4.120622444152831,0.5141305541674002,0.5377574370709383,3.469248184997291,1543.3293213411853,4,3.887645624583679,19.4891262964104,-153.57303749923628,23.773061752319336
s1863_n486,486,0.8080061728395063,1076.98,4585,-65.04910672568478,4.440569114685059,0.18627092408789542,0.0102880658436214,3.486669678805732,1590.8887551351368,2,2.68710718486876,49.51245397391869,-141.50675350839307,22.08228302001953
s1864_n540,540,0.7987714814814815,1134.1,2236,-41.97619792109532,4.6667882919311525,0.20793230957303294,0.04814814814814815,3.8001844128940006,2223.5067793341777,2,5.072125254716979,46.83510502115924,-100.6521304903682,21.938703536987305
s1865_n553,553,0.8034124773960217,1137.98,4666,-36.16679290484501,4.865270042419433,0.09823945095983556,0.0,3.411310939419818,1940.6119451166528,1,3.3929184570473594,67.65976584274767,-114.24726335081633,23.20369529724121
s1866_n617,617,0.8035713128038898,1217.48,2444,-17.001489338599583,5.276954841613769,0.1567831444003292,0.0,3.503214698580592,2625.620590168603,5,6.941751080739303,68.73891474556115,-97.54395873378314,25.650428771972656
s1867_n674,674,0.8177446587537092,894.275,3256,-119.99487579941088,4.205767250061036,0.2488750341019856,0.03857566765578635,3.429575426937726,2003.3566647335228,2,6.4420193345149706,29.838026532537633,-207.43392903544762,23.97831916809082
s1868_n717,717,0.8097047419804743,1352.62,403,-65.10247153623311,4.704358863830565,0.2375947702836745,0.04602510460251046,3.59278115101715,1997.8169289050425,0,3.0717403876152276,85.46499297665899,-172.83966160876037,26.242666244506836
s1869_n795,795,0.8008001257861634,1325.18,404,-45.72943033952002,4.881298637390137,0.22364027316128862,0.0,3.689863765930517,2788.765126032057,4,5.277632621012436,80.47380453180895,-147.45038482302772,26.861957550048828
s1870_n301,301,0.8011720930232559,585.984,2594,-5.690326539278388,5.932819938659668,0.12043845734254059,0.0,3.7025073416093797,1791.98137104063,5,3.577278144841163,56.57599830024431,-52.06719771758431,18.495332717895508
s1871_n389,389,0.7931007712082263,967.047,1134,-12.142161060201225,5.194424629211424,0.11469158319283733,0.0,3.7918755435380427,2500.532206088306,6,7.038417682942074,47.53519636989222,-50.220366488771035,20.233707427978516
s1872_n436,436,0.7921284403669726,1243.15,3312,21.10959515534475,9.468874549865724,0.22348028929146369,0.011467889908256881,3.7019413480650307,3324.0036571792893,7,12.008600652877439,87.83886885438577,-30.09802344527706,21.404468536376953
s1873_n477,477,0.8031354297693921,978.623,4627,-42.13045819466922,4.716579246520996,0.09840030488171107,0.0,3.3552078837040535,2159.333671851688,5,4.775626056342789,44.26605278351695,-108.83081709329717,22.29677391052246
s1874_n517,517,0.7603796905222437,1416.98,0,-23.270624407995992,5.747297477722168,0.17502860046709187,0.18762088974854932,3.6842659042411943,2698.455108958319,2,8.316494993121417,18.62300687453862,-36.5750254615377,23.798662185668945
s1875_n572,572,0.8021506993006993,1344.38,1354,-14.060858695639311,5.28388919830322,0.26256126027951915,0.027972027972027972,3.8933258003967417,3230.6248780125156,6,8.091808579312891,82.14978986535566,-88.33734176687923,23.218231201171875
s1876_n611,611,0.7956261865793781,961.191,72,-69.7659173439864,4.381854438781737,0.2262076701718315,0.008183306055646482,3.406201671275831,2252.129419960428,2,3.854325803954551,59.21243559581468,-152.13453547416853,25.570470809936523
s1877_n671,671,0.7772260804769002,1323.31,3,40.01721589298867,9.190951347351074,0.2247655914212765,0.05514157973174367,3.5825053806550313,740.6286051815075,1,0.3579348586625012,109.63354985093561,-67.21098261031071,26.715085983276367
s1878_n704,704,0.7592811079545455,1599.73,12,-9.176832720549779,6.188027000427247,0.13041587159366472,0.028409090909090908,3.428852756892382,4566.900301636171,4,16.243834915230615,45.38592669293557,-29.285915280085998,27.012868881225586
s1879_n788,788,0.7930315989847716,919.762,1210,-38.228735773348106,4.653033256530762,0.39189447616596174,0.10025380710659898,3.491063064406248,1487.0948956645495,3,5.275041763260903,76.84925845135982,-110.72172792307435,26.717988967895508
s1880_n336,336,0.786083630952381,657.534,2156,-9.947907896666763,5.2099416732788075,0.3371513201981724,0.11011904761904762,3.986229375290078,2599.268226914048,8,8.65846728712835,28.5446879333909,-37.11882092135264,18.382125854492188
s1881_n380,380,0.7901205263157894,578.702,1131,-11.577982439210174,5.3128770828247065,0.3757038048333617,0.18947368421052632,3.7246668156191225,3732.168007955173,8,13.417460068431996,21.89465914756016,-41.14430843041386,18.77219009399414
s1882_n400,400,0.77413125,1211.98,1332,-13.443854812169818,4.472001075744628,0.39989564422790663,0.1275,3.523784045080905,3655.2883002586045,10,12.282058112784357,32.13902866450835,-30.1796455181486,20.15972137451172
s1883_n487,487,0.8019963039014374,1519.46,1365,2.198510957850914,7.8331182479858406,0.2091475151814419,0.030800821355236138,3.7917140500561572,1724.789594156001,3,5.201961524873902,86.8607702981208,-57.71664480770077,22.562421798706055
s1884_n522,522,0.8067044061302682,1624.44,1157,-7.294033543149766,5.476061820983887,0.2661524971912107,0.013409961685823755,3.5705590622793806,2289.2730244451072,4,7.041409458068302,61.96023505932997,-66.79751574301062,22.893939971923828
s1885_n586,586,0.8006926621160411,1354.46,496,133.27046030356462,10.391932868957518,0.2752864984232178,0.04778156996587031,3.5386004427320503,1121.753057298926,1,3.8953153027078486,252.7932463208026,-5.687948610056679,24.19880485534668
s1886_n638,638,0.7931366771159873,175.287,336,-4.485491242451762,4.1422212600708,0.36855291824812547,0.06896551724137931,2.1610332752944252,9821.12340496489,17,75.41546810128179,1.5102474585113534,-10.016472717919754,26.93947982788086
s1887_n676,676,0.7909389053254439,891.011,2215,-19.349525153205036,5.392906379699707,0.3405556801180322,0.06360946745562131,3.6901384536349267,2390.723025756746,1,8.341307101803263,85.83482263156719,-100.47234940455004,24.736087799072266
s1888_n718,718,0.7903250696378832,1105.74,90,-56.56257001162567,4.508264350891113,0.22790450562608044,0.057103064066852366,3.6875804999703017,3204.94096612349,4,18.76094885170295,62.5769406908195,-134.34485727103868,25.219806671142578
s1889_n776,776,0.7889664948453607,1475.85,416,6.365122588183127,8.34544849395752,0.39552138628488875,0.1481958762886598,3.6701432897335238,1948.1824804690257,6,6.110018360756658,100.11525759741558,-32.072636550566585,27.99070167541504
s1890_n335,335,0.787035223880597,708.045,2076,-8.936841364344957,5.28911838531494,0.3199014733449845,0.06567164179104477,3.900944768959828,2980.8905840645352,6,10.510021716896716,32.23161325523287,-36.156680283569465,18.59676170349121
s1891_n351,351,0.8041712250712251,909.378,1914,-3.002157865980834,6.112090110778809,0.2863556589970131,0.08262108262108261,3.8933796546401114,2069.617077816106,3,5.931494250412901,58.240293377143736,-33.35767760071139,18.645221710205078
s1892_n422,422,0.763971327014218,790.741,1,-12.176830896716329,5.5801908493041985,0.19977039547840486,0.03317535545023697,3.638227567265671,1277.1871205238353,2,2.2296227543897933,23.101422825528527,-26.256929849514115,22.75899314880371
s1893_n450,450,0.7941126666666666,1044.68,585,-14.203321008909555,5.470832633972168,0.47209261132095726,0.42,3.8701116857178746,2326.2259063984116,6,6.227574143333206,57.77387839484042,-60.402894795188494,22.43584442138672
s1894_n523,523,0.783946845124283,1072.67,4755,2.167972114701037,8.039030265808105,0.10890525722045621,0.0038240917782026767,3.474163376616729,2035.1204672979777,3,4.32368434750574,61.80934904672825,-45.20733514900227,22.13780403137207
s1895_n556,556,0.7874672661870504,789.108,1047,-13.751614972939336,5.248990058898924,0.34745379340625343,0.10611510791366907,3.800811115441146,2835.13625184654,5,9.932757440937598,58.6111140767477,-67.9978275025359,21.79375457763672
s1896_n603,603,0.79631592039801,1542.29,3774,1.7947887344387397,7.981588935852051,0.10954775824155893,0.0,3.236607151631306,1646.5231785134524,2,3.4907567852246335,85.34220839430733,-74.25875379245232,23.198335647583008
s1897_n697,697,0.8121810616929699,707.868,38,-145.38018678365847,4.0500284194946286,0.3080783773732368,0.05021520803443329,3.427406249041547,3006.9530514089083,8,7.5771396942405955,20.530617031558602,-265.30863731154744,27.06932830810547
s1898_n707,707,0.8030181046676096,1430.08,2,-19.57293375732661,5.259221076965332,0.28005579193252267,0.08345120226308345,3.6386386789881473,2011.5574575335904,1,3.616160561278083,110.70251160703316,-132.00740581918973,26.04866600036621
s1899_n788,788,0.8623968274111675,1531.72,830,-303.4506439105363,4.0500284194946286,0.8104000189126345,0.8642131979695431,3.010913931987717,1236.916347798852,1,2.7629306677542353,32.54583779822043,-411.07770659809955,26.4586238861084
s1900_n309,309,0.7960967637540454,652.46,1993,-13.884341615614666,4.992191505432127,0.39655151700509345,0.11003236245954692,3.5791797252465143,1918.2362425512254,5,5.939918157002217,28.832957181386504,-39.81678322485678,17.46310043334961
s1901_n375,375,0.7864749333333334,678.796,2108,-11.474600722190345,5.456225013732909,0.31622096607052813,0.056,3.743671217471358,2273.608657950577,3,8.301380176248488,40.813884740972576,-50.67317708356996,18.783130645751953
s1902_n400,400,0.8130617499999999,878.263,106,-60.5369951706839,4.0500284194946286,0.6544345200465815,1.0,3.4255828649897464,922.4468445426623,3,0.9320078914958988,7.623058532110012,-99.0965732972944,20.328248977661133
s1903_n489,489,0.7826292433537831,939.113,241,49.98192423915649,11.703735542297363,0.43815926823293666,0.29243353783231085,3.6901957093587825,1609.0593796758048,3,5.452633723932039,146.5394984780561,-28.333315172289826,22.808500289916992
s1904_n520,520,0.7782532692307693,795.329,2,-10.619672687983766,5.156967735290526,0.31664840387142984,0.08846153846153847,3.3786724911897696,875.5252132906143,1,1.142547791297133,50.50489733337541,-51.14725246867289,23.376785278320312
s1905_n570,570,0.7837391228070176,2559.82,2,-91.2981640902973,4.0500284194946286,0.517197725431475,0.443859649122807,3.4684864451338235,3302.655210949973,8,8.997459141095156,8.053576520191557,-132.75347999349933,27.929044723510742
s1906_n628,628,0.7897783439490446,923.584,513,-8.279824118903917,5.88206272125244,0.447846732965355,0.30095541401273884,3.515185884642408,2396.1777618038723,1,13.58912593793607,70.0492041954583,-75.43668469350924,23.516523361206055
s1907_n662,662,0.7487575528700906,933.904,2305,-2.2605191954908985,6.245832252502441,0.11987028649886104,0.015105740181268883,3.3607464540082224,4381.205277386804,12,15.970505497118815,6.107565252649108,-6.582200102792715,26.47419548034668
s1908_n744,744,0.7808483870967742,1836.89,11587,29.602463269407814,9.497691917419434,0.09271351769110332,0.0,2.9054686787129307,1952.1325447349673,2,3.7710298458049216,74.80161526160627,-25.51957984174055,25.98810386657715
s1909_n796,796,0.8145733668341708,878.86,27,-201.48093832862963,4.0500284194946286,0.5697288401443176,0.7097989949748744,3.3606858026209467,1469.0739687199425,2,1.7177949447972456,21.362468417911572,-286.70464302810706,28.4055233001709
s1910_n322,322,0.7949857142857144,717.236,2392,-20.36619199703091,4.671392250061035,0.28182849339327465,0.034161490683229816,3.5740195258613756,1609.8705824652359,4,3.9676007643837528,37.20763822601438,-65.10503270918392,18.541627883911133
s1911_n365,365,0.79982,748.873,1681,-4.426976627281263,5.5760416030883775,0.10486918883085564,0.0,3.4957440277179224,1065.2222465388475,0,2.4802594538126974,56.92343888119814,-52.98935953940326,19.588966369628906
s1912_n402,402,0.7864149253731343,897.693,1327,-13.233063633593495,5.40711612701416,0.31912382906262793,0.09203980099502487,3.832943201627167,2221.109932760812,4,8.99954426568619,39.77481915373568,-51.89939044769481,20.80821418762207
s1913_n490,490,0.7983751020408163,1376.44,173,9.46371124283786,10.367370414733884,0.5149748899941068,0.4714285714285714,3.690181752780755,1297.0521478584387,2,6.44404672270683,73.34336587203887,-40.74738947031118,21.64581298828125
s1914_n507,507,0.8117479289940828,473.01,1304,-82.74460657493223,4.4410806655883786,0.2869350001393004,0.027613412228796843,3.1035992588107253,830.3035543488728,1,3.202981772765637,45.55307351397069,-149.47267628312784,22.333784103393555
s1915_n556,556,0.8152827338129497,1388.05,1430,-79.14159714946823,4.3803197860717775,0.5796427680091623,0.6564748201438849,3.6786658172185756,1259.288088426096,1,2.003166650425561,35.91396295237125,-161.1885113841121,23.837793350219727
s1916_n630,630,0.7790501587301587,1182.53,1184,23.3400564302856,11.26457691192627,0.3588844112071504,0.06031746031746032,3.48811374967894,3961.0038989477666,13,11.987221632144681,136.38126857045654,-61.68291224149529,25.26967430114746
s1917_n695,695,0.8124038848920864,926.608,768,-76.889326950482,4.435169410705567,0.36805110118627715,0.18992805755395684,3.7067051470505854,2792.7138997432594,3,13.235569111556295,56.513668756327974,-172.69053025449853,25.76659393310547
s1918_n734,734,0.7608343324250681,3779.67,1632,-53.36957207307209,4.0500284194946286,0.2609039965213948,0.0,3.2020246746072405,1959.5345542226216,3,5.008419617607936,0.0,-99.1774519686493,27.844985961914062
s1919_n769,769,0.7964302990897268,1484.42,576,-20.4908887463976,5.150090217590331,0.21310499856546283,0.0,3.6394328002687537,2454.9313294644207,6,11.948291301258884,83.05460985681897,-94.78489380516277,26.648069381713867
s1920_n326,326,0.8088322085889571,814.434,865,-10.639845850446605,5.54404125213623,0.27587046204180743,0.006134969325153374,3.8828632625024775,1099.2813947863472,2,2.810409389451679,47.57695751026255,-61.562980493636346,18.689773559570312
s1921_n390,390,0.7916035897435897,1262.62,200,-44.71638890358984,4.0500284194946286,0.5594122748751497,0.8051282051282052,3.401974486707202,1239.5103015698674,2,1.351288183772782,8.762989882601575,-58.36503061866044,19.190889358520508
s1922_n429,429,0.8069512820512822,734.554,299,-31.485079017192007,5.10388011932373,0.49908581540574054,0.5174825174825175,3.736400537780024,1471.072716210143,3,5.091777152890893,48.82621931998962,-78.08033146344451,23.13422203063965
s1923_n479,479,0.8424663883089771,1009.54,315,-202.0292594492805,4.0500284194946286,0.682651285336475,0.8810020876826722,3.076376426541274,1729.682779207286,3,2.5839696337871416,1.5074637174247791,-269.23160173046745,21.919301986694336
s1924_n501,501,0.8232714570858284,1092.95,1100,-111.26953365565872,4.113233375549315,0.23800654396194598,0.031936127744510975,3.2222146352971857,834.4057157008695,2,0.9556701669661313,31.934961964724764,-163.78156450026017,22.84832191467285
s1925_n590,590,0.7882989830508474,1756.6,761,-12.24435738283934,5.4106969833374015,0.11051707592368276,0.0,3.7177426788384866,2755.6253505607765,4,9.043793952654934,55.812049139743635,-62.91748657655223,22.85594940185547
s1926_n639,639,0.8206190923317686,1182.64,4383,-142.86500650695757,4.119940376281736,0.28007755591252936,0.09546165884194054,3.2253256739172755,2385.624880618074,4,5.255603711104584,29.85869258904218,-217.42746638706691,24.53507423400879
s1927_n698,698,0.7900352435530087,1659.49,1650,64.53417932885571,9.870512580871583,0.17235995777616356,0.03151862464183381,3.3404770044843834,2052.649628191698,1,4.549328795179621,151.34814175781992,-25.349239782884585,24.809871673583984
s1928_n704,704,0.7999055397727273,1545.74,1201,-19.823622248581216,5.351300239562988,0.1762927468341826,0.0,3.701392621828825,2952.939057362127,4,7.135707935696555,96.01390525277499,-114.61551184793782,25.585613250732422
s1929_n767,767,0.8103471968709258,1140.31,1081,-51.83223798276114,4.866293144226074,0.39036856103566214,0.16558018252933507,3.420822200676097,1264.8682801156076,0,1.8892881725578785,96.09895406887065,-149.00891562585582,27.894739151000977
s1930_n316,316,0.8020731012658229,824.152,1418,-19.865460116412606,4.925803565979003,0.23643120347170174,0.0,3.847863207373881,1066.6273250332304,1,2.6965988542664743,35.79662169767835,-54.7183789996795,18.53160285949707
s1931_n385,385,0.8158709090909092,881.218,1947,-24.195370150798198,4.873113822937011,0.1713145155097192,0.0,3.4486071248454335,1641.0992950622017,3,3.997288855665827,51.42188911666627,-82.13019488769575,20.488235473632812
s1932_n440,440,0.8018884090909092,1033.89,158,-29.282867794118502,4.9322832107543935,0.4176492871576992,0.2681818181818182,3.6861996323727846,2004.4394611568293,3,5.53391967446343,55.37918563783962,-99.3335576535906,20.937822341918945
s1933_n470,470,0.8129770212765958,1222.11,1961,-34.05988096359488,4.755286598205566,0.27116448528071907,0.019148936170212766,3.786890539333554,1797.2670053611776,4,4.1990415898025795,53.43107941845452,-94.25145935102324,21.759761810302734
s1934_n544,544,0.773880330882353,1070.6,1513,-8.765900803095931,5.624127388000488,0.1881147242703412,0.014705882352941176,4.022531755663388,4814.107481820214,21,17.564420700430034,73.11020827121574,-85.91107768084638,25.591033935546875
s1935_n593,593,0.8032819561551433,1017.13,120,-19.238257640041418,4.876694679260253,0.33580052426252366,0.03204047217537943,3.444923094719133,3015.576640140198,7,15.829813711837078,42.54756155198883,-67.32779127827325,26.46837043762207
s1936_n639,639,0.7690010954616588,883.399,0,-31.01333442514852,4.7382917404174805,0.3215300697116929,0.0,3.259361495143787,1561.8892812183913,1,2.564375978167284,3.6939066063683645,-30.12109137716645,28.766944885253906
s1937_n696,696,0.7734149425287355,1306.37,63,13.145507152560796,8.47812442779541,0.13065783844393727,0.028735632183908046,3.578756211500932,3734.519700463738,4,11.580052007222276,112.8021239298464,-56.63099957145859,26.5469970703125
s1938_n749,749,0.8123309746328439,841.16,0,-28.261949966391924,5.399101829528808,0.4865483230974951,0.44192256341789055,3.4936943430765393,676.5235309155712,1,0.4455552851373665,107.34418304012297,-128.24194269763052,27.238784790039062
s1939_n782,782,0.8069304347826086,2288.07,13,331.0918303375597,10.818842506408693,0.34936818141137505,0.159846547314578,3.0977225543963236,1281.4416290827517,2,2.64958454084169,492.2085800406555,-0.1775224638488748,26.423168182373047
s1940_n309,309,0.7974585760517799,768.224,12,-2.3441584748038835,6.488875770568847,0.46291305923287945,0.313915857605178,3.7199290626492365,2029.8919432153436,7,6.1363159592985195,33.79415292761875,-18.56726672028899,17.08179473876953
s1941_n398,398,0.7955027638190955,944.163,1912,-4.349997179414146,6.2511182785034185,0.27133977759025135,0.10050251256281408,4.038019998196443,3001.2393719432184,10,9.817103322084696,52.17946717551662,-39.63231553925894,19.38254165649414
s1942_n441,441,0.793128798185941,1084.63,1826,-52.54425609773483,4.375602149963378,0.35387615784671084,0.13151927437641722,3.7248281588423726,2272.6489625202476,6,3.841146159898883,25.887488237951313,-104.14746441780593,20.557891845703125
s1943_n474,474,0.8227710970464136,645.988,826,-104.05556127886604,4.078902626037597,0.3440346785486681,0.17088607594936708,3.4420007346335177,1899.9406320625976,2,4.068060503149679,27.262483441624966,-173.15111242399695,22.260862350463867
s1944_n527,527,0.7749083491461101,1166.31,2432,17.90306194657927,10.281434059143066,0.28890928086854306,0.11385199240986717,3.7287822395863075,3813.2810385805356,6,15.962584501643196,98.09428761796721,-33.343841327449276,21.392824172973633
s1945_n551,551,0.7926635208711434,419.743,0,2.5899432368571382,8.56638164520264,0.4781648629353426,0.39019963702359345,3.3205815111036068,1250.0144432463844,2,1.1073732797936688,80.14145696471836,-59.87508871791316,27.773601531982422
s1946_n611,611,0.784007201309329,1275.19,972,-9.133534686967039,5.604404258728027,0.32918029659512354,0.22585924713584288,3.646797092853776,2142.30050572863,3,9.119085601065585,91.77312735543946,-66.70708160396208,27.52647590637207
s1947_n676,676,0.7777235207100591,546.268,3,-122.34557364970941,4.0500284194946286,0.44090839523650854,0.22189349112426035,3.1603297249324402,3317.1673957380553,6,11.802267977215905,6.31540003651437,-147.2826226117395,27.116933822631836
s1948_n712,712,0.762940168539326,1663.21,46,12.32732169186005,8.681908988952639,0.12994574792904964,0.02949438202247191,3.368612749719218,5790.7526267054445,12,22.457349532284383,120.59418578204992,-73.11703086987389,26.611074447631836
s1949_n764,764,0.8301327225130889,1584.82,7,-196.08824735607107,4.0500284194946286,0.8518749806768517,1.0,3.071543152020232,643.2588765819814,0,0.9261574274859271,19.20775995408492,-254.71974124773186,26.255247116088867
s1950_n314,314,0.7795207006369428,457.599,1577,-2.481591524983738,5.268315315246581,0.4506071833285818,0.5668789808917197,3.528403277174193,3552.522966476468,12,13.50449284060957,13.987472417883662,-13.55410502625536,20.589956283569336
s1951_n361,361,0.8010227146814406,1140.62,855,-6.296053321739926,5.393247413635254,0.27216079950168626,0.024930747922437674,3.6786600211356335,1582.184677229684,2,4.068133491339538,40.97569805967422,-40.54451338953004,19.006250381469727
s1952_n411,411,0.8124693430656935,1056.9,1636,-42.81794795666687,4.571355628967285,0.33715041613001767,0.043795620437956206,3.751412037960451,2459.984227406689,4,4.88958740851278,33.9824574810542,-101.10574401679344,20.8731632232666
s1953_n450,450,0.8143568888888889,1021.54,1012,-13.050685018091514,5.26757640838623,0.2625230120042298,0.0044444444444444444,3.4772548117135633,1967.124883538523,4,5.613686950862123,62.08280482322572,-72.275295745574,21.864564895629883
s1954_n509,509,0.7966231827111984,1070.2,1878,-18.718176764195334,5.195049858093261,0.15151921783554403,0.0,3.8060883197958915,1874.3461931762483,2,4.646778963344137,61.58867025135618,-75.09483257233961,21.513063430786133
s1955_n574,574,0.8113362369337979,1147.0,312,-59.28787766973731,4.571355628967285,0.2278291434295096,0.029616724738675958,3.666643612686959,1511.8393953477575,1,3.145243246340239,56.184052500554536,-138.76834229286794,23.139570236206055
s1956_n648,648,0.778505401234568,1816.71,1979,-24.20271372084405,4.0500284194946286,0.372538655040859,0.07561728395061729,3.423145910198609,6663.647724110327,26,26.7634622040751,0.0,-13.76456743730817,25.44796371459961
s1957_n697,697,0.7944284074605451,1078.27,267,-43.61220592839455,4.322741889953614,0.2915674214102094,0.04591104734576758,3.616276420798405,3419.365337034681,5,9.514389151001698,32.64902145716054,-84.5880085350293,25.127851486206055
s1958_n713,713,0.8112481065918653,377.978,3414,-28.459171919889016,4.0500284194946286,0.5501727178307346,0.7335203366058906,2.626138298002141,3004.7926251972544,11,11.955079732752374,0.661382777951213,-47.525687058172,23.91526222229004
s1959_n770,770,0.7855044155844155,1993.72,5216,35.47199003235999,9.594652366638183,0.2197391087406873,0.005194805194805195,3.1953383176677836,2464.7018257790305,3,4.852416341087642,89.45983499193515,-19.0315756058557,26.14984703063965
s1960_n347,347,0.7956939481268012,762.743,1813,-22.539543895221236,4.873284339904784,0.3342489644355582,0.08069164265129683,3.839263987103673,2446.0284678993353,7,5.444259093170804,27.97150570164083,-55.83313114008009,18.914770126342773
s1961_n374,374,0.7836026737967915,761.674,718,-7.519548902980347,5.793678092956543,0.2941814535552433,0.09090909090909091,4.056862362303095,3224.618561256913,11,10.251739597739967,45.54902074596694,-37.0681798667806,19.193880081176758
s1962_n449,449,0.8000006681514475,746.252,540,-52.40649918377255,4.0500284194946286,0.5608102468048494,0.7015590200445434,3.6308644620635313,2149.441586361772,10,5.5471199184622275,21.842439897255357,-69.23962733607625,20.628087997436523
s1963_n458,458,0.8162936681222707,226.147,0,-23.138104465337662,4.893803215026855,0.2927917536650341,0.1222707423580786,3.348016696747741,2732.681360102479,9,13.66482004495386,84.09170900819527,-86.33491696853103,22.17665672302246
s1964_n508,508,0.7949037401574803,1573.59,508,-2.471669724307489,5.957544898986817,0.1793375949600562,0.0,3.67240977380346,2240.8168276940087,5,6.713106385252743,65.65596672053545,-56.819317615595,22.135028839111328
s1965_n565,565,0.8045389380530974,1468.34,2907,-11.176820822413305,5.479301643371582,0.1173952361643858,0.0,3.522527447123021,1796.5180358474588,0,4.608701702851412,84.09185634152249,-86.73660886446137,23.403461456298828
s1966_n648,648,0.819701388888889,1171.59,77,-88.50522334884812,4.470750617980956,0.2586667069512454,0.11574074074074074,3.360560726364386,1678.568807681397,1,2.1715511387891335,100.77171500763018,-192.43336281463712,25.143064498901367
s1967_n689,689,0.7789297532656024,1735.7,680,-34.465061046862246,4.125510597229003,0.33264190345497757,0.033381712626995644,3.6204788605149267,7047.275099872448,19,17.716836423618393,28.013293733828075,-25.147809920231076,24.912677764892578
s1968_n708,708,0.7950189265536722,64.628,23,1.1406802483944805,7.3724946975708,0.330896971159267,0.0,1.9132444092583758,13126.697054274357,42,93.68663717723237,3.0089773597027283,0.0,21.8867130279541
s1969_n765,765,0.7692515032679739,1447.4,110,78.96727333556555,9.590977668762207,0.14169773392292473,0.0,3.4789230435336385,2349.850829950718,2,5.486963321039762,102.48016641983634,-19.82433626347655,26.82862091064453
s1970_n332,332,0.7979822289156627,579.271,2232,-19.10886428121632,4.816047477722168,0.3327618086827401,0.07530120481927711,3.853572675045711,1936.4341807447252,2,6.378828148942918,40.52017657233416,-46.564325442872565,18.42083168029785
s1971_n399,399,0.7985624060150376,1111.28,725,-9.704078616091387,5.559842491149902,0.19923496904389992,0.0,3.863226471992599,2821.8480001799376,10,7.4242916510374615,60.05430537327779,-54.566248911701884,19.546789169311523
s1972_n438,438,0.8056009132420092,953.435,1725,1.8526461683272402,8.054696083068848,0.15251804170741703,0.0,3.6462970141087054,1563.3321063190176,4,5.027948027564454,69.55568056052354,-57.64854328820711,21.64570426940918
s1973_n482,482,0.795903112033195,941.057,3269,-26.851134664245862,4.933192634582518,0.14914486283283573,0.0,3.9004459541895415,2523.793556084312,3,8.358010618097133,56.66168771925494,-73.04858497132791,21.271909713745117
s1974_n501,501,0.8082802395209581,1325.99,500,-25.03099988303522,4.898236656188964,0.30066423367201994,0.04590818363273453,3.80897539178572,2532.658789127207,7,4.732886331602561,64.69368620149878,-88.58473114815705,22.581289291381836
s1975_n588,588,0.8046681972789116,401.104,785,-23.57956747625491,5.058749961853027,0.4600565317647417,0.3231292517006803,3.2458525132364073,2241.7524918366,4,16.13021533769087,65.01155070727961,-84.41035174637537,23.56813621520996
s1976_n621,621,0.8047798711755234,1076.06,2056,197.2839408493858,10.839343452453612,0.3991558586040016,0.2560386473429952,3.146670897871209,2747.8462843572265,5,13.989280361239107,320.842332466627,-0.22722307951640636,24.020841598510742
s1977_n695,695,0.7651346762589928,1770.57,279,17.2859708267031,8.932562065124515,0.12153098655799062,0.060431654676258995,3.630567674911675,4499.965293361107,6,10.526928813385119,74.51590126209554,-38.8296322519391,27.305143356323242
s1978_n724,724,0.8030928176795581,2063.25,1101,-39.53572987597089,4.9134126663207995,0.2578699885326177,0.04558011049723757,3.875485623722143,2618.3231751473454,2,6.91196577703482,68.94795535611021,-130.0461855533099,24.55484962463379
s1979_n779,779,0.7906405648267008,122.241,49,-6.3771629978393864,4.660763359069825,0.19939204264342492,0.0,2.024275428223588,16264.8992846097,46,119.1863128093976,8.818511864696916,-15.917133300062348,24.457813262939453
s1980_n317,317,0.8263359621451105,520.313,188,-61.86370813552827,4.509742164611817,0.5190802986219689,0.5930599369085173,3.3196151853068616,1141.7203705820598,3,1.3888311487808915,49.72022705294998,-152.49786500543757,19.145729064941406
s1981_n375,375,0.7734997333333334,1226.11,3635,-13.460450201575316,4.08583698272705,0.5481176207042803,0.632,3.4777943115717793,2268.107350188857,4,10.624784833275124,9.57013081875235,-10.689145872783232,19.185100555419922
s1982_n427,427,0.8133405152224823,985.039,621,-28.192405478078634,4.684181022644043,0.35274227264337066,0.18969555035128804,3.6654903939791743,1944.8345023153663,4,3.060619417715822,36.79630413015425,-90.44222944611249,20.544742584228516
s1983_n498,498,0.7688670682730924,1134.81,1032,-37.95395085018144,4.224524116516113,0.20393592156721466,0.0,3.4586899822814248,8543.725030852727,30,41.42419765456492,1.7504328998366292,-63.11145666536965,22.688493728637695
s1984_n525,525,0.8085860952380951,1283.66,1233,-108.79996448413094,4.0500284194946286,0.6236049523038457,0.780952380952381,3.719042852174127,3229.761380535943,3,11.28420164391904,15.479505088108779,-165.9756453562722,22.804546356201172
s1985_n590,590,0.8121735593220339,1283.06,3145,-86.21884320249067,4.0500284194946286,0.5824149233382716,0.6966101694915254,3.4398300300047118,3483.138504379137,8,18.129770796169346,23.080870689601355,-129.9611167046973,27.31339454650879
s1986_n623,623,0.8249089887640451,947.822,307,-140.2843424701236,4.067080116271973,0.40004919164483,0.18298555377207062,3.536413128332562,1987.979928757835,2,3.405889653390743,19.098257884256,-235.89517746068833,24.540851593017578
s1987_n663,663,0.8199381598793366,970.036,307,-168.77608846028113,4.0500284194946286,0.35581831905101446,0.18250377073906485,3.442650129821358,1754.424864889716,1,6.183820265052548,13.606879580982774,-254.8960677945573,25.451515197753906
s1988_n706,706,0.8074386685552408,1410.0,5186,-71.09376936774004,4.50860538482666,0.17395479798899358,0.021246458923512748,3.2598056175693495,2056.887382867154,2,4.871774072737501,51.64753411596083,-155.74758170860528,25.233875274658203
s1989_n752,752,0.7729969414893616,769.566,0,-59.67537756626176,4.238677024841309,0.2854777745735012,0.0026595744680851063,3.34248230040735,2118.091983736662,3,2.873122569430383,4.308006768191856,-83.57087597212598,29.457080841064453
s1990_n320,320,0.7971018750000001,521.193,1255,-6.0369300361711,5.544836997985839,0.38803326214401573,0.203125,3.3862261411815586,1455.1217752457615,4,4.877709013710299,48.403586378701235,-35.58734352210815,17.681793212890625
s1991_n396,396,0.767510606060606,2313.52,1089,-1.5471513098921896,5.4045015335083,0.3387203855970204,0.005050505050505051,3.543306480661218,2385.2019228502477,9,11.400713165957708,20.356690187446638,-7.175260734635918,19.76636505126953
s1992_n426,426,0.7897880281690141,820.808,720,-22.613635707334296,4.98667812347412,0.20956830385420333,0.018779342723004695,4.0680694030177955,2267.40714525567,3,7.350071463138907,43.514542283234704,-71.3896026972881,20.58732795715332
s1993_n498,498,0.8012646586345382,967.074,256,-23.366120842932446,4.811443519592285,0.3196168488747385,0.09839357429718876,3.649157757205544,1928.78613575328,4,3.9021737163467884,53.67959801150002,-78.84564478393568,22.89160919189453
s1994_n537,537,0.7960934823091249,1410.44,4128,-27.626311482160645,5.109677696228027,0.19125551984779882,0.0037243947858473,3.794487067315361,2756.3004719831615,7,7.286485253650089,92.34706296323807,-118.60778087416108,24.088600158691406
s1995_n569,569,0.792021265377856,1774.28,27,-97.40360915319438,4.0500284194946286,0.45598493791263367,0.37434094903339193,3.6743728100026987,3108.0026461759885,9,8.97200866455569,7.311942569605414,-171.0100928753563,27.792110443115234
s1996_n619,619,0.8183159935379645,1054.78,658,-54.01769110200489,4.693673133850097,0.29544679373123983,0.04038772213247173,3.340400521041644,2785.6860388891946,2,3.723260846548455,66.42888505451506,-138.38160282371473,25.754352569580078
s1997_n653,653,0.7965180704441042,1334.65,2614,-17.3885887452941,5.044710731506346,0.2610232572620853,0.07503828483920368,3.613639351893445,2465.075541628742,4,9.880604642828628,65.36941115800467,-85.45875309818871,24.677366256713867
s1998_n731,731,0.79538317373461,1412.11,2928,-0.3704156549726605,6.7597135543823255,0.1565176125968325,0.0,3.2709268497490886,2260.821949576161,4,4.964572929117752,105.75197307146928,-79.17231367971593,26.11227035522461
s1999_n795,795,0.7997485534591195,1740.36,5823,-85.74907393402349,4.490019035339355,0.1557989990070725,0.0,3.641606538689784,2565.6725929820627,2,6.049808806510818,54.10636203117426,-179.5415066977679,26.258127212524414
