id,length,aliphatic_index,ivywrel_fraction,gravy,charged_fraction,log_acidic_basic_ratio,aromatic_fraction
s1000_n310,310,105.74193548387096,0.596774193548387,-0.23741935483870946,0.33225806451612905,0.14187715852457963,0.06774193548387097
s1001_n376,376,98.5372340425532,0.46276595744680843,-0.5087765957446809,0.3351063829787234,0.0,0.09308510638297872
s1002_n442,442,108.80090497737555,0.3891402714932127,-0.6565610859728507,0.09728506787330318,-0.0579919469776867,0.058823529411764705
s1003_n480,480,51.625,0.41875,-1.0745833333333332,0.28750000000000003,1.6595993124367443,0.035416666666666666
s1004_n540,540,99.25925925925925,0.6185185185185186,-0.7312962962962964,0.44074074074074077,0.09446786328187616,0.0
s1005_n573,573,97.69633507853402,0.23036649214659685,0.3626527050610819,0.0,0.0,0.029668411867364748
s1006_n610,610,59.983606557377044,0.3114754098360656,-0.6162295081967213,0.17049180327868851,1.5357159699855099,0.03934426229508197
s1007_n660,660,116.87878787878788,0.5696969696969698,-0.6022727272727271,0.39242424242424245,0.1239682457420924,0.08939393939393939
s1008_n725,725,97.91724137931035,0.31172413793103443,-0.3467586206896554,0.060689655172413794,-0.0377885608893998,0.06482758620689655
s1009_n776,776,88.55670103092783,0.5141752577319587,-0.5087628865979382,0.3324742268041237,0.8846065812979305,0.04639175257731959
s1010_n314,314,115.50955414012738,0.6210191082802548,-0.46592356687898095,0.40445859872611467,0.3473300153169504,0.1305732484076433
s1011_n359,359,66.54596100278552,0.37325905292479106,-0.8245125348189418,0.42618384401114207,0.19957235490520403,0.08635097493036212
s1012_n424,424,51.53301886792452,0.375,-0.9945754716981131,0.3938679245283019,0.8973376581028523,0.11320754716981132
s1013_n464,464,107.60775862068964,0.42241379310344823,-0.6995689655172415,0.21120689655172414,-0.10473535052001294,0.1206896551724138
s1014_n513,513,97.38791423001949,0.608187134502924,-0.527485380116959,0.4249512670565302,0.6145048107822201,0.01364522417153996
s1015_n587,587,105.33219761499146,0.6609880749574106,-0.5972742759795571,0.4582623509369676,0.7744233778644005,0.018739352640545145
s1016_n609,609,124.53201970443351,0.4827586206896552,-0.379967159277504,0.2627257799671593,0.032184683371401235,0.09523809523809523
s1017_n677,677,105.56868537666173,0.42688330871491875,-0.6078286558345641,0.24224519940915806,0.06289928147243093,0.08419497784342689
s1018_n700,700,102.97142857142858,0.30857142857142855,-0.48085714285714276,0.08714285714285715,0.12493873660829992,0.02
s1019_n793,793,104.59016393442622,0.4918032786885246,-0.40970996216897854,0.3165195460277428,0.5664593165867381,0.05548549810844893
s1020_n344,344,100.37790697674419,0.47965116279069764,-0.5302325581395347,0.311046511627907,0.202825512302926,0.06686046511627908
s1021_n390,390,70.15384615384616,0.2948717948717948,-0.3812820512820513,0.14615384615384613,0.42934847292366185,0.038461538461538464
s1022_n434,434,99.83870967741935,0.315668202764977,-1.079493087557604,0.020737327188940093,0.24303804868629444,0.062211981566820285
s1023_n462,462,119.65367965367963,0.5303030303030303,-0.36233766233766207,0.3463203463203463,0.053684858962776354,0.11255411255411256
s1024_n539,539,64.54545454545455,0.2671614100185529,-1.0098330241187383,0.10204081632653061,-0.045757490560675115,0.059369202226345084
s1025_n559,559,106.88729874776384,0.45438282647584977,-0.5355992844364937,0.20572450805008946,0.4057653461839943,0.06797853309481217
s1026_n631,631,76.71949286846275,0.4405705229793978,-0.5616481774960378,0.35974643423137875,0.07987667370927597,0.1045958795562599
s1027_n699,699,77.15307582260372,0.5579399141630902,-0.9646638054363379,0.4034334763948498,1.0153597554092142,0.034334763948497854
s1028_n707,707,110.65063649222064,0.6294200848656294,-0.4736916548797737,0.39321074964639324,0.39036805753105697,0.0297029702970297
s1029_n783,783,62.0051085568327,0.26053639846743293,-0.821455938697318,0.3243933588761175,0.23638716094293222,0.07535121328224777
s1030_n305,305,82.81967213114753,0.34098360655737703,-0.7934426229508195,0.2360655737704918,0.0705810742857072,0.0819672131147541
s1031_n364,364,108.84615384615384,0.5576923076923077,-0.29313186813186803,0.30494505494505497,0.14744607760615122,0.038461538461538464
s1032_n421,421,96.6270783847981,0.5843230403800476,-0.6672209026128265,0.3681710213776722,0.3825651471050834,0.03562945368171021
s1033_n460,460,60.0,0.1391304347826087,0.28152173913043466,0.02826086956521739,-0.05799194697768681,0.10217391304347827
s1034_n545,545,108.91743119266056,0.46238532110091746,-0.5893577981651377,0.28807339449541286,0.060187205983316554,0.06788990825688074
s1035_n581,581,102.56454388984511,0.5370051635111877,-0.7065404475043029,0.3493975903614458,0.10645533091428679,0.12048192771084337
s1036_n642,642,92.53894080996884,0.2507788161993769,-0.020093457943925308,0.015576323987538939,-0.146128035678238,0.017133956386292833
s1037_n682,682,113.65102639296185,0.42961876832844575,-0.5854838709677417,0.187683284457478,0.0,0.07478005865102638
s1038_n718,718,112.57660167130919,0.4568245125348189,-0.5824512534818943,0.2395543175487465,0.04997397496183854,0.06406685236768803
s1039_n794,794,94.76070528967253,0.49496221662468515,-0.7172544080604537,0.32997481108312343,0.2573210677785753,0.07556675062972291
s1040_n323,323,95.17027863777089,0.4055727554179567,-0.0030959752321982337,0.2198142414860681,0.1810546785872315,0.02476780185758514
s1041_n398,398,93.06532663316582,0.47738693467336685,-0.7007537688442212,0.35929648241206025,0.22664763249812508,0.07788944723618091
s1042_n440,440,89.04545454545453,0.5340909090909091,-0.6952272727272726,0.3909090909090909,0.6639743436307891,0.038636363636363635
s1043_n457,457,74.46389496717725,0.3304157549234136,-1.2529540481400436,0.13785557986870897,0.2615214543803076,0.048140043763676144
s1044_n534,534,89.250936329588,0.5262172284644195,-0.593071161048689,0.3389513108614232,0.08092190762392613,0.05056179775280899
s1045_n584,584,107.5,0.5462328767123288,-0.5039383561643835,0.375,-0.09072463607719831,0.003424657534246575
s1046_n640,640,96.046875,0.34218750000000003,0.28859375,0.1609375,0.282546589969968,0.0375
s1047_n672,672,93.80952380952381,0.5148809523809523,-0.5148809523809522,0.3303571428571428,0.18094376185009337,0.07142857142857142
s1048_n717,717,108.63319386331938,0.41283124128312415,-0.5370990237099025,0.1701534170153417,0.4053219622946373,0.03905160390516039
s1049_n750,750,79.36,0.62,-1.057466666666667,0.3973333333333333,0.06963592814139448,0.09333333333333332
s1050_n342,342,110.08771929824559,0.5233918128654971,-0.06315789473684219,0.2894736842105263,0.12995953798335075,0.02631578947368421
s1051_n364,364,112.99450549450549,0.7005494505494506,-0.7541208791208792,0.5054945054945055,0.49600659888003623,0.07692307692307693
s1052_n449,449,76.83741648106903,0.2650334075723831,0.07906458797327398,0.10690423162583519,0.6020599913279624,0.017817371937639197
s1053_n469,469,84.64818763326227,0.584221748400853,-0.7827292110874201,0.3880597014925373,0.8239087409443188,0.03624733475479744
s1054_n536,536,117.08955223880596,0.537313432835821,-0.6876865671641792,0.39365671641791045,0.053078443483419765,0.03917910447761194
s1055_n566,566,94.08127208480566,0.27385159010600707,0.42897526501766786,0.037102473498233215,0.6766936096248665,0.06537102473498232
s1056_n606,606,112.64026402640263,0.36468646864686466,-0.7392739273927394,0.024752475247524754,0.26324143477458145,0.08745874587458746
s1057_n697,697,116.1119081779053,0.41893830703012913,-0.4899569583931132,0.19799139167862267,0.01240925798181993,0.06743185078909612
s1058_n700,700,107.18571428571428,0.38857142857142857,-0.38742857142857134,0.26571428571428574,-0.38348895147284195,0.05857142857142857
s1059_n785,785,83.51592356687898,0.4191082802547771,-0.4357961783439491,0.2611464968152866,0.5687349279177704,0.03821656050955414
s1060_n305,305,76.62295081967214,0.4262295081967213,-0.5708196721311476,0.33114754098360655,0.11021547978759363,0.10819672131147541
s1061_n356,356,100.11235955056179,0.4382022471910112,-0.17415730337078666,0.25280898876404495,0.037788560889399754,0.03932584269662921
s1062_n411,411,92.50608272506082,0.5206812652068126,-0.48442822384428236,0.3236009732360098,0.1895379827829276,0.051094890510948905
s1063_n467,467,96.59528907922912,0.5417558886509637,-0.7955032119914348,0.37687366167023556,0.17812542896613442,0.08565310492505353
s1064_n533,533,65.36585365853658,0.3527204502814259,-0.5090056285178235,0.2232645403377111,-0.16713641640275478,0.005628517823639775
s1065_n590,590,137.66101694915253,0.506779661016949,-0.26525423728813546,0.22203389830508474,-0.09837970808883197,0.09830508474576272
s1066_n645,645,80.46511627906976,0.2496124031007752,-0.03705426356589159,0.013953488372093023,0.24303804868629444,0.034108527131782945
s1067_n657,657,56.940639269406375,0.1354642313546423,-0.4978691019786911,0.0,0.0,0.0
s1068_n742,742,56.18598382749327,0.11185983827493262,0.25970350404312675,0.0,0.0,0.11320754716981132
s1069_n752,752,108.49734042553192,0.36170212765957444,-0.7373670212765957,0.07446808510638298,0.24598242933307582,0.045212765957446804
s1070_n308,308,78.92857142857143,0.39285714285714285,-0.650974025974026,0.2597402597402597,0.3089989253352566,0.09090909090909091
s1071_n365,365,88.65753424657534,0.4356164383561643,-0.888767123287671,0.3178082191780822,0.17916049078335777,0.07945205479452055
s1072_n423,423,97.73049645390071,0.4255319148936171,-0.7446808510638299,0.22458628841607564,0.06279082985945553,0.08274231678486997
s1073_n471,471,107.8131634819533,0.5392781316348195,-0.6687898089171977,0.39490445859872614,0.1397994066501822,0.08280254777070063
s1074_n536,536,109.64552238805969,0.5914179104477612,-0.45130597014925355,0.39365671641791045,-0.06947176466111685,0.009328358208955223
s1075_n590,590,78.0,0.3932203389830508,-0.4593220338983049,0.3169491525423729,1.0050795255292748,0.020338983050847456
s1076_n628,628,106.49681528662418,0.7468152866242038,-0.6495222929936308,0.47770700636942676,0.8038566506185455,0.04777070063694268
s1077_n650,650,100.6,0.5953846153846154,-0.5946153846153845,0.3538461538461538,-0.022468517909111058,0.04307692307692308
s1078_n709,709,119.44992947813824,0.5373765867418899,-0.42045133991537387,0.3229901269393512,0.06403790747702548,0.11142454160789844
s1079_n772,772,119.63730569948186,0.4339378238341969,-0.553756476683938,0.2603626943005181,-0.13368741050259397,0.06217616580310881
s1080_n328,328,84.54268292682927,0.375,-0.11676829268292671,0.25,0.08297423506476392,0.039634146341463415
s1081_n377,377,89.44297082228117,0.35278514588859416,-0.0795755968169759,0.09283819628647215,0.4313637641589874,0.07692307692307693
s1082_n437,437,60.91533180778031,0.24713958810068648,-0.05102974828375295,0.16247139588100687,0.7993405494535817,0.05720823798627002
s1083_n450,450,109.04444444444445,0.45111111111111113,-0.4740000000000001,0.24666666666666667,0.38457604711405613,0.015555555555555555
s1084_n510,510,66.47058823529412,0.30980392156862746,-0.5266666666666666,0.1803921568627451,0.4895305127014824,0.050980392156862744
s1085_n564,564,10.460992907801419,0.06382978723404255,-0.7558510638297871,0.031914893617021274,1.2787536009528289,0.09929078014184398
s1086_n600,600,80.28333333333333,0.1733333333333333,0.5688333333333333,0.0033333333333333335,0.0,0.0
s1087_n652,652,101.7791411042945,0.36503067484662577,-0.6136503067484662,0.2177914110429448,-0.04830467957455503,0.05368098159509202
s1088_n735,735,57.51020408163265,0.14693877551020407,-0.23768707482993195,0.06802721088435373,0.13469857389745615,0.024489795918367346
s1089_n778,778,74.34447300771208,0.20179948586118251,-0.4051413881748073,0.0038560411311053984,0.17609125905568124,0.0012853470437017994
s1090_n333,333,101.95195195195194,0.48948948948948945,-0.26876876876876893,0.30930930930930933,-0.2643071886392413,0.015015015015015015
s1091_n397,397,100.68010075566751,0.3904282115869017,-0.782367758186398,0.2846347607052897,-0.3952999125058292,0.07052896725440806
s1092_n442,442,105.42986425339367,0.5226244343891402,-0.5558823529411765,0.3393665158371041,0.1856365769619116,0.11538461538461539
s1093_n486,486,98.8477366255144,0.5246913580246914,-0.6954732510288065,0.38065843621399176,0.12629379069326602,0.10905349794238683
s1094_n524,524,62.44274809160305,0.20419847328244276,-0.7666030534351146,0.03435114503816794,0.17609125905568124,0.05916030534351145
s1095_n592,592,113.1081081081081,0.46790540540540543,-0.723310810810811,0.2516891891891892,0.20505495499099796,0.04054054054054054
s1096_n618,618,86.84466019417476,0.32038834951456313,-0.681877022653722,0.13592233009708737,0.12199435596151867,0.05016181229773463
s1097_n677,677,82.7178729689808,0.4446085672082718,-1.0180206794682425,0.3338257016248154,0.15397694476510895,0.0014771048744460858
s1098_n708,708,103.1638418079096,0.5098870056497175,-0.12231638418079088,0.28672316384180796,0.19382002601611276,0.015536723163841809
s1099_n768,768,107.2265625,0.6223958333333334,-0.5838541666666668,0.4127604166666667,-0.04087288320281075,0.005208333333333333
s1100_n339,339,122.53687315634218,0.39823008849557523,-0.5106194690265488,0.1327433628318584,-0.01848340569401313,0.0471976401179941
s1101_n380,380,84.18421052631578,0.2026315789473684,0.7147368421052631,0.05,0.3010299956639812,0.031578947368421054
s1102_n449,449,99.44320712694876,0.5367483296213809,-0.8115812917594653,0.38084632516703787,0.10595814198545353,0.12249443207126949
s1103_n486,486,110.51440329218107,0.5164609053497943,-0.5121399176954732,0.37860082304526754,0.04674340354232619,0.09465020576131687
s1104_n506,506,120.23715415019763,0.6205533596837944,-0.593675889328063,0.43675889328063244,0.21046016068694373,0.07114624505928854
s1105_n599,599,46.410684474123535,0.14858096828046743,-0.590651085141903,0.0,0.0,0.060100166944908176
s1106_n616,616,100.27597402597404,0.6379870129870129,-0.7995129870129872,0.4253246753246753,0.12589850380974973,0.024350649350649352
s1107_n694,694,42.34870317002881,0.17723342939481268,-0.41729106628242085,0.07348703170028818,1.7160033436347992,0.13544668587896252
s1108_n746,746,106.26005361930295,0.41018766756032177,-0.5128686327077749,0.10455764075067024,0.5371191843949478,0.0482573726541555
s1109_n775,775,78.5290322580645,0.23225806451612901,-0.5916129032258064,0.01032258064516129,0.36797678529459443,0.03225806451612903
s1110_n318,318,103.61635220125787,0.5691823899371069,-0.6440251572327045,0.4088050314465409,0.3010299956639812,0.07232704402515723
s1111_n360,360,109.94444444444443,0.48888888888888893,-0.5138888888888886,0.37222222222222223,0.03834499207621967,0.05555555555555555
s1112_n415,415,87.13253012048192,0.46746987951807234,-0.9633734939759033,0.2963855421686747,0.20524948779689461,0.10602409638554217
s1113_n464,464,91.85344827586206,0.4913793103448276,-0.7672413793103446,0.3254310344827586,0.13156931550731307,0.08189655172413793
s1114_n507,507,70.11834319526626,0.3234714003944773,-0.5420118343195267,0.14201183431952663,0.4616090885414148,0.07495069033530573
s1115_n591,591,97.36040609137055,0.494077834179357,-0.4126903553299492,0.29949238578680204,0.21281406608042103,0.027072758037225045
s1116_n602,602,104.28571428571429,0.5382059800664452,-0.5745847176079735,0.31561461794019935,0.3319414606449972,0.03488372093023256
s1117_n659,659,110.34901365705613,0.3869499241274658,-0.7361153262518967,0.13353566009104706,0.32293183711181095,0.016691957511380882
s1118_n721,721,117.25381414701803,0.5325936199722607,-0.560332871012483,0.3411927877947295,0.1413291527964693,0.0915395284327323
s1119_n759,759,108.12911725955203,0.5797101449275363,-0.4386034255599472,0.3596837944664032,0.3346385966450614,0.05138339920948616
s1120_n312,312,98.52564102564101,0.4551282051282052,0.005448717948717929,0.25,0.04346569378109026,0.038461538461538464
s1121_n361,361,102.88088642659278,0.4986149584487535,-0.5094182825484763,0.3490304709141274,0.027152246043614773,0.12188365650969529
s1122_n429,429,108.6713286713287,0.3216783216783217,-0.38717948717948725,0.17482517482517484,0.17139613784730132,0.0
s1123_n482,482,70.10373443983401,0.27593360995850624,-0.5410788381742737,0.0954356846473029,-0.2609127724559988,0.06016597510373444
s1124_n523,523,94.68451242829828,0.5411089866156787,-0.8946462715105163,0.2982791586998088,0.1898795435413146,0.0841300191204589
s1125_n575,575,72.01739130434783,0.39478260869565207,-0.9864347826086957,0.24521739130434783,0.2430380486862944,0.10608695652173913
s1126_n603,603,69.66832504145937,0.3167495854063018,-0.04941956882255394,0.03814262023217247,0.7201593034059569,0.1111111111111111
s1127_n691,691,108.79884225759768,0.48769898697539793,-0.3853835021707668,0.31693198263386396,0.16302878621643938,0.059334298118668596
s1128_n706,706,79.3201133144476,0.5354107648725213,-0.8124645892351273,0.36968838526912184,0.3515863691064251,0.056657223796033995
s1129_n759,759,113.53096179183136,0.4980237154150197,-0.5122529644268774,0.3491436100131752,-0.0032531573977217978,0.09881422924901186
s1130_n323,323,100.52631578947367,0.47987616099071206,-0.3585139318885451,0.3498452012383901,0.06811581989746482,0.09597523219814241
s1131_n399,399,95.26315789473684,0.47619047619047616,-0.6213032581453635,0.3634085213032581,0.1009004957408611,0.08771929824561403
s1132_n417,417,86.30695443645084,0.3429256594724221,-0.11366906474820138,0.09832134292565947,0.5772364076029304,0.0815347721822542
s1133_n469,469,62.857142857142854,0.3816631130063966,-0.7240938166311301,0.2942430703624733,0.33881855655338106,0.11300639658848614
s1134_n513,513,90.54580896686159,0.6179337231968811,-0.8576998050682261,0.4093567251461988,0.06567877564397773,0.021442495126705652
s1135_n572,572,94.94755244755244,0.472027972027972,-0.34965034965034963,0.28846153846153844,0.21769278984519858,0.050699300699300696
s1136_n642,642,76.54205607476635,0.29127725856697817,0.15140186915887835,0.13239875389408098,1.9344984512435677,0.056074766355140186
s1137_n663,663,75.58069381598793,0.39819004524886875,-1.114781297134238,0.2443438914027149,0.031791834423851285,0.11161387631975868
s1138_n735,735,94.6938775510204,0.3891156462585034,-0.6087074829931971,0.21904761904761905,0.09091964931886899,0.058503401360544216
s1139_n766,766,51.71018276762401,0.13315926892950394,-0.27167101827676227,0.005221932114882507,0.6989700043360189,0.07180156657963446
s1140_n316,316,83.73417721518987,0.35443037974683544,-0.3164556962025318,0.1740506329113924,0.20164536352806933,0.09177215189873417
s1141_n381,381,73.01837270341207,0.36745406824146987,-0.5091863517060365,0.28083989501312334,0.007968929671275184,0.11811023622047244
s1142_n401,401,93.16708229426433,0.5710723192019951,-0.5531172069825435,0.3491271820448878,0.0735773685296263,0.06982543640897755
s1143_n471,471,78.00424628450105,0.2038216560509554,-0.6853503184713378,0.019108280254777073,0.24303804868629444,0.0
s1144_n521,521,72.30326295585412,0.3570057581573896,-0.3798464491362762,0.30710172744721687,0.7185655603993996,0.02495201535508637
s1145_n553,553,90.36166365280289,0.5334538878842676,-0.621880650994575,0.3128390596745027,-0.18645677452751494,0.06871609403254973
s1146_n635,635,94.11023622047246,0.3070866141732283,0.1344881889763781,0.048818897637795275,0.3010299956639812,0.06614173228346457
s1147_n654,654,105.68807339449542,0.48776758409785936,-0.728593272171254,0.2981651376146789,0.39025318000574666,0.022935779816513763
s1148_n737,737,96.75712347354138,0.603799185888738,-0.5601085481682495,0.44369063772048845,0.5297724532282381,0.005427408412483039
s1149_n753,753,80.94289508632139,0.28950863213811423,0.5128818061088977,0.07038512616201859,1.7323937598229686,0.07702523240371846
s1150_n328,328,108.78048780487805,0.4878048780487805,-0.636280487804878,0.36585365853658536,0.11457322113646626,0.08536585365853658
s1151_n385,385,99.48051948051948,0.2727272727272727,-1.0303896103896102,0.04415584415584416,0.04575749056067514,0.012987012987012988
s1152_n434,434,110.52995391705069,0.4308755760368664,-0.5006912442396312,0.22350230414746544,-0.043905485699081585,0.12903225806451613
s1153_n495,495,113.83838383838383,0.4707070707070708,-0.5129292929292931,0.12727272727272726,0.9183299535486804,0.08686868686868687
s1154_n521,521,49.1362763915547,0.26103646833013433,-0.4562380038387716,0.10364683301343569,1.0086001717619175,0.11516314779270634
s1155_n570,570,56.280701754385966,0.14385964912280702,-0.5371929824561402,0.0,0.0,0.0017543859649122807
s1156_n628,628,113.63057324840764,0.3375796178343949,-0.34378980891719757,0.12579617834394904,0.14061894089346233,0.014331210191082803
s1157_n675,675,55.718518518518515,0.16444444444444445,-0.18207407407407405,0.15703703703703706,2.0293837776852097,0.01925925925925926
s1158_n712,712,99.59269662921348,0.5140449438202247,-0.4304775280898876,0.35252808988764045,0.06535304662405582,0.021067415730337078
s1159_n762,762,72.82152230971128,0.5787401574803149,-0.7779527559055119,0.4251968503937008,0.77350634533788,0.047244094488188976
s1160_n317,317,97.85488958990535,0.5331230283911672,-0.27413249211356494,0.31545741324921134,-0.06826483155852635,0.03785488958990536
s1161_n384,384,71.90104166666667,0.45833333333333337,-0.7718749999999999,0.26822916666666663,-0.057991946977686754,0.05989583333333333
s1162_n449,449,104.94432071269486,0.5478841870824053,-0.3483296213808467,0.34521158129175944,0.07208642928302429,0.035634743875278395
s1163_n494,494,102.83400809716599,0.4149797570850203,-0.7259109311740891,0.2449392712550607,-0.07788677569462592,0.08906882591093118
s1164_n509,509,99.66601178781924,0.5540275049115914,-0.4616895874263261,0.36935166994106094,0.11030568530913576,0.011787819253438112
s1165_n596,596,90.70469798657719,0.5016778523489932,-0.4006711409395975,0.30033557046979864,0.3264771178764606,0.06879194630872483
s1166_n624,624,72.48397435897435,0.38942307692307687,-0.652724358974359,0.23717948717948717,0.6989700043360189,0.024038461538461536
s1167_n659,659,96.52503793626708,0.6054628224582701,-0.6799696509863428,0.40667678300455234,-0.05799194697768681,0.015174506828528073
s1168_n722,722,69.80609418282549,0.5138504155124655,-1.079362880886427,0.32825484764542934,-0.5041965323125833,0.03739612188365651
s1169_n797,797,71.99498117942284,0.23713927227101633,-0.7362609786700125,0.018820577164366373,-0.05115252244738126,0.03513174404015056
s1170_n316,316,104.71518987341773,0.5632911392405063,-0.2645569620253165,0.3291139240506329,0.20012949992312004,0.03164556962025317
s1171_n383,383,91.48825065274151,0.5926892950391645,-0.6994778067885115,0.3368146214099217,0.3414586527195894,0.05744125326370757
s1172_n443,443,108.96162528216703,0.5485327313769751,-0.49887133182844234,0.38826185101580135,0.13076828026902387,0.11512415349887134
s1173_n487,487,78.37782340862424,0.2628336755646817,-0.7921971252566736,0.07802874743326488,-0.1760912590556813,0.07597535934291581
s1174_n509,509,97.15127701375246,0.5225933202357563,-0.5850687622789784,0.23968565815324167,0.2905645619858162,0.10216110019646366
s1175_n571,571,84.5183887915937,0.4711033274956217,-0.5549912434325746,0.3274956217162872,0.08761441358448765,0.0788091068301226
s1176_n622,622,78.64951768488746,0.23472668810289388,0.5435691318327973,0.05627009646302251,0.3187587626244127,0.04019292604501608
s1177_n680,680,83.55882352941177,0.5352941176470588,-0.8233823529411763,0.3647058823529412,0.22741670385529858,0.09558823529411764
s1178_n731,731,65.95075239398085,0.17510259917920656,-0.047879616963064364,0.02051983584131327,0.6690067809585756,0.009575923392612859
s1179_n776,776,70.64432989690721,0.2061855670103093,0.1594072164948454,0.06701030927835051,0.09691001300805649,0.019329896907216496
s1180_n308,308,90.51948051948051,0.48051948051948057,-0.7428571428571431,0.3246753246753247,0.4885507165004443,0.048701298701298704
s1181_n382,382,68.14136125654451,0.40314136125654454,-1.2939790575916228,0.20418848167539266,0.08715017571890013,0.10471204188481675
s1182_n420,420,86.69047619047619,0.3119047619047619,-0.7559523809523809,0.04523809523809524,0.3010299956639812,0.0880952380952381
s1183_n489,489,87.6482617586912,0.5705521472392638,-0.7858895705521473,0.37423312883435583,0.0705810742857072,0.05521472392638037
s1184_n533,533,132.7016885553471,0.5309568480300187,-0.23621013133208252,0.2964352720450282,0.06526673151259149,0.06941838649155722
s1185_n556,556,56.8705035971223,0.26978417266187055,-0.73794964028777,0.14028776978417268,1.591064607026499,0.07014388489208634
s1186_n616,616,109.20454545454544,0.7288961038961039,-0.7939935064935064,0.474025974025974,0.7316938491446423,0.08279220779220779
s1187_n693,693,75.23809523809524,0.20923520923520925,-0.0011544011544012966,0.13275613275613277,1.0944212126043618,0.0404040404040404
s1188_n746,746,106.59517426273457,0.5361930294906166,-0.510857908847185,0.28284182305630023,0.8024198251105804,0.040214477211796246
s1189_n785,785,81.60509554140127,0.513375796178344,-0.9114649681528664,0.3095541401273885,-0.11049530871602686,0.035668789808917196
s1190_n304,304,104.11184210526316,0.4638157894736842,0.06414473684210509,0.2861842105263158,0.20888377245198872,0.006578947368421052
s1191_n367,367,83.8692098092643,0.6621253405994552,-0.9523160762942782,0.4713896457765667,0.5424743013437182,0.0762942779291553
s1192_n438,438,118.03652968036529,0.5547945205479452,-0.5326484018264839,0.4018264840182648,0.1883257154726929,0.04794520547945205
s1193_n470,470,79.8723404255319,0.41702127659574467,-0.42617021276595735,0.2702127659574468,0.1426675035687316,0.1021276595744681
s1194_n501,501,120.05988023952096,0.5469061876247505,-0.4207584830339319,0.3413173652694611,0.10595814198545361,0.11776447105788423
s1195_n563,563,104.08525754884546,0.3996447602131439,-0.4657193605683837,0.20603907637655416,0.11850462660288999,0.0497335701598579
s1196_n607,607,114.13509060955518,0.4085667215815486,-0.5978583196046128,0.14662273476112025,0.22439593863023627,0.03789126853377266
s1197_n673,673,114.68053491827636,0.38930163447251115,-0.6095096582466569,0.13967310549777118,0.109144469425068,0.03417533432392274
s1198_n745,745,103.99999999999999,0.5328859060402684,-0.4455033557046982,0.32885906040268453,0.2190377722825279,0.06442953020134227
s1199_n772,772,82.46113989637306,0.29922279792746115,0.019170984455958467,0.10362694300518135,1.1026623418971477,0.08419689119170984
s1200_n334,334,93.7125748502994,0.5089820359281437,-0.9637724550898206,0.38323353293413176,0.16221485557169285,0.08982035928143713
s1201_n355,355,105.97183098591549,0.47605633802816905,-0.6769014084507046,0.35774647887323946,0.006733382658968403,0.08732394366197183
s1202_n402,402,113.2587064676617,0.33333333333333337,-0.3134328358208955,0.12437810945273632,0.27620641193894907,0.0
s1203_n478,478,118.91213389121337,0.5083682008368201,-0.4364016736401676,0.31799163179916323,0.15970084286751188,0.0502092050209205
s1204_n500,500,93.66,0.38,-0.7048000000000002,0.22999999999999998,-0.022276394711152205,0.054
s1205_n560,560,93.875,0.4357142857142857,-0.7885714285714285,0.25,0.13566260200007313,0.07321428571428572
s1206_n627,627,128.755980861244,0.3317384370015949,-0.7515151515151518,0.4832535885167464,-1.0492180226701817,0.006379585326953748
s1207_n669,669,109.29745889387146,0.3587443946188341,-0.34932735426008976,0.12556053811659193,0.2710667722865379,0.025411061285500747
s1208_n706,706,88.69688385269122,0.2592067988668555,-0.7212464589235128,0.0708215297450425,0.8846065812979305,0.042492917847025496
s1209_n790,790,87.9240506329114,0.2329113924050633,0.41253164556962035,0.0,0.0,0.013924050632911392
s1210_n336,336,99.82142857142856,0.47023809523809523,-0.20863095238095236,0.2976190476190476,0.03407978957227542,0.026785714285714284
s1211_n395,395,57.31645569620254,0.22531645569620254,-0.4255696202531646,0.05822784810126582,0.034762106259212,0.09620253164556963
s1212_n423,423,102.74231678486998,0.657210401891253,-0.7999999999999999,0.40661938534278963,0.03996329994501973,0.0425531914893617
s1213_n466,466,89.99999999999999,0.4892703862660944,-0.43948497854077284,0.3776824034334764,0.2507248773525854,0.06008583690987125
s1214_n530,530,77.43396226415094,0.4754716981132075,-0.8939622641509437,0.3,0.3214231543058244,0.09056603773584905
s1215_n557,557,69.6229802513465,0.473967684021544,-1.0014362657091567,0.38240574506283664,-0.36317790241282566,0.05206463195691203
s1216_n602,602,123.25581395348837,0.5780730897009967,-0.5222591362126248,0.37209302325581395,0.17129237617391252,0.08471760797342193
s1217_n682,682,83.475073313783,0.24780058651026396,-0.6696480938416423,0.06451612903225806,0.6766936096248665,0.05718475073313783
s1218_n721,721,79.375866851595,0.45631067961165045,-0.9198335644937587,0.2565880721220527,0.437750562820388,0.08599167822468794
s1219_n762,762,94.44881889763779,0.46456692913385833,-0.8031496062992124,0.20734908136482938,0.26884531229258,0.09973753280839896
s1220_n336,336,113.33333333333333,0.5744047619047619,-0.4235119047619047,0.3630952380952381,0.21439286723676448,0.03273809523809523
s1221_n394,394,111.5989847715736,0.4949238578680204,-0.5137055837563449,0.3451776649746193,0.07572071393811834,0.08629441624365482
s1222_n414,414,79.78260869565219,0.536231884057971,-0.7760869565217393,0.3381642512077295,-0.024473769383200637,0.07004830917874395
s1223_n458,458,78.8646288209607,0.25545851528384284,0.03799126637554595,0.14410480349344978,0.44369749923271273,0.03930131004366812
s1224_n503,503,89.68190854870774,0.40755467196819084,-0.6642147117296221,0.24652087475149104,0.09691001300805642,0.09145129224652088
s1225_n570,570,111.68421052631581,0.5614035087719298,-0.5052631578947371,0.3807017543859649,0.09958809640850337,0.12105263157894736
s1226_n612,612,70.94771241830064,0.30228758169934644,0.04607843137254898,0.16013071895424835,0.45425837176015815,0.04738562091503268
s1227_n673,673,93.99702823179791,0.424962852897474,-0.08306092124814285,0.22882615156017833,0.1576078533616681,0.08023774145616641
s1228_n729,729,104.82853223593965,0.3978052126200275,-0.503703703703704,0.1824417009602195,0.3303193717659688,0.06584362139917696
s1229_n756,756,110.91269841269839,0.376984126984127,-0.5842592592592593,0.22089947089947087,0.15053715458329303,0.003968253968253968
s1230_n326,326,102.94478527607363,0.4877300613496932,-0.02883435582822086,0.29447852760736193,0.14309099895275593,0.03680981595092025
s1231_n377,377,101.43236074270557,0.3395225464190982,-0.46286472148541125,0.08488063660477453,0.10266234189714778,0.04774535809018568
s1232_n439,439,89.54441913439635,0.4510250569476082,-0.7740318906605924,0.2824601366742597,0.15322837609617704,0.06605922551252848
s1233_n460,460,98.3695652173913,0.6434782608695653,-0.8586956521739129,0.44130434782608696,-0.021189299069938047,0.019565217391304346
s1234_n511,511,73.44422700587083,0.1917808219178082,0.17866927592954995,0.05675146771037182,-0.08432088570003592,0.033268101761252444
s1235_n588,588,112.22789115646259,0.532312925170068,-0.6802721088435373,0.34183673469387754,-0.11621516820344305,0.06292517006802721
s1236_n619,619,101.03392568659126,0.6445880452342488,-0.6802907915993539,0.3990306946688207,0.003488327845821341,0.04361873990306947
s1237_n677,677,113.30871491875922,0.3220088626292467,-0.7459379615952733,0.010339734121122601,-0.5440680443502757,0.04874446085672083
s1238_n715,715,113.59440559440557,0.47832167832167827,-0.6292307692307694,0.2097902097902098,0.25883231586952626,0.06573426573426573
s1239_n781,781,122.24071702944941,0.39436619718309857,-0.6323943661971838,0.04737516005121639,0.11197375944393241,0.08322663252240717
s1240_n341,341,101.99413489736071,0.5395894428152492,-0.5994134897360703,0.375366568914956,0.1900569151925051,0.0967741935483871
s1241_n353,353,115.41076487252124,0.5070821529745042,-0.336260623229462,0.34560906515580736,0.11270428019128832,0.05949008498583569
s1242_n441,441,100.36281179138322,0.5532879818594105,-0.5773242630385487,0.4217687074829932,0.18767313160549629,0.10204081632653061
s1243_n497,497,116.11670020120725,0.40643863179074446,-0.6070422535211268,0.20925553319919515,-0.049218022670181646,0.06438631790744467
s1244_n543,543,114.62246777163902,0.7624309392265192,-0.6867403314917124,0.47697974217311234,0.17886631311045337,0.03314917127071823
s1245_n559,559,59.92844364937389,0.5885509838998211,-0.8559928443649376,0.40966010733452596,0.003760148873306772,0.059033989266547404
s1246_n614,614,111.53094462540716,0.35504885993485347,-0.43566775244299694,0.052117263843648204,0.3203351508593678,0.06677524429967427
s1247_n664,664,72.21385542168674,0.24397590361445784,0.40617469879518064,0.09186746987951808,-0.153228376096177,0.04216867469879518
s1248_n732,732,106.25683060109287,0.6530054644808744,-0.6113387978142075,0.40437158469945356,0.1172969943144246,0.03551912568306011
s1249_n768,768,75.52083333333333,0.36979166666666663,0.014453125000000178,0.171875,1.4116197059632303,0.037760416666666664
s1250_n300,300,107.86666666666666,0.5233333333333333,-0.4063333333333333,0.38,0.13587872267231269,0.08
s1251_n372,372,102.52688172043011,0.6182795698924731,-0.4809139784946234,0.3817204301075269,0.13374825736530693,0.056451612903225805
s1252_n419,419,100.9307875894988,0.4486873508353222,-0.7973747016706444,0.3341288782816229,-0.048986460690873625,0.07875894988066826
s1253_n471,471,103.88535031847135,0.4883227176220807,-0.6583864118895967,0.3949044585987261,0.009240656734912643,0.07430997876857749
s1254_n500,500,99.30000000000001,0.48,-0.5004000000000002,0.29400000000000004,0.11136592941902611,0.056
s1255_n552,552,84.56521739130434,0.24275362318840582,-0.17681159420289855,0.010869565217391304,0.47712125471966244,0.03804347826086957
s1256_n618,618,119.66019417475727,0.5436893203883495,-0.3540453074433658,0.3883495145631068,0.1301775755489229,0.0048543689320388345
s1257_n671,671,89.10581222056632,0.35320417287630407,-0.43725782414306963,0.19970193740685543,0.0,0.0760059612518629
s1258_n710,710,101.49295774647887,0.523943661971831,-0.48746478873239407,0.35352112676056335,0.17752221416213,0.10704225352112676
s1259_n758,758,131.20052770448547,0.5158311345646438,-0.34195250659630594,0.2704485488126649,0.046200422248128786,0.10817941952506596
s1260_n329,329,105.92705167173253,0.48328267477203646,-0.11215805471124607,0.21580547112462006,-0.011899223299707757,0.1398176291793313
s1261_n368,368,115.48913043478262,0.41304347826086957,-0.5747282608695653,0.21739130434782608,-0.06366907986937732,0.0625
s1262_n445,445,106.04494382022473,0.6539325842696628,-0.4494382022471906,0.4269662921348315,0.5528419686577808,0.02471910112359551
s1263_n483,483,87.6190476190476,0.3643892339544514,-0.5293995859213249,0.2028985507246377,0.1401787031650368,0.07246376811594203
s1264_n549,549,98.56102003642987,0.5683060109289617,-0.6746812386156648,0.4007285974499089,0.3458423400803434,0.06557377049180327
s1265_n584,584,72.75684931506848,0.3441780821917808,-1.01541095890411,0.1558219178082192,0.16057909287743372,0.059931506849315065
s1266_n620,620,99.56451612903226,0.4854838709677419,-0.8846774193548386,0.34838709677419355,0.1040885976351798,0.09193548387096773
s1267_n653,653,56.937212863705966,0.1776416539050536,-0.8249617151607966,0.009188361408882083,0.0,0.03522205206738132
s1268_n743,743,64.69717362045762,0.3983849259757739,-0.9453566621803496,0.3593539703903096,0.20045060491512595,0.02557200538358008
s1269_n754,754,80.13262599469495,0.21352785145888592,-0.25384615384615394,0.03183023872679045,1.3979400086720377,0.010610079575596818
s1270_n304,304,95.92105263157895,0.5493421052631579,-0.387828947368421,0.35855263157894735,-0.21559980033935483,0.02631578947368421
s1271_n378,378,85.23809523809523,0.6481481481481481,-0.9314814814814815,0.46825396825396826,0.5550634286517389,0.12169312169312169
s1272_n420,420,112.09523809523809,0.5261904761904762,-0.3928571428571428,0.38095238095238093,0.021451001085632585,0.13333333333333333
s1273_n456,456,77.5,0.40131578947368424,-0.63859649122807,0.24342105263157893,0.6166187114988874,0.06140350877192982
s1274_n540,540,99.94444444444444,0.38888888888888884,-0.5972222222222222,0.20185185185185184,0.02348109584952281,0.005555555555555556
s1275_n588,588,100.51020408163265,0.5612244897959183,-0.4207482993197278,0.3843537414965986,0.4471580313422192,0.0510204081632653
s1276_n619,619,77.17285945072699,0.45395799676898224,-0.6297253634894989,0.2358642972536349,0.8868223742774902,0.0630048465266559
s1277_n675,675,69.33333333333334,0.28,-0.09688888888888893,0.1303703703703704,0.019305155195386628,0.034074074074074076
s1278_n715,715,91.31468531468532,0.28251748251748254,0.4862937062937064,0.1020979020979021,1.8692317197309762,0.03496503496503497
s1279_n779,779,83.4403080872914,0.6071887034659821,-0.7821566110397944,0.37612323491655975,0.6798196502407932,0.09499358151476252
s1280_n334,334,90.53892215568862,0.5239520958083832,-0.3511976047904192,0.31736526946107785,0.08065593161363054,0.041916167664670656
s1281_n397,397,92.89672544080604,0.3702770780856423,-0.8390428211586903,0.2141057934508816,0.09017663034908796,0.08816120906801007
s1282_n441,441,85.73696145124717,0.5056689342403629,-0.5079365079365079,0.31065759637188206,0.03125769373044202,0.061224489795918366
s1283_n486,486,72.07818930041151,0.434156378600823,-1.0174897119341566,0.23045267489711935,0.5295093241793507,0.10905349794238683
s1284_n547,547,110.3656307129799,0.5374771480804388,-0.3691042047531994,0.38756855575868376,0.12257200332919292,0.09506398537477148
s1285_n589,589,101.20543293718166,0.6638370118845501,-0.5546689303904923,0.4380305602716469,1.0561786062142184,0.035653650254668934
s1286_n633,633,63.83886255924169,0.25750394944707744,-0.5845181674565563,0.18799368088467616,1.3654879848908996,0.023696682464454978
s1287_n682,682,96.42228739002934,0.5601173020527859,-0.6070381231671556,0.407624633431085,0.3979400086720377,0.00879765395894428
s1288_n738,738,72.65582655826559,0.2181571815718157,-0.029674796747967358,0.14769647696476965,1.5563025007672873,0.03523035230352303
s1289_n765,765,110.62745098039215,0.46013071895424834,-0.7670588235294118,0.2222222222222222,-0.11171047087454479,0.0196078431372549
s1290_n333,333,68.37837837837839,0.46846846846846846,-0.5432432432432429,0.2882882882882883,0.4653828514484183,0.05705705705705705
s1291_n391,391,126.7007672634271,0.5217391304347827,-0.45907928388746794,0.25831202046035806,0.008433167536862764,0.11764705882352941
s1292_n401,401,107.20698254364089,0.458852867830424,-0.63142144638404,0.32917705735660846,0.025935734094399743,0.059850374064837904
s1293_n499,499,86.01202404809621,0.4168336673346694,-0.7230460921843687,0.282565130260521,0.14092684199243025,0.09218436873747494
s1294_n544,544,81.78308823529412,0.4632352941176471,-0.7952205882352943,0.3272058823529411,0.1660609175647537,0.0974264705882353
s1295_n567,567,108.32451499118166,0.8042328042328042,-0.8888888888888885,0.5432098765432098,1.2364186989758355,0.024691358024691357
s1296_n644,644,83.46273291925466,0.5108695652173912,-0.5343167701863355,0.32608695652173914,0.041001605004014806,0.05590062111801242
s1297_n694,694,103.70317002881843,0.3631123919308357,-0.7556195965417867,0.06628242074927954,0.26091277245599864,0.0792507204610951
s1298_n736,736,87.7717391304348,0.22146739130434784,0.5115489130434783,0.002717391304347826,0.0,0.05298913043478261
s1299_n776,776,96.25,0.42525773195876293,-0.7932989690721651,0.23969072164948452,-4.8216373327664354e-17,0.08634020618556701
s1300_n315,315,98.6984126984127,0.5079365079365079,-0.24984126984126998,0.33650793650793653,0.2830566246520803,0.022222222222222223
s1301_n399,399,87.09273182957394,0.39849624060150374,-0.04837092731829562,0.21804511278195488,0.10790539730951965,0.047619047619047616
s1302_n422,422,84.17061611374407,0.5521327014218009,-0.6727488151658767,0.3530805687203792,-0.07496476164646139,0.047393364928909956
s1303_n480,480,93.3125,0.59375,-0.6158333333333332,0.40625,0.24911219639848764,0.08333333333333333
s1304_n505,505,80.53465346534654,0.5386138613861386,-0.787920792079208,0.3801980198019802,-0.05379583238407864,0.05544554455445544
s1305_n594,594,84.37710437710437,0.2760942760942761,-0.9910774410774412,0.39898989898989895,-2.0737183503461227,0.07912457912457913
s1306_n635,635,69.33858267716535,0.2062992125984252,0.21165354330708658,0.05826771653543307,0.7403626894942439,0.07086614173228346
s1307_n669,669,113.06427503736923,0.4095665171898356,-0.7195814648729446,0.28550074738415543,-0.2742957424167365,0.08071748878923767
s1308_n712,712,113.9887640449438,0.4845505617977528,-0.4627808988764044,0.25842696629213485,0.5762527277216768,0.03230337078651685
s1309_n755,755,82.9271523178808,0.3258278145695364,0.06821192052980139,0.1576158940397351,0.1971338617952586,0.03973509933774834
s1310_n340,340,117.55882352941175,0.5764705882352941,-0.5247058823529412,0.3852941176470588,0.1924816752438506,0.08823529411764706
s1311_n386,386,84.68911917098445,0.45336787564766845,-0.9893782383419686,0.1606217616580311,0.5528419686577808,0.15025906735751296
s1312_n430,430,94.76744186046513,0.3953488372093023,0.27651162790697675,0.20465116279069767,0.4900862318840301,0.009302325581395349
s1313_n473,473,110.06342494714588,0.48202959830866804,-0.5976744186046514,0.2642706131078224,0.11696980693702454,0.012684989429175477
s1314_n510,510,104.07843137254899,0.5392156862745097,-0.6764705882352942,0.32941176470588235,0.4569178686313754,0.08039215686274509
s1315_n584,584,98.88698630136986,0.4126712328767123,-0.8054794520547945,0.26883561643835613,0.21748394421390632,0.039383561643835614
s1316_n649,649,74.02157164869028,0.19876733436055471,-0.6411402157164869,0.02157164869029276,0.2218487496163563,0.020030816640986132
s1317_n688,688,73.32848837209302,0.2877906976744186,-1.1920058139534881,0.04215116279069768,0.45863784902564936,0.07122093023255814
s1318_n741,741,99.95951417004049,0.41295546558704455,-0.5269905533063426,0.23886639676113358,0.15195757933896192,0.05802968960863698
s1319_n780,780,75.62820512820512,0.23333333333333334,-0.9543589743589742,0.020512820512820513,-0.30102999566398125,0.05128205128205129
s1320_n315,315,101.84126984126985,0.5079365079365079,-0.5244444444444447,0.3873015873015873,0.11270428019128832,0.08253968253968254
s1321_n380,380,42.00000000000001,0.2605263157894737,-0.7586842105263156,0.16052631578947368,0.18184358794477257,0.12631578947368421
s1322_n406,406,56.05911330049261,0.4876847290640394,-1.300985221674877,0.24876847290640394,2.0086001717619175,0.10591133004926108
s1323_n450,450,106.0,0.36666666666666664,-0.4726666666666664,0.1577777777777778,0.05958568998424405,0.035555555555555556
s1324_n519,519,78.6319845857418,0.24855491329479767,0.49556840077071307,0.038535645472061654,1.322219294733919,0.0905587668593449
s1325_n569,569,53.831282952548335,0.2601054481546573,-0.47627416520210897,0.21792618629173988,0.869231719730976,0.05799648506151142
s1326_n635,635,86.31496062992127,0.4267716535433071,-0.5886614173228345,0.18425196850393702,0.4722687519252503,0.07874015748031496
s1327_n650,650,60.92307692307691,0.2923076923076923,-1.2309230769230768,0.13538461538461538,0.0,0.06461538461538462
s1328_n722,722,77.65927977839334,0.29916897506925205,0.31371191135734067,0.12326869806094184,0.286789556549371,0.038781163434903045
s1329_n766,766,99.88250652741513,0.5117493472584856,-0.5383812010443867,0.3681462140992167,0.12315518386788268,0.01566579634464752
s1330_n316,316,92.27848101265823,0.4430379746835443,-0.701582278481013,0.3322784810126582,0.10605339244792619,0.09177215189873418
s1331_n394,394,125.20304568527918,0.4746192893401015,-0.35812182741116755,0.350253807106599,-0.15038585882077943,0.05583756345177665
s1332_n403,403,95.01240694789081,0.4367245657568238,-0.3803970223325063,0.32506203473945405,0.1116332698287627,0.06451612903225806
s1333_n470,470,112.59574468085106,0.4212765957446808,-0.700851063829787,0.16595744680851066,0.3941470196548985,0.036170212765957444
s1334_n526,526,103.1939163498099,0.7262357414448669,-0.8577946768060833,0.47148288973384034,0.041724334263233534,0.04182509505703422
s1335_n584,584,97.2431506849315,0.601027397260274,-0.64708904109589,0.3818493150684931,0.7804073306878678,0.06506849315068493
s1336_n612,612,108.16993464052287,0.4264705882352941,-0.7133986928104572,0.16993464052287582,0.23501019567432718,0.05555555555555555
s1337_n650,650,51.69230769230769,0.2630769230769231,-0.5589230769230772,0.07384615384615384,0.2880650184996135,0.10307692307692308
s1338_n701,701,99.71469329529243,0.38944365192582026,-0.9436519258202569,0.34236804564907275,2.3820170425748683,0.009985734664764621
s1339_n799,799,75.54443053817272,0.16020025031289112,0.4347934918648311,0.0050062578222778474,0.3010299956639812,0.0037546933667083854
s1340_n311,311,72.34726688102893,0.3665594855305466,-0.7887459807073957,0.2958199356913183,0.1492980824677446,0.10610932475884245
s1341_n380,380,105.86842105263159,0.5657894736842106,-0.6168421052631579,0.3710526315789474,0.3810720833847421,0.05263157894736842
s1342_n401,401,89.9002493765586,0.35910224438902744,-0.05511221945137146,0.06982543640897755,0.43933269383026263,0.1172069825436409
s1343_n493,493,101.13590263691682,0.34685598377281945,-0.8689655172413793,0.014198782961460446,-0.09691001300805639,0.08924949290060852
s1344_n518,518,92.8185328185328,0.5154440154440154,-0.4476833976833976,0.2992277992277992,0.049846372645097746,0.04054054054054054
s1345_n555,555,115.20720720720723,0.5837837837837838,-0.637657657657658,0.36036036036036034,0.1299595379833508,0.04864864864864865
s1346_n623,623,97.57624398073837,0.39807383627608345,0.2418940609951845,0.06420545746388442,0.082974235064764,0.15409309791332262
s1347_n667,667,111.66416791604196,0.335832083958021,-0.12458770614692652,0.046476761619190406,0.5698753079565612,0.043478260869565216
s1348_n727,727,68.85832187070152,0.20082530949105915,-0.9583218707015129,0.02200825309491059,0.9030899869919435,0.0343878954607978
s1349_n782,782,108.35038363171354,0.41560102301790286,-0.7341432225063939,0.13938618925831203,-0.21559980033935483,0.0076726342710997444
s1350_n340,340,94.17647058823529,0.3705882352941176,0.1035294117647057,0.20588235294117646,0.09691001300805649,0.03529411764705882
s1351_n368,368,100.97826086956523,0.39673913043478265,-0.009782608695652117,0.23369565217391303,0.039508541283673655,0.051630434782608696
s1352_n425,425,117.2235294117647,0.4823529411764706,-0.5962352941176473,0.2917647058823529,0.15322837609617698,0.06588235294117648
s1353_n454,454,84.31718061674009,0.5704845814977973,-0.8281938325991192,0.3832599118942731,0.2430380486862945,0.039647577092511016
s1354_n512,512,98.28125,0.48046875,-0.7970703125000002,0.337890625,0.16577499057970507,0.099609375
s1355_n590,590,123.61016949152541,0.49322033898305084,-0.4950847457627118,0.31355932203389836,-0.013935777943292493,0.07288135593220339
s1356_n638,638,86.63009404388715,0.4984326018808778,-0.24043887147335402,0.31818181818181823,1.8282301147269615,0.007836990595611285
s1357_n669,669,102.98953662182362,0.48430493273542596,-0.5002989536621827,0.273542600896861,0.2056465026173973,0.052316890881913304
s1358_n706,706,108.96600566572236,0.669971671388102,-0.5243626062322946,0.42634560906515584,0.2256751574694093,0.0084985835694051
s1359_n796,796,87.87688442211056,0.16457286432160806,0.6807788944723617,0.007537688442211056,0.47712125471966244,0.0
s1360_n304,304,109.34210526315789,0.5394736842105263,-0.7078947368421052,0.40460526315789475,0.14731951648565664,0.09210526315789473
s1361_n385,385,82.1038961038961,0.225974025974026,-0.9958441558441562,0.05714285714285715,-0.38535088136401713,0.01818181818181818
s1362_n446,446,107.17488789237667,0.5112107623318386,-0.5751121076233185,0.24663677130044845,0.289448123114166,0.09641255605381166
s1363_n476,476,70.5672268907563,0.21218487394957986,-0.8575630252100841,0.04201680672268908,-1.3222192947339193,0.04201680672268908
s1364_n548,548,86.11313868613138,0.2737226277372263,-0.14580291970802917,0.09306569343065693,1.2218487496163564,0.060218978102189784
s1365_n574,574,78.31010452961672,0.5052264808362369,-0.7475609756097565,0.3153310104529617,1.2380461031287955,0.04878048780487805
s1366_n618,618,94.20711974110033,0.5032362459546926,-0.5076051779935276,0.33495145631067963,0.1726307269461747,0.11650485436893203
s1367_n679,679,109.97054491899854,0.5581737849779087,-0.518262150220913,0.39469808541973495,0.11650556907143717,0.0662739322533137
s1368_n706,706,69.26345609065156,0.26203966005665724,-1.1211048158640224,0.028328611898016998,0.0791812460476249,0.08640226628895185
s1369_n768,768,85.54687499999999,0.4934895833333333,-0.64453125,0.3736979166666667,0.19875524369162506,0.0703125
s1370_n338,338,104.97041420118343,0.45857988165680474,0.04911242603550303,0.24260355029585798,0.0413926851582249,0.026627218934911243
s1371_n393,393,107.68447837150129,0.4885496183206107,-0.2671755725190838,0.33587786259541985,0.13061586949999054,0.06361323155216285
s1372_n416,416,104.01442307692308,0.5048076923076924,-0.485817307692308,0.3509615384615385,0.16633142176652496,0.12740384615384615
s1373_n484,484,54.77272727272727,0.08677685950413225,0.47024793388429736,0.006198347107438017,-0.6020599913279624,0.049586776859504134
s1374_n513,513,63.56725146198829,0.21052631578947367,-0.31013645224171527,0.08576998050682261,0.7459665670122424,0.031189083820662766
s1375_n570,570,107.92982456140352,0.5140350877192983,-0.5717543859649122,0.35789473684210527,0.2240989851267671,0.0456140350877193
s1376_n623,623,116.42054574638843,0.5489566613162119,-0.756340288924559,0.3996789727126806,0.17176988527303866,0.04173354735152488
s1377_n669,669,81.19581464872944,0.28699551569506726,-0.8142002989536624,0.35575485799701045,-2.0755469613925306,0.04783258594917788
s1378_n730,730,110.69863013698631,0.5424657534246575,-0.19931506849315056,0.32739726027397265,0.02523582341607343,0.008219178082191782
s1379_n776,776,118.67268041237111,0.6920103092783506,-0.4867268041237114,0.44072164948453607,0.5849042983216808,0.06829896907216496
s1380_n312,312,108.10897435897435,0.4807692307692307,-0.7999999999999998,0.3108974358974359,-0.026328938722349156,0.11217948717948718
s1381_n391,391,106.54731457800513,0.47058823529411764,-0.41764705882352954,0.26854219948849106,0.12257200332919292,0.12276214833759591
s1382_n412,412,54.1747572815534,0.3495145631067961,-0.7172330097087378,0.34466019417475724,0.743937149852542,0.05825242718446602
s1383_n457,457,82.84463894967178,0.5492341356673961,-0.6485776805251641,0.33479212253829316,-0.29683388107037306,0.037199124726477024
s1384_n518,518,102.39382239382238,0.7084942084942085,-0.9893822393822396,0.47104247104247104,0.05657345530215253,0.019305019305019305
s1385_n570,570,86.80701754385964,0.30526315789473685,-0.25,0.10877192982456141,0.19312459835446166,0.03508771929824561
s1386_n612,612,87.4673202614379,0.2238562091503268,0.08774509803921576,0.0016339869281045752,0.3010299956639812,0.013071895424836602
s1387_n659,659,79.19575113808801,0.32473444613050073,0.2056145675265554,0.16084977238239756,-0.0321846833714013,0.03945371775417299
s1388_n715,715,90.32167832167832,0.43776223776223777,-0.5683916083916083,0.3020979020979021,0.1040885976351798,0.06853146853146852
s1389_n798,798,93.14536340852129,0.22932330827067668,0.5639097744360901,0.007518796992481203,0.8450980400142568,0.06015037593984962
s1390_n315,315,105.23809523809524,0.33333333333333337,-0.9485714285714283,0.08571428571428572,0.15126767533064905,0.047619047619047616
s1391_n357,357,97.70308123249299,0.453781512605042,-0.2521008403361345,0.2773109243697479,0.11242217918630389,0.09803921568627451
s1392_n440,440,76.27272727272727,0.4886363636363636,-0.8322727272727273,0.3977272727272727,0.10354059190706957,0.10454545454545455
s1393_n463,463,90.15118790496759,0.5356371490280778,-0.3317494600431966,0.3326133909287257,0.5882717068423291,0.032397408207343416
s1394_n509,509,73.90962671905696,0.3202357563850688,0.12298624754420431,0.14734774066797643,0.42596873227228127,0.03929273084479371
s1395_n553,553,102.02531645569618,0.26763110307414106,0.1533453887884268,0.0,0.0,0.0
s1396_n609,609,109.17898193760264,0.5024630541871922,-0.5853858784893265,0.36288998357963875,0.08990511143939793,0.07717569786535303
s1397_n684,684,123.99122807017542,0.48830409356725146,0.21359649122807015,0.25438596491228066,0.27536800534284467,0.08333333333333333
s1398_n729,729,96.65294924554185,0.48422496570644724,-0.6637860082304524,0.27434842249657065,0.21041928783557454,0.07956104252400549
s1399_n750,750,58.97333333333332,0.24533333333333332,-0.7122666666666669,0.28400000000000003,1.7222224639697303,0.0013333333333333333
s1400_n342,342,72.63157894736842,0.32163742690058483,-0.6517543859649122,0.3216374269005848,0.20538063515766877,0.07602339181286549
s1401_n394,394,93.73096446700508,0.5304568527918782,-0.4266497461928931,0.3223350253807107,0.02020338608828699,0.030456852791878174
s1402_n442,442,87.94117647058823,0.5701357466063348,-0.7149321266968327,0.35067873303167424,-0.04984637264509772,0.06787330316742082
s1403_n468,468,116.85897435897436,0.5021367521367521,-0.3777777777777777,0.33974358974358976,0.13597403584769874,0.05555555555555555
s1404_n526,526,99.01140684410646,0.5209125475285171,-0.5811787072243347,0.35361216730038025,0.1397994066501822,0.10646387832699619
s1405_n556,556,123.47122302158273,0.6133093525179856,-0.41582733812949646,0.39388489208633093,0.10664995089599019,0.11690647482014388
s1406_n642,642,109.47040498442367,0.5062305295950156,-0.3769470404984424,0.3411214953271028,0.003930293628432371,0.11682242990654204
s1407_n698,698,60.81661891117478,0.3080229226361031,-0.14971346704871064,0.1776504297994269,1.4842998393467859,0.07163323782234957
s1408_n739,739,109.86468200270636,0.6535859269282814,-0.39269282814614376,0.40730717185385656,1.1062836390828736,0.03112313937753721
s1409_n758,758,94.5646437994723,0.2796833773087072,-0.8283641160949865,0.05013192612137203,-0.0871501757189002,0.03825857519788918
s1410_n318,318,95.18867924528301,0.44654088050314467,-0.09308176100628918,0.2610062893081761,0.03066881976645196,0.05660377358490566
s1411_n350,350,106.65714285714287,0.5942857142857142,-0.6351428571428571,0.43428571428571433,0.255272505103306,0.08571428571428572
s1412_n427,427,100.49180327868852,0.3325526932084309,-0.7793911007025762,0.2810304449648712,-0.5672978850687505,0.05620608899297424
s1413_n465,465,108.79569892473117,0.6473118279569893,-0.6277419354838714,0.4516129032258065,0.3448089202425684,0.12688172043010754
s1414_n510,510,82.84313725490196,0.5098039215686274,-0.9670588235294117,0.28627450980392155,0.1785379950027685,0.09411764705882353
s1415_n569,569,93.02284710017574,0.47978910369068534,-0.8664323374340951,0.2601054481546573,0.3010299956639812,0.07557117750439367
s1416_n641,641,59.62558502340094,0.1544461778471139,0.13229329173166926,0.0015600624024961,0.3010299956639812,0.09828393135725429
s1417_n692,692,50.79479768786127,0.10982658959537572,0.007658959537572146,0.001445086705202312,0.3010299956639812,0.05057803468208093
s1418_n709,709,109.11142454160789,0.44710860366713684,-0.3173483779971791,0.19181946403385047,0.037788560889399754,0.08885754583921016
s1419_n776,776,43.81443298969072,0.45618556701030927,-2.043685567010309,0.5438144329896907,2.6263403673750423,0.0
s1420_n343,343,104.25655976676384,0.6239067055393586,-0.5169096209912539,0.40524781341107874,0.4175355647354183,0.08746355685131196
s1421_n371,371,98.67924528301887,0.3557951482479785,-0.7973045822102427,0.07547169811320754,-0.0579919469776867,0.08355795148247978
s1422_n405,405,96.98765432098766,0.3876543209876543,-0.43259259259259275,0.2,-0.1371731930253116,0.03703703703703704
s1423_n490,490,92.93877551020408,0.23673469387755103,-0.02265306122448967,0.0,0.0,0.0
s1424_n505,505,102.91089108910892,0.4970297029702971,-0.5453465346534655,0.3108910891089109,0.1715436313049606,0.10297029702970298
s1425_n576,576,96.75347222222221,0.6979166666666667,-0.7571180555555554,0.44791666666666663,0.3840042307287451,0.0625
s1426_n604,604,90.31456953642385,0.2533112582781457,-0.09801324503311265,0.03145695364238411,0.3979400086720376,0.019867549668874173
s1427_n683,683,93.46998535871157,0.3543191800878478,-0.1834553440702782,0.1903367496339678,0.631443769013172,0.04978038067349927
s1428_n701,701,75.4493580599144,0.33523537803138376,-0.9457917261055636,0.04992867332382311,0.7132104434506291,0.11982881597717547
s1429_n791,791,103.35018963337545,0.3413400758533502,-0.5183312262958281,0.15676359039190896,-0.3646990755333584,0.05056890012642225
s1430_n341,341,101.70087976539588,0.5689149560117301,-0.5480938416422285,0.3519061583577713,-0.5463598411298605,0.01466275659824047
s1431_n392,392,99.23469387755101,0.5255102040816327,-0.6066326530612246,0.38010204081632654,0.1215850946007122,0.14540816326530612
s1432_n435,435,116.02298850574712,0.4160919540229885,-0.6193103448275861,0.11954022988505747,0.26531444339744664,0.05057471264367816
s1433_n467,467,85.41755888650962,0.2955032119914347,-0.6980728051391867,0.07066381156316917,0.17609125905568138,0.06638115631691649
s1434_n534,534,75.11235955056179,0.5299625468164794,-0.8932584269662924,0.33707865168539325,0.32999369159929787,0.07865168539325842
s1435_n593,593,71.1973018549747,0.42664418212478916,-1.0300168634064082,0.0657672849915683,0.2852357284807492,0.20404721753794267
s1436_n620,620,104.56451612903226,0.49193548387096775,-0.6283870967741936,0.3258064516129032,0.1725459782910316,0.08870967741935484
s1437_n673,673,95.83952451708765,0.6582466567607727,-0.7658246656760772,0.4442793462109955,2.1746411926604483,0.028231797919762255
s1438_n739,739,123.23410013531799,0.46549391069012175,-0.5932341001353184,0.2503382949932341,-0.06048074738138159,0.08660351826792964
s1439_n766,766,93.9686684073107,0.47650130548302866,-0.6654046997389034,0.335509138381201,0.19433571317178006,0.09660574412532637
s1440_n303,303,87.62376237623762,0.41254125412541254,-0.1006600660066006,0.23762376237623764,0.04699656267622367,0.019801980198019802
s1441_n381,381,106.9028871391076,0.5748031496062992,-0.12887139107611556,0.32808398950131235,0.2457271871970757,0.013123359580052493
s1442_n407,407,83.02211302211302,0.38820638820638825,-0.19705159705159697,0.2285012285012285,0.13830269816628138,0.06142506142506142
s1443_n461,461,99.69631236442517,0.5726681127982647,-0.6626898047722343,0.4143167028199566,0.00450050122667647,0.0065075921908893716
s1444_n549,549,85.1183970856102,0.38251366120218583,-0.9537340619307833,0.31147540983606553,-0.27492719309977615,0.04918032786885246
s1445_n591,591,79.42470389170897,0.40778341793570216,-0.746869712351946,0.25042301184433163,0.3010299956639812,0.06937394247038917
s1446_n611,611,65.59738134206219,0.19967266775777415,-0.37152209492635013,0.029459901800327332,0.26884531229257996,0.016366612111292964
s1447_n664,664,102.42469879518072,0.29066265060240964,-1.016415662650602,0.007530120481927711,-0.3979400086720376,0.0391566265060241
s1448_n715,715,77.62237762237763,0.2811188811188811,0.09398601398601392,0.13146853146853146,1.260071387985075,0.05734265734265734
s1449_n772,772,94.11917098445595,0.4339378238341968,-0.6528497409326425,0.3212435233160622,-0.03476210625921197,0.11269430051813471
s1450_n349,349,95.10028653295129,0.48137535816618915,-0.29570200573065897,0.3008595988538682,0.1558878729673943,0.034383954154727794
s1451_n395,395,94.02531645569621,0.549367088607595,-0.23797468354430384,0.3367088607594937,0.5822257463429904,0.02531645569620253
s1452_n410,410,84.75609756097559,0.41463414634146345,-0.7534146341463416,0.3024390243902439,-0.08297423506476385,0.0951219512195122
s1453_n482,482,98.50622406639002,0.47925311203319504,-0.5340248962655602,0.36514522821576767,0.11783064861016074,0.07261410788381742
s1454_n538,538,77.02602230483271,0.35873605947955395,-0.0347583643122677,0.20260223048327136,0.6320232147054056,0.048327137546468404
s1455_n568,568,68.92605633802818,0.38380281690140844,-0.5947183098591549,0.27464788732394363,0.7056005832350319,0.03345070422535211
s1456_n621,621,106.95652173913044,0.359098228663446,-0.6078904991948471,0.040257648953301126,0.032184683371401235,0.08051529790660225
s1457_n688,688,107.48546511627907,0.7063953488372092,-0.57296511627907,0.42296511627906974,0.8536306225640072,0.0683139534883721
s1458_n706,706,74.29178470254958,0.3626062322946176,-0.548583569405099,0.2974504249291785,1.4666558210414975,0.01841359773371105
s1459_n764,764,91.60994764397905,0.4921465968586387,-0.6710732984293193,0.3455497382198953,0.15847315446861018,0.0850785340314136
s1460_n349,349,104.44126074498567,0.46704871060171926,-0.21117478510028664,0.27793696275071633,0.07918124604762482,0.09455587392550144
s1461_n378,378,91.40211640211639,0.5820105820105819,-0.7896825396825398,0.3862433862433862,0.2792015581683085,0.12698412698412698
s1462_n433,433,104.8960739030023,0.4618937644341802,-0.4092378752886836,0.32563510392609696,0.14092684199243025,0.06235565819861432
s1463_n477,477,63.102725366876314,0.10482180293501048,0.6396226415094339,0.0,0.0,0.050314465408805034
s1464_n547,547,49.87202925045703,0.20292504570383912,-1.0223034734917738,0.1956124314442413,0.9956351945975499,0.038391224862888484
s1465_n550,550,102.32727272727273,0.3018181818181818,-0.9236363636363637,0.06363636363636363,0.1180993120779944,0.010909090909090908
s1466_n602,602,105.91362126245849,0.3571428571428571,-0.6011627906976746,0.09966777408637874,0.42276359239706973,0.01661129568106312
s1467_n665,665,45.42857142857143,0.13383458646616542,-0.7039097744360904,0.04661654135338346,1.505149978319906,0.08421052631578947
s1468_n722,722,111.27423822714681,0.36980609418282545,-0.06537396121883655,0.07894736842105263,0.9461246192171454,0.0595567867036011
s1469_n799,799,62.065081351689614,0.3566958698372966,-0.6209011264080101,0.2690863579474343,0.829303772831025,0.06007509386733417
s1470_n303,303,123.89438943894389,0.4455445544554456,-0.5115511551155114,0.297029702970297,-0.1918855262389132,0.0858085808580858
s1471_n354,354,110.16949152542372,0.3728813559322034,-0.6220338983050846,0.1751412429378531,-0.22184874961635637,0.08192090395480225
s1472_n442,442,91.22171945701356,0.39819004524886875,0.05294117647058827,0.11085972850678734,0.3010299956639812,0.09502262443438914
s1473_n497,497,86.39839034205231,0.43058350100603626,-0.8889336016096581,0.28370221327967804,0.15342727441973747,0.07243460764587525
s1474_n542,542,105.03690036900369,0.5387453874538746,-0.8245387453874543,0.36162361623616235,-0.0791812460476248,0.02952029520295203
s1475_n550,550,80.23636363636363,0.5109090909090909,-0.6087272727272728,0.36363636363636365,1.4449365713482614,0.07818181818181819
s1476_n649,649,84.5146379044684,0.3359013867488444,-1.0815100154083201,0.07241910631741141,0.5910646070264992,0.12326656394453005
s1477_n658,658,74.48328267477203,0.25835866261398177,-0.07917933130699095,0.11702127659574468,0.630088714928206,0.02127659574468085
s1478_n723,723,64.1908713692946,0.1715076071922545,-0.1520055325034579,0.016597510373443983,0.12493873660829999,0.02351313969571231
s1479_n788,788,106.91624365482232,0.3807106598984772,-0.5709390862944163,0.09137055837563451,0.09426991684184802,0.04568527918781726
s1480_n340,340,76.58823529411765,0.3352941176470588,-0.47205882352941175,0.2558823529411765,0.08813608870055123,0.05294117647058823
s1481_n380,380,88.5,0.3894736842105263,-0.18657894736842107,0.22894736842105262,0.029289376101987598,0.03421052631578947
s1482_n426,426,108.75586854460093,0.6455399061032864,-0.7347417840375585,0.4577464788732394,0.45678267968650066,0.046948356807511735
s1483_n489,489,77.40286298568506,0.5971370143149285,-1.1372188139059305,0.3967280163599182,0.6188734903376125,0.065439672801636
s1484_n536,536,98.48880597014926,0.7276119402985074,-0.832089552238806,0.5167910447761194,0.9030899869919436,0.018656716417910446
s1485_n569,569,96.94200351493849,0.46397188049209137,-0.5884007029876976,0.351493848857645,0.17430035143780034,0.04745166959578208
s1486_n649,649,109.21417565485363,0.588597842835131,-0.6563944530046225,0.4437596302003082,0.16986024138263378,0.08628659476117104
s1487_n686,686,72.97376093294461,0.24489795918367346,-0.825072886297376,0.05393586005830904,0.3521825181113625,0.03206997084548105
s1488_n707,707,92.2065063649222,0.3408769448373409,-0.13932107496463955,0.11456859971711457,1.6074550232146685,0.036775106082036775
s1489_n757,757,98.5336856010568,0.34742404227212675,-0.7984147952443857,0.12813738441215325,-0.15064413684320183,0.062087186261558784
s1490_n329,329,92.82674772036474,0.41033434650455924,-0.044984802431611015,0.24012158054711247,0.1850461017086077,0.0303951367781155
s1491_n371,371,92.85714285714286,0.33423180592991913,0.05498652291105122,0.12668463611859837,0.44235914846045055,0.029649595687331536
s1492_n428,428,56.61214953271026,0.1705607476635514,-0.6350467289719628,0.009345794392523364,0.6989700043360189,0.035046728971962614
s1493_n485,485,105.1340206185567,0.5896907216494847,-0.6509278350515465,0.41237113402061853,0.22874245756425687,0.09896907216494846
s1494_n549,549,92.34972677595628,0.4644808743169399,-0.7446265938069218,0.2786885245901639,-0.005603877517998559,0.09289617486338798
s1495_n550,550,95.43636363636364,0.710909090909091,-0.6190909090909089,0.45454545454545453,1.0413926851582251,0.06181818181818182
s1496_n604,604,118.7748344370861,0.5380794701986755,-0.6203642384105961,0.3973509933774835,0.02872415126189476,0.076158940397351
s1497_n662,662,118.14199395770393,0.49244712990936557,-0.5271903323262837,0.32779456193353473,0.011899223299707785,0.08459214501510574
s1498_n742,742,45.080862533692724,0.12129380053908356,-0.25768194070080874,0.008086253369272238,0.8450980400142569,0.08086253369272237
s1499_n761,761,108.56767411300919,0.49408672798948755,-0.34783180026281224,0.38764783180026285,0.3479660337101991,0.04204993429697766
s1500_n346,346,122.60115606936415,0.5115606936416185,-0.3421965317919077,0.29479768786127164,0.03342375548694973,0.1069364161849711
s1501_n388,388,92.9639175257732,0.404639175257732,-0.7979381443298966,0.17783505154639176,0.13566260200007307,0.09278350515463918
s1502_n432,432,97.33796296296295,0.4259259259259259,-0.1025462962962963,0.25925925925925924,0.16975108102466227,0.03009259259259259
s1503_n454,454,88.19383259911893,0.45594713656387664,-0.618281938325991,0.3237885462555066,0.0291582287412134,0.07929515418502203
s1504_n519,519,111.96531791907516,0.66859344894027,-0.6186897880539499,0.42003853564547206,0.6145048107822201,0.09441233140655106
s1505_n591,591,90.86294416243655,0.2825719120135364,-0.9402707275803722,0.008460236886632826,-0.12493873660829995,0.05752961082910322
s1506_n643,643,97.40279937791603,0.3312597200622084,-1.1457231726283055,0.02177293934681182,0.0,0.08709175738724728
s1507_n651,651,93.7173579109063,0.43317972350230416,-0.5849462365591398,0.3317972350230415,-0.16946068015666813,0.1152073732718894
s1508_n746,746,84.16890080428955,0.2975871313672922,0.29222520107238625,0.12064343163538874,-0.3152704347785914,0.040214477211796246
s1509_n750,750,83.21333333333332,0.5813333333333334,-0.9063999999999999,0.46399999999999997,-0.09970291319222661,0.03333333333333333
s1510_n302,302,89.56953642384104,0.6423841059602649,-0.8579470198675497,0.41721854304635764,0.4592096654109603,0.1291390728476821
s1511_n383,383,118.82506527415143,0.45430809399477806,0.3054830287206267,0.16449086161879897,-0.09390450286833117,0.06788511749347259
s1512_n423,423,124.04255319148936,0.5177304964539007,-0.4349881796690308,0.3191489361702128,-0.04441913978841288,0.1111111111111111
s1513_n496,496,116.02822580645163,0.5221774193548387,-0.560483870967742,0.3145161290322581,0.08826090389954322,0.08870967741935483
s1514_n520,520,89.19230769230771,0.36153846153846153,-0.037692307692307636,0.20961538461538462,-0.05484866800734504,0.08461538461538462
s1515_n577,577,103.9688041594454,0.7487001733102252,-0.7620450606585788,0.49046793760831886,0.7503469104008448,0.04852686308492201
s1516_n644,644,76.36645962732919,0.4347826086956522,-1.2473602484472055,0.2236024844720497,-0.18105467858723137,0.040372670807453416
s1517_n696,696,80.25862068965517,0.2859195402298851,0.43218390804597706,0.10344827586206898,1.863322860120456,0.04454022988505747
s1518_n710,710,110.9718309859155,0.42676056338028173,-0.2302816901408451,0.2535211267605634,2.2576785748691846,0.008450704225352114
s1519_n791,791,86.94058154235145,0.538558786346397,-0.7508217446270546,0.3426042983565108,-0.08618614761628333,0.04677623261694058
s1520_n327,327,78.65443425076452,0.43119266055045874,-0.1896024464831806,0.21406727828746178,0.3010299956639811,0.12538226299694188
s1521_n383,383,79.03394255874674,0.4360313315926893,-0.46684073107049573,0.26370757180156656,0.059121452118656596,0.1279373368146214
s1522_n425,425,109.88235294117648,0.6117647058823529,-0.7282352941176472,0.4023529411764706,0.2205103988440942,0.021176470588235293
s1523_n472,472,112.66949152542371,0.586864406779661,-0.2061440677966106,0.3241525423728814,-0.01681349900965002,0.014830508474576272
s1524_n511,511,121.33072407045009,0.3561643835616438,-0.40880626223091987,0.0821917808219178,0.5314789170422551,0.029354207436399216
s1525_n577,577,84.4367417677643,0.5493934142114385,-0.6547660311958406,0.37954939341421146,1.2808266095756942,0.010398613518197573
s1526_n616,616,69.85389610389609,0.24188311688311692,-0.6905844155844155,0.06980519480519481,0.17609125905568124,0.04220779220779221
s1527_n663,663,75.3996983408748,0.521870286576169,-0.6511312217194568,0.35294117647058826,-0.20232660991388127,0.010558069381598794
s1528_n705,705,22.46808510638298,0.05106382978723404,-2.0441134751773045,0.0,0.0,0.0
s1529_n777,777,83.66795366795368,0.4980694980694981,-0.7314028314028311,0.4054054054054054,0.3364597338485295,0.08622908622908623
s1530_n335,335,80.50746268656717,0.41194029850746267,-0.9811940298507466,0.23582089552238805,0.010723865391773068,0.03880597014925373
s1531_n381,381,47.585301837270336,0.09711286089238845,-0.38687664041994746,0.0,0.0,0.0
s1532_n415,415,97.42168674698794,0.5253012048192771,-0.6467469879518073,0.38072289156626504,0.109144469425068,0.1253012048192771
s1533_n462,462,66.92640692640693,0.3701298701298701,-0.6409090909090911,0.22294372294372294,0.7140337507718948,0.06277056277056277
s1534_n543,543,108.23204419889503,0.6022099447513812,-0.8674033149171272,0.35174953959484345,0.14073300379153184,0.016574585635359115
s1535_n556,556,122.19424460431657,0.6294964028776978,-0.48543165467625937,0.4136690647482014,0.23789840903388332,0.11510791366906475
s1536_n629,629,91.51033386327504,0.5739268680445152,-0.45437201907790115,0.37042925278219396,0.6020599913279623,0.046104928457869634
s1537_n662,662,128.71601208459217,0.5589123867069486,-0.3416918429003023,0.35196374622356497,0.11525146920516825,0.10725075528700906
s1538_n725,725,55.53103448275862,0.5103448275862069,-1.1320000000000003,0.3779310344827586,-1.4722687519252504,0.013793103448275862
s1539_n754,754,73.22281167108753,0.6087533156498675,-1.1755968169761275,0.40848806366047746,0.758846095188257,0.08222811671087533
s1540_n314,314,97.70700636942674,0.5254777070063694,-0.5292993630573248,0.28343949044585987,0.4458635609892203,0.0732484076433121
s1541_n386,386,85.15544041450775,0.43005181347150256,-0.6139896373056993,0.26943005181347146,0.5105450102066121,0.046632124352331605
s1542_n449,449,97.79510022271715,0.6057906458797327,-0.7786191536748331,0.3674832962138085,0.06775178426684307,0.066815144766147
s1543_n492,492,98.6178861788618,0.5528455284552845,-0.6961382113821136,0.33536585365853655,-0.0887265639538552,0.06910569105691057
s1544_n547,547,81.18829981718466,0.4095063985374771,-0.8438756855575867,0.30347349177330896,0.020684598859851144,0.09689213893967094
s1545_n591,591,115.1776649746193,0.3857868020304569,-0.5363790186125211,0.08460236886632826,0.16914239910035336,0.07614213197969544
s1546_n646,646,121.74922600619193,0.736842105263158,-0.5914860681114552,0.4891640866873065,0.5986537426360509,0.04643962848297213
s1547_n676,676,40.828402366863905,0.10355029585798817,-0.9272189349112424,0.0,0.0,0.0014792899408284023
s1548_n709,709,83.34273624823697,0.390691114245416,-0.7471086036671367,0.10155148095909733,0.4929155219028943,0.11706629055007052
s1549_n757,757,116.52575957727875,0.6446499339498017,-0.45376486129458404,0.3698811096433289,0.433053628088362,0.09907529722589167
s1550_n344,344,117.00581395348838,0.5465116279069768,-0.5970930232558138,0.3430232558139535,0.19122500218473842,0.06976744186046512
s1551_n367,367,97.32970027247956,0.446866485013624,-0.11117166212534058,0.2615803814713896,0.05324551195322513,0.021798365122615803
s1552_n406,406,80.4679802955665,0.45566502463054187,-0.4721674876847288,0.28817733990147787,0.09526806594107962,0.06403940886699508
s1553_n485,485,100.24742268041236,0.2865979381443299,-0.98659793814433,0.012371134020618558,0.2218487496163563,0.03711340206185567
s1554_n541,541,95.61922365988909,0.31423290203327164,-0.7927911275415896,0.04066543438077635,0.0,0.05914972273567468
s1555_n562,562,84.71530249110319,0.3665480427046264,-0.748932384341637,0.24199288256227758,-0.0377885608893998,0.0693950177935943
s1556_n601,601,98.73544093178037,0.6073211314475874,-0.7936772046589016,0.42262895174708814,0.033946529527687855,0.016638935108153077
s1557_n667,667,83.08845577211395,0.4707646176911544,-0.4514242878560721,0.3103448275862069,0.5024271199844328,0.0464767616191904
s1558_n726,726,115.09641873278235,0.5688705234159781,-0.3906336088154271,0.3663911845730028,0.1842091492778607,0.10606060606060606
s1559_n756,756,104.72222222222223,0.4417989417989418,-0.5794973544973542,0.26322751322751325,0.15280391493005158,0.0701058201058201
s1560_n332,332,90.90361445783132,0.36445783132530124,0.04668674698795183,0.2078313253012048,0.08591462870659324,0.03614457831325301
s1561_n393,393,107.15012722646311,0.544529262086514,-0.721119592875318,0.4122137404580153,0.1172245998348599,0.11450381679389313
s1562_n422,422,80.02369668246445,0.5924170616113744,-0.6893364928909952,0.35071090047393366,0.2373609157946039,0.10189573459715641
s1563_n480,480,95.10416666666667,0.4520833333333333,-0.6041666666666667,0.32083333333333336,0.01113636611795956,0.0875
s1564_n529,529,82.4007561436673,0.3799621928166352,-0.05727788279773144,0.2608695652173913,0.7294593264839192,0.022684310018903593
s1565_n577,577,93.34488734835355,0.3708838821490467,-0.5093587521663779,0.1975736568457539,-0.10534318054491922,0.09878682842287695
s1566_n601,601,92.79534109816971,0.1913477537437604,0.5881863560732112,0.0033277870216306157,-0.4771212547196624,0.0016638935108153079
s1567_n691,691,112.73516642547033,0.39218523878437045,-0.27018813314037626,0.1606367583212735,0.27816711270447697,0.054992764109985534
s1568_n705,705,25.361702127659573,0.01702127659574468,-0.33390070921985815,0.0,0.0,0.0
s1569_n774,774,90.94315245478037,0.4909560723514212,-0.35529715762273917,0.28294573643410853,0.027521073651262908,0.01808785529715762
s1570_n336,336,88.36309523809523,0.3392857142857143,-0.2535714285714285,0.24702380952380953,0.1549019599857432,0.050595238095238096
s1571_n388,388,96.98453608247422,0.5335051546391752,-0.46340206185566996,0.31958762886597936,0.12493873660829985,0.08762886597938144
s1572_n443,443,93.31828442437923,0.3950338600451467,-0.6507900677200904,0.29571106094808125,0.032669116753368144,0.05869074492099323
s1573_n499,499,109.19839679358716,0.5511022044088176,-0.6144288577154308,0.38877755511022044,0.09790724532200508,0.09218436873747496
s1574_n537,537,83.25884543761639,0.27560521415270023,0.24823091247672252,0.1042830540037244,0.278753600952829,0.03910614525139665
s1575_n588,588,56.4625850340136,0.2261904761904762,-0.34710884353741495,0.1921768707482993,2.0569048513364727,0.03231292517006803
s1576_n619,619,106.89822294022615,0.3974151857835218,-0.7255250403877223,0.24394184168012925,0.03976712687148766,0.03231017770597738
s1577_n682,682,110.02932551319648,0.7595307917888562,-0.6426686217008801,0.48240469208211145,0.9412775322749573,0.04398826979472141
s1578_n728,728,113.18681318681318,0.7788461538461539,-0.6298076923076923,0.5082417582417582,0.8190064423025892,0.021978021978021976
s1579_n781,781,133.71318822023045,0.5979513444302176,-0.3888604353393086,0.3367477592829705,0.21052247426505527,0.088348271446863
s1580_n300,300,63.99999999999999,0.2733333333333334,-0.586,0.17666666666666667,0.4259687322722811,0.08333333333333333
s1581_n370,370,95.78378378378378,0.3783783783783784,-0.16216216216216223,0.2648648648648649,0.017374096069422723,0.062162162162162166
s1582_n427,427,65.90163934426229,0.2529274004683841,-0.49320843091334887,0.07259953161592506,0.8603380065709938,0.09601873536299765
s1583_n482,482,105.64315352697096,0.5663900414937759,-0.37510373443983386,0.35269709543568467,-0.010100326904325828,0.01867219917012448
s1584_n511,511,75.61643835616438,0.45401174168297453,-0.7792563600782781,0.3131115459882583,0.07525095241919247,0.08610567514677103
s1585_n568,568,87.16549295774647,0.3221830985915493,-0.4848591549295774,0.2007042253521127,0.6812412373755873,0.03169014084507042
s1586_n643,643,61.0886469673406,0.14774494556765166,-0.8256609642301712,0.0,0.0,0.031104199066874026
s1587_n682,682,106.21700879765395,0.40909090909090906,-0.15102639296187687,0.10997067448680352,0.6922366216770505,0.06158357771260997
s1588_n742,742,83.73315363881402,0.2991913746630728,0.028167115902965084,0.11185983827493262,0.09231426131890726,0.03638814016172507
s1589_n793,793,73.61916771752838,0.5952080706179068,-0.9673392181588903,0.4451450189155107,0.19658064744729303,0.021437578814627996
s1590_n333,333,69.30930930930931,0.36036036036036034,-0.66036036036036,0.26726726726726724,0.08618614761628339,0.08708708708708708
s1591_n363,363,99.91735537190083,0.440771349862259,-0.5564738292011019,0.2865013774104683,0.0987541537064267,0.06060606060606061
s1592_n433,433,103.09468822170902,0.46882217090069284,0.014087759815242407,0.25404157043879905,0.031034233739968817,0.03464203233256351
s1593_n488,488,107.90983606557376,0.4979508196721312,-0.653483606557377,0.3545081967213115,-0.07463361829690415,0.0778688524590164
s1594_n531,531,103.63465160075329,0.568738229755179,-0.5687382297551791,0.3163841807909604,0.35587866367132615,0.06591337099811675
s1595_n550,550,106.83636363636364,0.5399999999999999,-0.8043636363636363,0.3890909090909091,-0.05637646657096909,0.03636363636363636
s1596_n649,649,61.602465331278886,0.26194144838212635,-0.5568567026194147,0.2542372881355932,0.06775178426684307,0.09861325115562404
s1597_n690,690,112.47826086956523,0.5652173913043479,-0.5594202898550727,0.3115942028985507,0.7309721726881743,0.0608695652173913
s1598_n738,738,92.46612466124662,0.30216802168021684,-0.5888888888888889,0.1910569105691057,-0.36653154442041347,0.04607046070460705
s1599_n324,324,97.31481481481481,0.4876543209876543,-0.17160493827160478,0.27469135802469136,0.24491405368504987,0.027777777777777776
s1600_n395,395,82.45569620253164,0.4632911392405063,-0.8853164556962025,0.30886075949367087,0.22933677100890631,0.025316455696202535
s1601_n421,421,74.58432304038006,0.4299287410926366,-0.7263657957244654,0.334916864608076,0.12848401737294962,0.14251781472684083
s1602_n465,465,42.81720430107527,0.27741935483870966,-0.9374193548387098,0.18279569892473121,0.4973246408079494,0.16344086021505377
s1603_n514,514,84.99999999999999,0.43579766536964976,-0.787354085603113,0.25680933852140075,0.2961774928695691,0.058365758754863814
s1604_n590,590,101.40677966101694,0.5881355932203389,-0.5991525423728814,0.38305084745762713,-0.2016453635280694,0.025423728813559324
s1605_n605,605,102.64462809917354,0.7090909090909091,-0.6072727272727275,0.4578512396694215,1.0465121292942565,0.0743801652892562
s1606_n678,678,102.03539823008848,0.6725663716814159,-0.8067846607669614,0.4542772861356932,-0.2596373105057562,0.011799410029498525
s1607_n708,708,109.37853107344633,0.3531073446327683,-0.5734463276836157,0.10310734463276837,0.034762106259212,0.03389830508474576
s1608_n791,791,76.3969658659924,0.15423514538558786,0.5929203539823007,0.04551201011378003,0.09177037335564528,0.03792667509481669
s1609_n304,304,118.68421052631581,0.4769736842105263,-0.35493421052631596,0.3519736842105263,-0.1529674602085435,0.09210526315789473
s1610_n373,373,123.61930294906165,0.4235924932975872,-0.3828418230563007,0.2520107238605898,-0.36367680480187037,0.08310991957104558
s1611_n408,408,65.58823529411764,0.2720588235294118,-0.259313725490196,0.08578431372549018,0.49291552190289445,0.125
s1612_n487,487,108.66529774127312,0.6960985626283367,-0.7139630390143737,0.4661190965092402,-0.018967839075980066,0.01642710472279261
s1613_n535,535,76.67289719626169,0.36822429906542054,-0.7514018691588784,0.2803738317757009,0.8195439355418688,0.05046728971962617
s1614_n596,596,67.70134228187918,0.3926174496644295,-0.7994966442953022,0.2600671140939598,0.18533191579059388,0.1325503355704698
s1615_n618,618,121.22977346278319,0.551779935275081,-0.5758899676375402,0.39158576051779936,0.10011515288326775,0.08252427184466019
s1616_n655,655,103.66412213740458,0.4,-0.022442748091603015,0.21374045801526717,-0.09828654183685977,0.03358778625954199
s1617_n702,702,99.71509971509971,0.3675213675213675,-0.7323361823361826,0.14672364672364674,0.37787002589670354,0.03276353276353276
s1618_n771,771,109.68871595330738,0.7704280155642023,-0.7347600518806743,0.496757457846952,1.0280287236002437,0.03631647211413749
s1619_n322,322,104.56521739130436,0.6987577639751552,-0.7152173913043479,0.4285714285714286,0.13763300723650546,0.049689440993788817
s1620_n386,386,81.26943005181346,0.48186528497409326,-0.4375647668393783,0.2849740932642487,0.5195251032727498,0.05958549222797928
s1621_n403,403,80.9925558312655,0.37468982630272957,-0.5508684863523575,0.16129032258064516,0.3405385369476548,0.05955334987593052
s1622_n478,478,104.37238493723848,0.5815899581589958,-0.9562761506276154,0.401673640167364,-0.098925304243382,0.02092050209205021
s1623_n526,526,54.92395437262358,0.2452471482889734,-0.3461977186311786,0.2623574144486692,1.6595993124367443,0.0019011406844106464
s1624_n597,597,62.629815745393635,0.1457286432160804,0.3571189279731992,0.05025125628140704,-0.4771212547196625,0.03685092127303183
s1625_n612,612,110.88235294117645,0.38398692810457513,-0.582516339869281,0.2042483660130719,-0.1169698069370247,0.02777777777777778
s1626_n694,694,93.29971181556196,0.3170028818443804,-0.7106628242074928,0.06195965417867435,0.3452336581560346,0.05907780979827089
s1627_n713,713,93.5203366058906,0.4544179523141655,-0.6995792426367459,0.28190743338008417,0.20481541031757605,0.06732117812061711
s1628_n793,793,83.79571248423707,0.17654476670870115,0.6037831021437577,0.0,0.0,0.04413619167717528
s1629_n309,309,115.11326860841424,0.5307443365695793,-0.294822006472492,0.33333333333333337,0.04139268515822508,0.08090614886731393
s1630_n372,372,84.9462365591398,0.4032258064516129,-0.3373655913978496,0.28494623655913975,0.0160868198934548,0.09408602150537634
s1631_n404,404,80.94059405940594,0.4232673267326733,-0.4269801980198023,0.301980198019802,0.5762527277216769,0.03465346534653465
s1632_n450,450,118.08888888888889,0.38888888888888884,-0.5726666666666668,0.32444444444444437,-0.8586708472035307,0.09333333333333332
s1633_n527,527,83.32068311195447,0.41555977229601526,-0.3800759013282732,0.3036053130929791,0.14061894089346239,0.1062618595825427
s1634_n583,583,60.737564322469986,0.13550600343053174,-0.3797598627787307,0.0,0.0,0.024013722126929673
s1635_n639,639,99.79655712050078,0.5665101721439749,-0.8039123630672931,0.30672926447574334,0.13262556527459096,0.06572769953051644
s1636_n664,664,74.96987951807228,0.18373493975903613,-0.1908132530120483,0.0,0.0,0.0
s1637_n740,740,60.00000000000001,0.12297297297297298,0.45770270270270275,0.01756756756756757,0.3010299956639812,0.06756756756756757
s1638_n788,788,144.5177664974619,0.4441624365482233,-0.04492385786802022,0.12309644670050762,-0.20554623839395703,0.08248730964467005
s1639_n332,332,93.855421686747,0.6174698795180723,-0.9894578313253013,0.4427710843373494,0.2579953634387793,0.03614457831325301
s1640_n379,379,67.9155672823219,0.33509234828496043,-0.20079155672823218,0.19261213720316622,0.6784483371914171,0.08970976253298153
s1641_n416,416,104.92788461538463,0.545673076923077,-0.31490384615384615,0.3341346153846154,0.05551732784983141,0.02403846153846154
s1642_n495,495,99.9191919191919,0.5757575757575758,-0.7622222222222225,0.39191919191919194,0.2649546302187014,0.11717171717171716
s1643_n541,541,73.80776340110906,0.31977818853974127,-0.1611829944547135,0.17375231053604437,0.3424226808222063,0.04251386321626618
s1644_n580,580,92.1896551724138,0.47068965517241385,-0.6512068965517239,0.3568965517241379,0.09597504067298336,0.1189655172413793
s1645_n626,626,64.2811501597444,0.14536741214057508,0.3654952076677316,0.0,0.0,0.06230031948881789
s1646_n674,674,102.72997032640949,0.45845697329376855,-0.8318991097922849,0.2744807121661721,0.14533189525014328,0.07270029673590504
s1647_n709,709,56.57263751763046,0.45275035260930885,-1.10098730606488,0.4301833568406206,1.8793826371743427,0.015514809590973202
s1648_n764,764,55.183246073298434,0.13874345549738218,-0.040183246073298436,0.003926701570680629,0.6020599913279624,0.08376963350785341
s1649_n337,337,97.86350148367953,0.5014836795252225,-0.2916913946587539,0.32344213649851633,0.08635983067474823,0.008902077151335312
s1650_n396,396,63.10606060606061,0.23737373737373738,-0.5666666666666665,0.12878787878787878,1.716003343634799,0.03535353535353535
s1651_n428,428,64.08878504672897,0.32476635514018687,-0.78107476635514,0.11448598130841121,0.7983546364719306,0.07242990654205607
s1652_n490,490,105.24489795918366,0.45918367346938777,-0.3755102040816327,0.3224489795918367,0.032587367203591955,0.1142857142857143
s1653_n524,524,62.57633587786259,0.44656488549618323,-0.9217557251908396,0.30534351145038163,0.3885999824178942,0.05725190839694656
s1654_n554,554,88.68231046931407,0.4927797833935018,-0.9552346570397116,0.2815884476534296,0.17838305583526606,0.041516245487364614
s1655_n617,617,104.7487844408428,0.6304700162074555,-0.6930307941653162,0.39384116693679094,0.5383909114585851,0.10696920583468396
s1656_n674,674,113.81305637982196,0.486646884272997,-0.6324925816023734,0.31008902077151335,0.14542243928922938,0.05489614243323443
s1657_n712,712,76.01123595505616,0.2457865168539326,-0.6978932584269664,0.324438202247191,-2.3654879848909,0.046348314606741575
s1658_n751,751,66.12516644474034,0.27030625832223704,-0.48335552596537934,0.16245006657789612,1.4771212547196624,0.0
s1659_n318,318,108.83647798742138,0.5911949685534591,-0.32672955974842793,0.3238993710691824,0.17609125905568124,0.04402515723270441
s1660_n360,360,119.94444444444446,0.4361111111111111,-0.5041666666666669,0.33333333333333337,-0.6110148339808888,0.09444444444444444
s1661_n406,406,75.41871921182266,0.35467980295566504,-0.708866995073892,0.15763546798029557,0.3010299956639812,0.07881773399014778
s1662_n471,471,90.40339702760085,0.29936305732484075,-0.6811040339702759,0.2653927813163482,-0.9069504078051817,0.059447983014861996
s1663_n505,505,94.27722772277228,0.5881188118811881,-0.7693069306930693,0.403960396039604,0.13602770877391215,0.03564356435643565
s1664_n569,569,109.31458699472758,0.43936731107205623,-0.48558875219683684,0.2126537785588752,0.4179110896026576,0.043936731107205626
s1665_n631,631,108.60538827258321,0.48494453248811414,-0.520126782884311,0.30269413629160064,0.031517051446064766,0.12995245641838352
s1666_n690,690,112.95652173913042,0.408695652173913,-0.2685507246376808,0.08985507246376812,0.7861201800549189,0.06811594202898551
s1667_n736,736,65.74728260869564,0.46467391304347827,-0.5743206521739131,0.3342391304347826,0.22933677100890637,0.001358695652173913
s1668_n751,751,40.98535286284953,0.09587217043941411,0.015579227696404685,0.0,0.0,0.09986684420772303
s1669_n340,340,100.38235294117645,0.5264705882352941,-0.6782352941176472,0.3764705882352941,0.16221485557169293,0.10882352941176471
s1670_n367,367,77.16621253405994,0.2915531335149864,0.065940054495913,0.111716621253406,0.6409780573583321,0.04632152588555859
s1671_n420,420,88.66666666666667,0.4666666666666667,-0.864285714285714,0.35238095238095235,-0.011581872549815197,0.08095238095238096
s1672_n483,483,65.87991718426501,0.2815734989648033,-1.0498964803312631,0.051759834368530024,0.4559319556497244,0.11387163561076605
s1673_n511,511,90.93933463796476,0.512720156555773,-0.4800391389432485,0.3287671232876712,0.10266234189714771,0.050880626223091974
s1674_n597,597,109.91624790619765,0.37353433835845895,-0.5088777219430486,0.17252931323283083,0.024823583725032145,0.06532663316582914
s1675_n623,623,113.09791332263242,0.5264847512038523,-0.18491171749598725,0.3033707865168539,0.5238646582619887,0.04494382022471909
s1676_n663,663,87.36048265460029,0.2941176470588235,0.30407239819004506,0.07692307692307693,0.04921802267018156,0.0693815987933635
s1677_n711,711,67.76371308016877,0.17158931082981715,-0.30098452883263016,0.10829817158931083,1.2730012720637376,0.02531645569620253
s1678_n792,792,70.70707070707071,0.17803030303030304,-0.07083333333333328,0.0012626262626262627,0.3010299956639812,0.021464646464646464
s1679_n336,336,121.04166666666664,0.4285714285714286,-0.4247023809523808,0.3363095238095238,-0.2897489852542921,0.047619047619047616
s1680_n383,383,85.79634464751958,0.4464751958224544,-0.6608355091383811,0.3263707571801566,0.1309291002974874,0.10443864229765012
s1681_n410,410,76.21951219512195,0.3292682926829268,-1.2119512195121955,0.10487804878048781,0.6651117370750514,0.1048780487804878
s1682_n454,454,74.20704845814977,0.2577092511013216,-0.720044052863436,0.04405286343612335,-0.0791812460476248,0.0881057268722467
s1683_n516,516,61.2984496124031,0.2887596899224807,-0.4998062015503878,0.12209302325581395,0.8527848686805478,0.08527131782945738
s1684_n582,582,113.00687285223367,0.39003436426116844,-0.14759450171821292,0.26116838487972505,0.15970084286751196,0.0
s1685_n605,605,92.0495867768595,0.3239669421487603,0.08561983471074389,0.09586776859504131,0.26884531229258,0.031404958677685946
s1686_n696,696,96.26436781609196,0.5603448275862069,-0.6504310344827585,0.40804597701149425,0.22996663983853585,0.018678160919540228
s1687_n743,743,101.84387617765813,0.5060565275908478,-0.614535666218035,0.3297442799461642,0.031663008255337584,0.13189771197846567
s1688_n794,794,104.97481108312343,0.4508816120906801,-0.1182619647355165,0.29219143576826195,0.08190410438309811,0.0163727959697733
s1689_n303,303,96.56765676567656,0.4389438943894389,-0.13597359735973613,0.2838283828382838,0.019744058195757096,0.026402640264026403
s1690_n398,398,86.03015075376884,0.39447236180904527,-0.39874371859296465,0.2814070351758794,0.04575749056067514,0.0829145728643216
s1691_n406,406,82.61083743842363,0.45566502463054187,-0.5504926108374384,0.2561576354679803,0.04921802267018156,0.03694581280788177
s1692_n464,464,98.4051724137931,0.5129310344827587,-0.7943965517241379,0.27586206896551724,0.29104577475738025,0.11853448275862069
s1693_n514,514,78.89105058365759,0.23151750972762647,-0.06750972762645899,0.04669260700389105,0.06694678963061323,0.011673151750972763
s1694_n590,590,71.06779661016948,0.3728813559322034,-0.760677966101695,0.11525423728813558,0.3679767852945943,0.1610169491525424
s1695_n639,639,124.36619718309858,0.5978090766823161,-0.4895148669796555,0.37715179968701096,0.14796697060041394,0.09859154929577466
s1696_n659,659,103.17147192716236,0.6312594840667678,-0.5550834597875569,0.4203338391502276,-0.04050121481735132,0.007587253414264037
s1697_n746,746,96.98391420911527,0.49195710455764075,-0.48190348525469184,0.36595174262734587,0.2705817979403247,0.028150134048257374
s1698_n771,771,47.418936446173795,0.3463035019455253,-1.1673151750972761,0.30739299610894943,1.8957907482504441,0.042801556420233464
s1699_n346,346,116.90751445086704,0.48265895953757226,-0.5635838150289016,0.315028901734104,-0.00782533751195664,0.08092485549132947
s1700_n396,396,70.3030303030303,0.2828282828282828,0.07878787878787868,0.15656565656565657,0.4416489365574434,0.06565656565656565
s1701_n424,424,72.73584905660377,0.1792452830188679,-0.38773584905660374,0.0,0.0,0.0
s1702_n471,471,100.53078556263269,0.505307855626327,-0.30636942675159246,0.29723991507431,0.0982865418368598,0.044585987261146494
s1703_n535,535,113.27102803738316,0.633644859813084,-0.47271028037383195,0.394392523364486,0.40654018043395523,0.059813084112149535
s1704_n557,557,92.47755834829444,0.5152603231597845,-0.8416517055655298,0.3877917414721723,0.23678909940929294,0.02872531418312388
s1705_n613,613,60.30995106035889,0.3866231647634585,-0.6492659053833604,0.2267536704730832,0.6059204121412005,0.09461663947797716
s1706_n689,689,80.13062409288824,0.4005805515239477,0.024383164005805397,0.23076923076923078,0.3848069934007552,0.04354136429608128
s1707_n747,747,43.855421686746986,0.17804551539491298,-0.7697456492637217,0.214190093708166,1.5965970956264603,0.042838018741633205
s1708_n764,764,115.6806282722513,0.4790575916230367,-0.6435863874345549,0.25392670157068065,0.45379782613703845,0.02356020942408377
s1709_n328,328,99.84756097560977,0.4969512195121952,-0.5225609756097561,0.35365853658536583,0.11850462660289006,0.11890243902439024
s1710_n396,396,107.80303030303031,0.5909090909090909,-0.646969696969697,0.3939393939393939,0.26041214475571717,0.08585858585858586
s1711_n447,447,103.19910514541387,0.458612975391499,-0.4747203579418346,0.3378076062639821,0.1084236485427412,0.1029082774049217
s1712_n470,470,37.808510638297875,0.09787234042553192,-0.8944680851063829,0.10212765957446808,1.6901960800285136,0.019148936170212766
s1713_n508,508,89.33070866141732,0.202755905511811,0.6687007874015748,0.001968503937007874,0.3010299956639812,0.07677165354330709
s1714_n598,598,89.21404682274247,0.5418060200668896,-0.3642140468227426,0.3193979933110368,0.00450050122667647,0.0451505016722408
s1715_n605,605,113.90082644628099,0.4892561983471074,-0.6115702479338843,0.26942148760330575,0.17609125905568118,0.04297520661157025
s1716_n668,668,87.44011976047904,0.31586826347305386,0.41287425149700596,0.11377245508982037,0.27620641193894907,0.038922155688622756
s1717_n744,744,88.33333333333333,0.29973118279569894,0.25766129032258045,0.10349462365591397,0.18987954354131453,0.03897849462365591
s1718_n756,756,74.52380952380952,0.20767195767195767,-0.17328042328042326,0.0,0.0,0.005291005291005291
s1719_n342,342,86.95906432748536,0.5175438596491228,-0.5055555555555555,0.33040935672514615,0.08333720581878253,0.07017543859649122
s1720_n350,350,100.2,0.5857142857142856,-0.6377142857142859,0.38,0.28663217496333876,0.1
s1721_n421,421,112.7790973871734,0.4323040380047506,-0.5543942992874114,0.23515439429928742,0.06029590188725117,0.05700712589073634
s1722_n494,494,102.20647773279352,0.5506072874493928,-0.6127530364372471,0.38663967611336036,0.15927776004603114,0.11740890688259109
s1723_n520,520,85.9423076923077,0.5403846153846154,-0.5969230769230769,0.3538461538461538,0.05611594197893141,0.05
s1724_n562,562,102.88256227758008,0.5,-0.522597864768683,0.3754448398576512,0.07768625496067354,0.09786476868327401
s1725_n616,616,81.93181818181819,0.48214285714285715,-0.7785714285714285,0.3425324675324675,0.16930526971238913,0.14123376623376624
s1726_n695,695,117.85611510791365,0.3654676258992806,-0.49007194244604324,0.09352517985611511,-0.1978105087489176,0.09064748201438849
s1727_n732,732,101.76229508196721,0.5778688524590164,-0.5755464480874318,0.40573770491803274,0.14961636352405938,0.015027322404371584
s1728_n770,770,77.8051948051948,0.22727272727272727,-0.1681818181818181,0.07792207792207792,1.0569048513364725,0.046753246753246755
s1729_n338,338,110.32544378698226,0.5118343195266273,-0.039053254437869944,0.27218934911242604,0.01848340569401304,0.023668639053254437
s1730_n392,392,85.15306122448979,0.34183673469387754,-0.12474489795918392,0.21428571428571427,0.5772364076029303,0.09183673469387754
s1731_n440,440,107.81818181818181,0.7022727272727273,-0.645909090909091,0.4386363636363636,0.6600519383056491,0.07727272727272727
s1732_n464,464,69.375,0.27586206896551724,-0.10021551724137934,0.05172413793103448,0.3521825181113625,0.08836206896551725
s1733_n503,503,85.42743538767395,0.6083499005964215,-0.7294234592445327,0.39562624254473155,0.37106786227173627,0.07157057654075547
s1734_n576,576,121.3888888888889,0.48090277777777773,-0.5192708333333337,0.26388888888888884,0.03385826726096733,0.07465277777777779
s1735_n628,628,78.26433121019109,0.3678343949044586,-1.0522292993630569,0.15445859872611464,0.5965970956264602,0.05573248407643312
s1736_n674,674,101.42433234421364,0.5311572700296735,-0.6727002967359049,0.3738872403560831,0.10307032171287493,0.10682492581602374
s1737_n701,701,86.37660485021397,0.2710413694721826,-1.2074179743223965,0.01283880171184023,0.2430380486862944,0.06562054208273894
s1738_n772,772,75.62176165803108,0.43523316062176165,-0.641580310880829,0.33678756476683935,0.3727232203190561,0.05181347150259068
s1739_n347,347,108.21325648414985,0.3746397694524496,0.2250720461095101,0.1325648414985591,0.38535088136401696,0.07204610951008646
s1740_n382,382,115.89005235602095,0.4842931937172774,-0.32984293193717273,0.3429319371727748,0.006530867158957755,0.049738219895287955
s1741_n414,414,108.5265700483092,0.5024154589371981,-0.7785024154589374,0.3140096618357488,0.22888201234756028,0.07004830917874397
s1742_n485,485,101.97938144329896,0.6288659793814433,-0.8529896907216495,0.4618556701030928,0.21980018694108727,0.12371134020618557
s1743_n523,523,101.37667304015297,0.40917782026768634,-0.5499043977055449,0.15678776290630975,0.47712125471966244,0.05927342256214149
s1744_n598,598,90.70234113712374,0.38795986622073575,-0.6478260869565216,0.2140468227424749,0.16221485557169285,0.07190635451505016
s1745_n620,620,97.66129032258064,0.5499999999999999,-0.925483870967742,0.4629032258064516,0.1861331973498218,0.01935483870967742
s1746_n687,687,115.69141193595343,0.4497816593886463,-0.5662299854439593,0.264919941775837,-0.12356220777949671,0.10771470160116448
s1747_n712,712,83.77808988764043,0.23314606741573032,-0.8219101123595507,0.012640449438202247,0.4259687322722811,0.014044943820224719
s1748_n789,789,89.50570342205322,0.3523447401774398,0.38631178707224323,0.13181242078580482,2.0211892990699383,0.043092522179974654
s1749_n315,315,70.34920634920636,0.2761904761904762,-0.2723809523809524,0.1142857142857143,-0.04575749056067517,0.025396825396825397
s1750_n384,384,111.71875,0.36458333333333326,-0.6411458333333334,0.0546875,0.19188552623891308,0.0859375
s1751_n402,402,66.51741293532338,0.43034825870646765,-0.5564676616915423,0.11442786069651742,0.7676858167054788,0.17661691542288557
s1752_n497,497,65.09054325955734,0.5010060362173039,-0.715492957746479,0.34808853118712274,0.034762106259212,0.06841046277665996
s1753_n543,543,91.54696132596686,0.3609576427255985,0.15377532228360957,0.16574585635359118,0.33694255155462566,0.06629834254143646
s1754_n587,587,105.41737649063032,0.49574105621805786,-0.5465076660988077,0.354344122657581,0.07463361829690418,0.09710391822827938
s1755_n622,622,84.67845659163987,0.392282958199357,-0.7982315112540195,0.24758842443729903,-0.18073616410144483,0.11575562700964628
s1756_n669,669,79.10313901345292,0.36920777279521677,0.11898355754857995,0.17488789237668162,0.8409420802430991,0.03587443946188341
s1757_n742,742,72.95148247978437,0.19002695417789758,0.36778975741239883,0.0633423180592992,-0.017728766960431606,0.005390835579514825
s1758_n786,786,120.50890585241729,0.48982188295165396,-0.070737913486005,0.30025445292620867,0.22379626176736128,0.039440203562340966
s1759_n317,317,109.71608832807571,0.5962145110410094,-0.6949526813880125,0.44164037854889593,0.13566260200007293,0.0946372239747634
s1760_n388,388,68.32474226804123,0.3634020618556701,-0.5783505154639176,0.27061855670103097,0.15588787296739423,0.041237113402061855
s1761_n439,439,106.60592255125283,0.48519362186788156,-0.5198177676537585,0.37357630979498857,-0.020933906835643012,0.10478359908883828
s1762_n486,486,116.54320987654323,0.617283950617284,-0.7043209876543212,0.4567901234567901,0.17286228892548272,0.10493827160493827
s1763_n522,522,95.32567049808429,0.3639846743295019,-0.7105363984674328,0.20881226053639845,-0.07058107428570722,0.04789272030651341
s1764_n570,570,114.24561403508771,0.5263157894736842,-0.5977192982456142,0.343859649122807,0.06151803791921497,0.11578947368421053
s1765_n616,616,78.42532467532467,0.3100649350649351,-1.0345779220779223,0.10389610389610389,0.9257539716278874,0.060064935064935064
s1766_n664,664,68.46385542168673,0.2966867469879518,-0.29006024096385535,0.02108433734939759,0.2218487496163564,0.10993975903614459
s1767_n718,718,110.55710306406685,0.5167130919220055,-0.16169916434540382,0.3384401114206128,0.33881855655338095,0.027855153203342618
s1768_n775,775,118.24516129032257,0.5870967741935484,-0.6552258064516131,0.44129032258064516,0.030311914268838884,0.08258064516129032
s1769_n330,330,101.57575757575756,0.5606060606060606,-0.6636363636363639,0.33939393939393936,0.16975108102466227,0.1484848484848485
s1770_n388,388,107.9381443298969,0.595360824742268,-0.45154639175257716,0.3917525773195876,0.3572859197494921,0.08247422680412371
s1771_n412,412,98.90776699029126,0.6529126213592233,-0.6827669902912622,0.43446601941747576,0.09151498112135023,0.03640776699029126
s1772_n496,496,114.79838709677419,0.39112903225806456,-0.2362903225806453,0.11693548387096775,1.0413926851582251,0.02620967741935484
s1773_n509,509,68.40864440078585,0.22986247544204322,-0.26660117878192546,0.09823182711198428,0.13469857389745624,0.03143418467583497
s1774_n582,582,95.41237113402062,0.45704467353951883,-0.0932989690721649,0.2611683848797251,0.5642714304385625,0.044673539518900345
s1775_n633,633,111.31121642969984,0.46603475513428116,-0.515481832543444,0.23854660347551343,0.2883180301478434,0.045813586097946286
s1776_n697,697,76.88665710186513,0.4461979913916786,-0.2898134863701579,0.28120516499282644,1.0,0.06312769010043041
s1777_n740,740,91.9054054054054,0.5513513513513514,-0.33945945945945966,0.32432432432432434,0.83292076146342,0.06486486486486487
s1778_n756,756,85.14550264550265,0.6613756613756614,-0.7604497354497355,0.44841269841269843,0.08432088570003596,0.041005291005291
s1779_n347,347,96.39769452449568,0.5273775216138328,-0.19423631123919355,0.33429394812680113,0.3750100480257983,0.04322766570605187
s1780_n378,378,56.111111111111114,0.44179894179894175,-0.6457671957671955,0.20634920634920634,0.15358391805783,0.12169312169312169
s1781_n449,449,125.30066815144765,0.4365256124721603,-0.33296213808463243,0.23608017817371935,-0.179444901063269,0.0757238307349666
s1782_n491,491,103.84928716904275,0.6028513238289205,-0.70020366598778,0.4195519348268839,0.2947810463869796,0.09979633401221996
s1783_n518,518,92.50965250965251,0.6061776061776062,-0.7530888030888028,0.39575289575289574,0.07995058988372107,0.055984555984555984
s1784_n591,591,82.38578680203045,0.28087986463620973,0.2810490693739425,0.10998307952622674,0.3405385369476548,0.04230118443316413
s1785_n623,623,85.28089887640449,0.2279293739967897,-0.28972712680577845,0.004815409309791332,0.17609125905568124,0.014446227929373997
s1786_n699,699,100.70100143061515,0.4592274678111588,-0.6349070100143063,0.28612303290414876,0.06894354938668847,0.06437768240343347
s1787_n747,747,95.91700133868808,0.3614457831325301,-0.36398929049531437,0.14190093708165996,0.230448921378274,0.04685408299866131
s1788_n768,768,83.203125,0.2981770833333333,0.08229166666666665,0.11328125,1.1409268419924303,0.08333333333333334
s1789_n329,329,83.79939209726443,0.39817629179331304,-0.5003039513677814,0.2857142857142857,-0.10914446942506803,0.1884498480243161
s1790_n365,365,100.16438356164383,0.4931506849315069,-0.785479452054795,0.40821917808219177,-0.04029459485917293,0.1232876712328767
s1791_n443,443,89.4356659142212,0.5553047404063206,-0.5984198645598191,0.34537246049661396,-0.27192761395967413,0.033860045146726865
s1792_n479,479,101.0438413361169,0.5302713987473904,-0.3352818371607514,0.3465553235908142,0.09342168516223508,0.027139874739039664
s1793_n502,502,95.13944223107569,0.44422310756972105,-0.6462151394422309,0.32868525896414347,0.06775178426684299,0.07171314741035856
s1794_n590,590,74.72881355932202,0.2542372881355932,-0.08288135593220325,0.1135593220338983,0.012589127308020562,0.09322033898305085
s1795_n607,607,73.93739703459637,0.3607907742998353,-0.8953871499176276,0.21746293245469522,0.05191779926549358,0.08401976935749587
s1796_n657,657,33.39421613394216,0.0852359208523592,-0.5704718417047183,0.0,0.0,0.0
s1797_n713,713,96.73211781206172,0.6143057503506312,-0.7429172510518938,0.44600280504908835,0.4074853265782681,0.06591865357643759
s1798_n779,779,106.35430038510914,0.4197689345314506,-0.7025673940949938,0.28754813863928114,-0.023065304068693487,0.029525032092426188
s1799_n310,310,108.54838709677419,0.5580645161290322,-0.7190322580645162,0.40645161290322585,0.013572807189273822,0.13548387096774195
s1800_n361,361,122.02216066481995,0.5678670360110804,-0.4642659279778394,0.4404432132963989,0.09205751021364435,0.07202216066481995
s1801_n401,401,64.56359102244389,0.2119700748129676,-0.238154613466334,0.11970074812967581,0.0,0.0399002493765586
s1802_n464,464,87.80172413793103,0.4181034482758621,-0.9931034482758617,0.3642241379310345,-0.06616073605511383,0.034482758620689655
s1803_n512,512,87.12890625,0.46875,-0.7720703125,0.30859375,0.19883438619424096,0.12109375
s1804_n555,555,97.15315315315316,0.6378378378378379,-0.507027027027027,0.43243243243243246,0.6653846208301202,0.0018018018018018018
s1805_n604,604,70.96026490066225,0.3427152317880795,-0.2488410596026489,0.20033112582781457,0.021189299069938092,0.049668874172185434
s1806_n685,685,101.98540145985402,0.5401459854014597,-0.3640875912408758,0.36496350364963503,0.1603490437071019,0.00145985401459854
s1807_n715,715,102.46153846153845,0.6433566433566434,-0.5468531468531468,0.45594405594405596,1.2360891887309666,0.04195804195804196
s1808_n766,766,95.69190600522192,0.6109660574412533,-0.5481723237597911,0.41383812010443866,1.1095638750413457,0.03394255874673629
s1809_n334,334,92.8443113772455,0.6077844311377246,-0.5341317365269461,0.3802395209580839,0.5376020021010439,0.09880239520958084
s1810_n388,388,98.50515463917526,0.4381443298969072,-0.6038659793814432,0.30927835051546393,0.02848853781143753,0.07474226804123711
s1811_n439,439,93.23462414578587,0.48747152619589973,-0.41913439635535304,0.32574031890660593,0.17609125905568124,0.11389521640091116
s1812_n451,451,135.7649667405765,0.376940133037694,-0.18359201773835915,0.14855875831485588,0.5563025007672872,0.015521064301552107
s1813_n521,521,85.89251439539348,0.506717850287908,-0.8230326295585414,0.3666026871401152,0.14073300379153184,0.12476007677543186
s1814_n586,586,112.44027303754267,0.5784982935153583,-0.5313993174061434,0.3839590443686006,0.19048907975632373,0.12116040955631399
s1815_n645,645,119.42635658914729,0.613953488372093,-0.5105426356589146,0.3767441860465116,0.33881855655338095,0.07596899224806201
s1816_n655,655,106.8854961832061,0.3877862595419847,-0.6091603053435113,0.14503816793893132,0.06279082985945544,0.051908396946564885
s1817_n721,721,106.86546463245492,0.48959778085991673,-0.47295423023578387,0.2857142857142857,0.16048618572510517,0.06657420249653259
s1818_n764,764,98.25916230366492,0.5209424083769634,-0.9821989528795808,0.40314136125654454,0.38140272251902474,0.03534031413612565
s1819_n345,345,91.56521739130434,0.46956521739130436,-0.8237681159420289,0.3565217391304347,0.048691923899724446,0.15652173913043477
s1820_n379,379,74.01055408970976,0.3641160949868074,-0.8029023746701847,0.366754617414248,0.1429618407415725,0.06860158311345647
s1821_n439,439,78.90660592255125,0.1958997722095672,0.05284738041002279,0.0,0.0,0.0
s1822_n481,481,73.20166320166321,0.446985446985447,-0.8706860706860708,0.288981288981289,0.7569619513137056,0.08316008316008316
s1823_n537,537,116.20111731843576,0.5046554934823091,-0.6884543761638734,0.3575418994413408,-0.026872146400301316,0.09124767225325885
s1824_n553,553,66.83544303797468,0.3273056057866185,-0.48842676311030736,0.23508137432188064,0.6756986619230309,0.0379746835443038
s1825_n605,605,139.900826446281,0.5537190082644627,-0.14314049586776867,0.28760330578512394,0.09913147300201446,0.1024793388429752
s1826_n655,655,93.17557251908397,0.5435114503816795,-0.5874809160305345,0.3297709923664122,0.04786061564843946,0.05343511450381679
s1827_n720,720,72.13888888888889,0.175,-0.2776388888888888,0.0,0.0,0.004166666666666667
s1828_n756,756,84.00793650793652,0.2314814814814815,0.17857142857142863,0.07804232804232804,1.469822015978163,0.05026455026455026
s1829_n321,321,97.16510903426791,0.5295950155763239,-0.284423676012461,0.32398753894080995,0.11539341870206957,0.02803738317757009
s1830_n370,370,62.108108108108105,0.20540540540540542,-0.268918918918919,0.1837837837837838,0.2021046914205992,0.05675675675675676
s1831_n449,449,90.55679287305122,0.623608017817372,-0.7599109131403116,0.37639198218262804,1.7481880270062005,0.07126948775055679
s1832_n454,454,108.74449339207048,0.34361233480176206,-0.8837004405286346,0.024229074889867842,0.2041199826559248,0.059471365638766524
s1833_n521,521,60.72936660268714,0.17466410748560462,-1.0385796545105568,0.003838771593090211,0.0,0.04222648752399232
s1834_n578,578,74.91349480968857,0.29411764705882354,-0.790484429065744,0.185121107266436,-0.6483600109809315,0.10380622837370243
s1835_n609,609,74.02298850574712,0.2988505747126437,0.16830870279146148,0.12807881773399016,0.04346569378109026,0.0722495894909688
s1836_n683,683,65.22693997071742,0.2108345534407028,-0.20922401171303073,0.07906295754026355,1.4313637641589874,0.040995607613469986
s1837_n700,700,78.14285714285715,0.2,-0.23585714285714285,0.0,0.0,0.0
s1838_n769,769,103.407022106632,0.6124837451235371,-0.6418725617685308,0.42392717815344605,0.10108308749545454,0.014304291287386216
s1839_n327,327,86.23853211009174,0.3975535168195719,-0.07431192660550456,0.22324159021406728,0.08130493967748027,0.045871559633027525
s1840_n379,379,85.77836411609499,0.58311345646438,-0.645646437994723,0.34564643799472294,0.16523333146747293,0.08443271767810026
s1841_n431,431,46.24129930394432,0.0765661252900232,0.05243619489559167,0.013921113689095127,0.8450980400142568,0.03944315545243619
s1842_n491,491,86.76171079429736,0.43788187372708753,-0.9193482688391038,0.26883910386965376,0.18420914927786075,0.0814663951120163
s1843_n537,537,91.67597765363128,0.5400372439478585,-0.661080074487896,0.3873370577281192,0.5400897464682404,0.024208566108007448
s1844_n563,563,105.15097690941384,0.5204262877442273,-0.6500888099467143,0.3552397868561279,0.10368843683850687,0.11190053285968028
s1845_n624,624,134.69551282051282,0.4599358974358974,-0.4567307692307691,0.19711538461538464,-0.1906175122522777,0.08493589743589744
s1846_n677,677,108.89217134416542,0.5878877400295421,-0.576661742983752,0.40029542097488924,0.28678955654937094,0.10044313146233383
s1847_n708,708,108.36158192090394,0.5112994350282486,-0.6045197740112996,0.2725988700564972,0.4741567757559234,0.025423728813559324
s1848_n781,781,121.48527528809217,0.48655569782330343,-0.49270166453265024,0.2919334186939821,-0.09096649625078466,0.10243277848911651
s1849_n307,307,113.02931596091206,0.5211726384364821,-0.7446254071661241,0.32899022801302935,0.008433167536862764,0.07166123778501629
s1850_n365,365,109.80821917808217,0.5178082191780822,-0.6580821917808222,0.4136986301369863,0.1432100326610256,0.0821917808219178
s1851_n427,427,85.40983606557376,0.3981264637002342,-1.0126463700234194,0.32084309133489464,-0.27780015494550636,0.11709601873536299
s1852_n469,469,93.5820895522388,0.5245202558635395,-0.8916844349680171,0.32409381663113007,0.3572859197494922,0.09381663113006396
s1853_n532,532,85.0375939849624,0.2706766917293233,-0.7394736842105261,0.08270676691729323,0.15261016320615833,0.046992481203007516
s1854_n558,558,109.48028673835127,0.6326164874551972,-0.5428315412186374,0.4301075268817204,0.5013898294465992,0.05376344086021506
s1855_n600,600,101.01666666666667,0.52,-0.47350000000000053,0.365,0.06694678963061315,0.013333333333333334
s1856_n654,654,106.59021406727827,0.41590214067278286,-0.46574923547400643,0.1529051987767584,0.8750612633917002,0.03211009174311927
s1857_n715,715,52.4055944055944,0.14685314685314685,-0.5717482517482521,0.0,0.0,0.016783216783216783
s1858_n768,768,86.49739583333333,0.32291666666666663,-0.6437500000000002,0.3424479166666667,-1.7160033436347992,0.10416666666666666
s1859_n331,331,118.45921450151057,0.338368580060423,-0.6516616314199395,0.012084592145015106,0.3010299956639812,0.0634441087613293
s1860_n386,386,93.8341968911917,0.6010362694300518,-0.5489637305699481,0.40414507772020725,0.890855530574932,0.02072538860103627
s1861_n421,421,81.52019002375297,0.26840855106888367,-0.7907363420427553,0.10451306413301664,0.9138138523837167,0.05700712589073634
s1862_n450,450,64.60000000000001,0.2288888888888889,-0.2635555555555556,0.09111111111111111,0.7112044607530305,0.07333333333333333
s1863_n517,517,136.5377176015474,0.4700193423597679,-0.3197292069632495,0.21083172147001933,-0.07058107428570722,0.07736943907156672
s1864_n597,597,79.54773869346734,0.38358458961474035,-0.8185929648241207,0.1608040201005025,0.41989458456008794,0.07705192629815745
s1865_n607,607,66.39209225700165,0.1960461285008237,0.33822075782537064,0.08401976935749587,0.04921802267018156,0.04942339373970346
s1866_n670,670,103.8507462686567,0.5402985074626865,-0.5823880597014928,0.37164179104477607,0.03809004960813948,0.022388059701492536
s1867_n730,730,80.83561643835615,0.25068493150684934,-0.8257534246575341,0.08082191780821918,-0.5672978850687503,0.04931506849315069
s1868_n771,771,39.31258106355383,0.10635538261997407,-1.0846952010376134,0.06485084306095978,1.0791812460476249,0.0012970168612191958
s1869_n335,335,105.5820895522388,0.5522388059701492,-0.42447761194029854,0.3970149253731343,0.3010299956639812,0.0626865671641791
s1870_n352,352,110.48295454545453,0.53125,-0.6485795454545457,0.27840909090909094,0.45425837176015826,0.06534090909090909
s1871_n426,426,34.31924882629108,0.11267605633802817,-0.9406103286384975,0.11032863849765258,1.6812412373755872,0.0
s1872_n470,470,95.4468085106383,0.46595744680851064,-0.7178723404255319,0.28085106382978725,0.13061586949999046,0.09787234042553192
s1873_n511,511,100.37181996086105,0.5029354207436398,-0.7549902152641881,0.299412915851272,0.08432088570003587,0.11154598825831702
s1874_n575,575,103.35652173913044,0.6052173913043477,-0.5869565217391305,0.4156521739130435,0.41447444558177343,0.0817391304347826
s1875_n640,640,101.10937499999999,0.3140625,-1.0253124999999998,0.0109375,0.3010299956639811,0.0640625
s1876_n682,682,111.49560117302053,0.39882697947214074,-0.6057184750733133,0.1348973607038123,0.26681589513287957,0.0469208211143695
s1877_n718,718,96.10027855153204,0.5766016713091923,-0.7238161559888581,0.4164345403899722,0.031756596119486766,0.019498607242339833
s1878_n796,796,52.87688442211055,0.13944723618090452,-0.40841708542713584,0.0,0.0,0.0
s1879_n333,333,84.2042042042042,0.30930930930930933,-0.25045045045045045,0.24024024024024024,0.1716821401506261,0.13513513513513514
s1880_n394,394,96.95431472081218,0.46954314720812185,-0.3588832487309644,0.3299492385786802,0.0,0.09898477157360405
s1881_n406,406,86.4039408866995,0.5098522167487685,-0.9738916256157635,0.37438423645320196,0.2068715936467036,0.06403940886699507
s1882_n474,474,76.9198312236287,0.24894514767932494,-0.5789029535864979,0.0590717299578059,0.516629796003336,0.04430379746835443
s1883_n507,507,62.6232741617357,0.28007889546351084,-0.5244575936883629,0.14398422090729784,0.5667320289862193,0.04930966469428008
s1884_n556,556,102.32014388489208,0.6744604316546762,-0.7701438848920863,0.44964028776978415,0.5642714304385625,0.11510791366906475
s1885_n630,630,105.34920634920637,0.41904761904761906,-0.843968253968254,0.3666666666666667,-0.4796100551233572,0.04126984126984127
s1886_n669,669,78.02690582959642,0.3243647234678625,-1.0023916292974586,0.10911808669656203,0.20035983378261796,0.08370702541106129
s1887_n731,731,44.076607387140896,0.22298221614227087,-1.1809849521203835,0.17510259917920656,0.8226295221051457,0.10533515731874145
s1888_n768,768,84.71354166666666,0.59375,-0.8850260416666667,0.39973958333333337,0.15626766702911796,0.04557291666666667
s1889_n314,314,117.13375796178343,0.6273885350318471,-0.2334394904458597,0.3471337579617834,0.08635983067474823,0.03821656050955414
s1890_n378,378,94.44444444444443,0.4920634920634921,-0.38544973544973565,0.328042328042328,-0.027583521632088544,0.08994708994708994
s1891_n441,441,130.20408163265307,0.528344671201814,-0.41315192743764184,0.30612244897959184,0.04441913978841291,0.0816326530612245
s1892_n495,495,77.47474747474747,0.4909090909090909,-0.5969696969696969,0.301010101010101,0.25437797444327637,0.08484848484848485
s1893_n511,511,93.1702544031311,0.34442270058708413,-0.7412915851272014,0.2857142857142857,-0.5421839004757242,0.08414872798434442
s1894_n588,588,56.0374149659864,0.1360544217687075,-0.08299319727891152,0.03571428571428571,0.5563025007672874,0.042517006802721094
s1895_n617,617,61.977309562398695,0.3662884927066451,-0.7012965964343598,0.26094003241491087,1.1404509027865475,0.05834683954619125
s1896_n676,676,113.94970414201183,0.5636094674556213,-0.44497041420118366,0.3668639053254438,0.11179261471475628,0.11538461538461539
s1897_n723,723,122.28215767634856,0.42738589211618255,0.060580912863070435,0.2987551867219917,0.10408859763517994,0.0318118948824343
s1898_n756,756,78.0952380952381,0.19312169312169314,-0.36865079365079356,0.0,0.0,0.0
s1899_n328,328,60.15243902439025,0.23170731707317072,-0.5600609756097564,0.18292682926829268,0.02802872360024353,0.0701219512195122
s1900_n354,354,63.47457627118644,0.2542372881355932,-0.5988700564971752,0.24576271186440676,0.04884856753781701,0.06497175141242938
s1901_n429,429,84.45221445221445,0.4475524475524475,-0.3811188811188813,0.27505827505827507,0.33403025576690665,0.03496503496503496
s1902_n488,488,106.16803278688525,0.5368852459016393,-0.21823770491803274,0.3278688524590164,-0.04292820054181086,0.004098360655737705
s1903_n509,509,63.45776031434185,0.37524557956778,-0.5504911591355599,0.20039292730844793,0.7732987475892316,0.0825147347740668
s1904_n594,594,75.33670033670032,0.2777777777777778,0.281986531986532,0.07744107744107745,-0.07255066714861179,0.08417508417508418
s1905_n607,607,72.00988467874794,0.5255354200988467,-0.7820428336079073,0.3294892915980231,0.30425896579417966,0.09719934102141681
s1906_n688,688,89.84011627906976,0.5363372093023255,-0.6604651162790698,0.30959302325581395,-0.020203386088287003,0.03343023255813953
s1907_n734,734,78.8283378746594,0.2683923705722071,0.15776566757493182,0.09536784741144413,0.12142216288546279,0.039509536784741145
s1908_n774,774,66.5374677002584,0.3087855297157623,-0.5573643410852713,0.1124031007751938,0.7289332277134619,0.08656330749354005
s1909_n302,302,77.31788079470199,0.5463576158940397,-1.0397350993377485,0.39403973509933776,0.19713386179525874,0.1456953642384106
s1910_n396,396,74.24242424242425,0.2626262626262626,-0.12070707070707082,0.19444444444444445,1.1702617153949573,0.025252525252525256
s1911_n419,419,96.56324582338902,0.44152744630071594,-0.7026252983293556,0.31026252983293556,0.013161446057970908,0.07637231503579953
s1912_n451,451,85.78713968957872,0.4966740576496673,-0.6991130820399112,0.3392461197339246,0.17609125905568124,0.026607538802660754
s1913_n540,540,128.92592592592592,0.4388888888888889,-0.5159259259259259,0.2185185185185185,-0.13127891463931884,0.06666666666666667
s1914_n570,570,70.33333333333334,0.24210526315789474,-1.0742105263157895,0.4385964912280702,-2.0969100130080562,0.06491228070175438
s1915_n642,642,103.66043613707166,0.5903426791277259,-0.557165109034268,0.38006230529595014,0.03532796234174298,0.015576323987538939
s1916_n677,677,111.18168389955684,0.42245199409158046,-0.3125553914327918,0.16100443131462336,0.182622126214639,0.08567208271787297
s1917_n726,726,109.31129476584023,0.3939393939393939,-0.7263085399449036,0.15151515151515152,0.43669259766405427,0.02066115702479339
s1918_n312,312,105.64102564102565,0.5,-0.5750000000000001,0.358974358974359,0.07638834586345472,0.09615384615384616
s1919_n351,351,96.0968660968661,0.5698005698005698,-0.6826210826210827,0.4245014245014245,0.18089014193745,0.1282051282051282
s1920_n427,427,71.26463700234193,0.37704918032786894,-0.8107728337236536,0.2107728337236534,0.3152704347785914,0.08665105386416862
s1921_n456,456,114.16666666666666,0.5328947368421052,-0.44429824561403497,0.3223684210526316,0.18339049779718067,0.10307017543859648
s1922_n537,537,95.13966480446928,0.4245810055865922,-0.8508379888268155,0.2756052141527002,0.034762106259212,0.07262569832402235
s1923_n579,579,114.05872193436959,0.7150259067357513,-0.754922279792746,0.459412780656304,-0.045415391699423,0.015544041450777202
s1924_n645,645,108.06201550387597,0.4542635658914729,-0.7165891472868217,0.31627906976744186,-0.26052878084662995,0.04806201550387597
s1925_n664,664,90.63253012048193,0.5150602409638554,-0.4871987951807233,0.3012048192771084,0.19227802014895645,0.05421686746987952
s1926_n734,734,118.6376021798365,0.5558583106267029,-0.5534059945504087,0.388283378746594,0.10031626169996799,0.08991825613079019
s1927_n786,786,53.54961832061069,0.4351145038167939,-0.7987277353689568,0.3231552162849873,0.9852767431792936,0.0826972010178117
s1928_n302,302,60.264900662251655,0.3576158940397351,-0.6672185430463577,0.304635761589404,0.05551732784983133,0.10596026490066225
s1929_n378,378,91.9047619047619,0.46031746031746035,-0.33042328042328034,0.26455026455026454,0.05115252244738129,0.05026455026455026
s1930_n446,446,94.70852017937219,0.6659192825112107,-0.6856502242152469,0.4080717488789238,0.24211105904533514,0.06502242152466367
s1931_n476,476,67.71008403361346,0.34243697478991597,-0.7773109243697478,0.32983193277310924,0.48811663902112556,0.0063025210084033615
s1932_n518,518,64.34362934362935,0.3899613899613899,-0.7461389961389961,0.2027027027027027,1.4107772333772097,0.03667953667953668
s1933_n558,558,102.95698924731182,0.5232974910394266,-0.6444444444444447,0.33512544802867383,0.16272729749769974,0.12007168458781362
s1934_n648,648,96.54320987654322,0.6280864197530864,-0.7893518518518515,0.41666666666666663,-0.29863718254809085,0.030864197530864196
s1935_n658,658,40.62310030395137,0.11398176291793313,-0.4764437689969605,0.03343465045592705,1.3617278360175928,0.0425531914893617
s1936_n728,728,72.58241758241758,0.3612637362637363,-1.1501373626373625,0.20192307692307693,0.19561339875815636,0.07554945054945054
s1937_n794,794,75.1889168765743,0.19647355163727964,-0.15251889168765742,0.010075566750629723,0.1760912590556813,0.012594458438287154
s1938_n344,344,107.93604651162792,0.3081395348837209,-0.8447674418604647,0.026162790697674417,-0.24303804868629447,0.0377906976744186
s1939_n362,362,98.09392265193368,0.4005524861878453,-0.5353591160220995,0.12430939226519337,0.20712549279564996,0.08287292817679558
s1940_n408,408,101.10294117647058,0.4117647058823529,-0.20367647058823518,0.25,0.1346985738974561,0.051470588235294115
s1941_n453,453,80.0,0.3134657836644592,-0.48322295805739496,0.16335540838852097,-0.09177037335564533,0.07947019867549669
s1942_n511,511,86.49706457925636,0.2720156555772994,-0.8530332681017613,0.043052837573385516,-0.146128035678238,0.07436399217221135
s1943_n588,588,86.27551020408163,0.4931972789115647,-0.7006802721088434,0.391156462585034,0.08261442188601885,0.07312925170068027
s1944_n618,618,62.65372168284789,0.3754045307443366,-0.8292880258899679,0.18446601941747573,0.7359535705891889,0.07281553398058252
s1945_n683,683,79.72181551976574,0.14641288433382138,0.6383601756954611,0.0014641288433382138,-0.3010299956639812,0.017569546120058566
s1946_n724,724,86.58839779005524,0.31077348066298344,0.425414364640884,0.08149171270718232,1.0492180226701815,0.08011049723756906
s1947_n767,767,52.90743155149935,0.11994784876140809,-0.158800521512386,0.0,0.0,0.0
s1948_n342,342,116.81286549707602,0.41228070175438597,-0.6096491228070177,0.3742690058479532,-0.8527848686805479,0.0847953216374269
s1949_n375,375,97.78666666666666,0.47200000000000003,-0.897866666666667,0.2853333333333333,0.039871512037692194,0.09066666666666667
s1950_n446,446,75.71748878923768,0.4103139013452915,-0.8448430493273543,0.2399103139013453,0.07188200730612537,0.06502242152466367
s1951_n466,466,96.65236051502146,0.4978540772532189,-0.716952789699571,0.37124463519313305,0.1350896540516664,0.12660944206008584
s1952_n505,505,66.99009900990099,0.405940594059406,-0.8633663366336637,0.35247524752475246,1.146128035678238,0.027722772277227723
s1953_n595,595,74.11764705882354,0.37142857142857144,-1.074117647058823,0.11092436974789915,-0.12866660912754305,0.08571428571428572
s1954_n603,603,102.76948590381427,0.31343283582089554,-0.980928689883914,0.009950248756218905,-0.22184874961635637,0.05804311774461028
s1955_n669,669,105.9342301943199,0.4588938714499253,-0.6505231689088191,0.2645739910313901,0.04370892788540595,0.07772795216741404
s1956_n716,716,83.49162011173183,0.2122905027932961,0.2270949720670392,0.029329608938547486,1.3424226808222062,0.034916201117318434
s1957_n751,751,116.6045272969374,0.6804260985352861,-0.4276964047936088,0.4181091877496671,0.7797567770990621,0.05459387483355525
s1958_n302,302,70.16556291390728,0.21523178807947022,-0.34304635761589397,0.1423841059602649,-0.01930515519538668,0.0695364238410596
s1959_n365,365,86.68493150684932,0.3452054794520548,-0.028219178082191876,0.20821917808219179,0.11197375944393234,0.043835616438356165
s1960_n437,437,97.7345537757437,0.4393592677345538,-0.9146453089244853,0.30892448512585813,0.03171441317720659,0.07322654462242563
s1961_n480,480,115.33333333333333,0.42083333333333334,0.20479166666666654,0.15208333333333332,-0.104735350520013,0.09375
s1962_n514,514,90.29182879377431,0.34824902723735407,-0.8328793774319068,0.15175097276264593,0.0,0.038910505836575876
s1963_n558,558,111.29032258064517,0.44265232974910396,-0.7290322580645158,0.2275985663082437,-0.03368311320257256,0.06630824372759857
s1964_n634,634,90.77287066246056,0.41482649842271296,-0.8635646687697162,0.1861198738170347,0.33403025576690654,0.08832807570977919
s1965_n682,682,127.94721407624633,0.6436950146627565,-0.2736070381231673,0.4046920821114369,0.3270717975283314,0.07624633431085043
s1966_n733,733,76.80763983628923,0.28649386084583905,-0.8219645293315149,0.09140518417462484,0.21849510760876856,0.040927694406548434
s1967_n751,751,107.36351531291612,0.5486018641810919,-0.5826897470039943,0.2649800266311585,0.03891806603036975,0.06657789613848203
s1968_n333,333,99.48948948948949,0.40540540540540543,0.13783783783783782,0.23723723723723722,0.18504610170860764,0.018018018018018018
s1969_n358,358,105.44692737430168,0.49162011173184356,-0.12094972067039095,0.276536312849162,0.12995953798335075,0.030726256983240226
s1970_n429,429,103.4032634032634,0.4871794871794872,-0.648951048951049,0.3473193473193473,-0.040294594859172986,0.14685314685314685
s1971_n461,461,66.44251626898048,0.193058568329718,0.14577006507592186,0.008676789587852495,0.0,0.06724511930585683
s1972_n517,517,89.5357833655706,0.46421663442940037,-0.5373307543520309,0.33462282398452614,0.03476210625921191,0.10444874274661509
s1973_n589,589,84.04074702886248,0.48387096774193544,-0.7010186757215622,0.33446519524618,0.3752760240360937,0.10186757215619696
s1974_n638,638,79.05956112852665,0.25705329153605017,-0.7898119122257055,0.026645768025078367,0.23408320603336807,0.061128526645768025
s1975_n669,669,127.07025411061285,0.5799701046337817,-0.42242152466367716,0.39461883408071746,0.058866659220821446,0.0866965620328849
s1976_n720,720,106.54166666666664,0.3305555555555555,-0.28347222222222246,0.11388888888888887,0.3979400086720376,0.0125
s1977_n782,782,96.76470588235294,0.3785166240409207,-0.5576726342710997,0.21483375959079284,0.16547228304538728,0.0370843989769821
s1978_n310,310,105.96774193548386,0.5193548387096774,-0.10741935483870968,0.3096774193548387,0.12493873660829992,0.025806451612903226
s1979_n359,359,98.55153203342618,0.42339832869080773,0.004735376044568196,0.22841225626740946,0.082974235064764,0.027855153203342618
s1980_n408,408,90.51470588235293,0.49754901960784315,-0.6879901960784316,0.29901960784313725,0.4405274524432061,0.09803921568627451
s1981_n487,487,104.68172484599589,0.4681724845995894,-0.6831622176591378,0.2854209445585215,0.05551732784983141,0.09240246406570843
s1982_n500,500,80.28,0.464,-0.7826000000000001,0.33,0.18477743824077392,0.114
s1983_n560,560,104.53571428571429,0.6946428571428571,-0.9155357142857146,0.5,0.8776854072178488,0.030357142857142857
s1984_n609,609,92.79146141215105,0.38587848932676516,-0.5124794745484402,0.28735632183908044,0.11350927482751828,0.05090311986863711
s1985_n683,683,97.10102489019033,0.5519765739385065,-0.40893118594436373,0.3308931185944363,0.11495451570169904,0.027818448023426062
s1986_n728,728,96.56593406593406,0.6785714285714286,-0.8031593406593402,0.4519230769230769,0.6287942445752072,0.03571428571428571
s1987_n785,785,93.3375796178344,0.4242038216560509,-0.4924840764331212,0.2751592356687898,0.16946068015666807,0.08407643312101912
s1988_n301,301,114.38538205980065,0.6312292358803986,-0.3029900332225914,0.34883720930232553,0.0243593458594446,0.023255813953488372
s1989_n355,355,76.4225352112676,0.3126760563380282,-1.5532394366197186,0.15211267605633805,0.062147906748844434,0.022535211267605635
s1990_n445,445,68.49438202247191,0.2651685393258427,-1.0838202247191009,0.04943820224719101,0.14612803567823798,0.07640449438202247
s1991_n493,493,60.70993914807301,0.38742393509127787,-0.8663286004056794,0.27586206896551724,0.13966199342900634,0.09533468559837728
s1992_n532,532,102.68796992481202,0.5112781954887218,-0.6321428571428569,0.34210526315789475,0.0852432814065686,0.10714285714285714
s1993_n562,562,97.04626334519573,0.6281138790035588,-0.7234875444839859,0.4074733096085409,0.04893333273412458,0.03558718861209964
s1994_n611,611,101.88216039279871,0.5810147299509002,-0.6425531914893617,0.3567921440261866,0.5203165285157372,0.09001636661211129
s1995_n692,692,90.31791907514452,0.47398843930635837,-0.933959537572254,0.315028901734104,0.08715017571890013,0.13439306358381503
s1996_n714,714,107.59103641456582,0.40476190476190477,-0.6162464985994396,0.2745098039215686,-0.24303804868629447,0.0700280112044818
s1997_n753,753,73.34661354581672,0.5922974767596281,-0.8628154050464808,0.450199203187251,1.6193542465143762,0.014608233731739709
s1998_n320,320,94.75000000000001,0.53125,-0.7334374999999999,0.43125,0.024823583725032145,0.11875000000000001
s1999_n389,389,90.2827763496144,0.4241645244215938,-0.32493573264781483,0.2827763496143959,-0.07775965891283071,0.020565552699228794
