id,length,aliphatic_index,ivywrel_fraction,gravy,charged_fraction,log_acidic_basic_ratio,aromatic_fraction
A0A009I6Z7,513,117.34892787524367,0.4152046783625731,0.696101364522417,0.13060428849902533,-0.13966199342900631,0.12475633528265107
A0A010ZWH3,388,90.38659793814432,0.35567010309278346,-0.01469072164948465,0.19329896907216496,0.10198953853733139,0.05154639175257732
A0A014MNM1,692,82.16763005780345,0.37427745664739887,-0.25563583815028906,0.21965317919075145,0.17139613784730146,0.07658959537572255
A0A015LE71,388,85.69587628865979,0.42783505154639184,-0.718298969072165,0.2912371134020619,0.037788560889399844,0.13402061855670103
A0A021XFH9,452,63.62831858407078,0.3185840707964602,-0.25796460176991165,0.1902654867256637,0.13936845203094142,0.10398230088495575
A0A022Q2M2,356,104.2134831460674,0.4438202247191011,-0.026123595505618102,0.2443820224719101,0.08813608870055131,0.0702247191011236
A0A023B014,696,96.45114942528737,0.40086206896551724,0.038649425287356126,0.1882183908045977,-0.045757490560675115,0.09482758620689655
A0A023BDM3,501,74.51097804391217,0.36926147704590817,-0.5834331337325347,0.27944111776447106,-0.048986460690873625,0.06986027944111776
A0A023FXY9,762,93.00524934383202,0.37532808398950135,-0.10091863517060357,0.24803149606299213,-0.06835455255500354,0.06561679790026247
A0A024GCF1,789,63.472750316856775,0.33586818757921416,-0.9475285171102664,0.29404309252217997,-0.13469857389745624,0.058301647655259824
A0A024QGJ4,411,87.20194647201947,0.44282238442822386,-0.52676399026764,0.27007299270072993,0.22800905832117488,0.0948905109489051
A0A024UN77,326,77.42331288343559,0.3128834355828221,0.12147239263803683,0.1503067484662577,-0.017033339298780346,0.06748466257668712
A0A051TRG8,395,86.78481012658227,0.3924050632911392,-0.1873417721518988,0.22531645569620257,0.12493873660830007,0.08607594936708861
A0A058ZRU8,655,91.64885496183206,0.39083969465648855,-0.12076335877862593,0.19083969465648856,0.02052166714460168,0.09465648854961832
A0A059DP69,782,82.10997442455242,0.36572890025575444,-0.18516624040920726,0.20971867007672632,0.06289928147243093,0.06777493606138107
A0A059FUM1,500,98.02,0.406,-0.05319999999999997,0.246,0.06264680913788914,0.054
A0A059IXJ1,558,61.52329749103942,0.3207885304659498,-0.6526881720430107,0.23297491039426524,0.10580372616803888,0.06093189964157706
A0A059KWG0,300,103.73333333333332,0.44000000000000006,-0.14800000000000008,0.24,0.04699656267622367,0.07
A0A060BQX6,774,84.328165374677,0.375968992248062,-0.27467700258397915,0.2248062015503876,-0.09913147300201453,0.10723514211886304
A0A060N7D1,459,131.35076252723312,0.4335511982570806,0.8289760348583876,0.07625272331154684,-0.3187587626244127,0.10457516339869281
A0A060NJ14,461,97.2234273318872,0.3665943600867679,-0.024078091106290667,0.25813449023861174,-0.10823304310544726,0.03470715835140998
A0A060QLI4,434,103.5483870967742,0.42396313364055305,-0.022811059907833997,0.24423963133640553,0.09691001300805634,0.041474654377880185
A0A060X6V2,512,63.8671875,0.3125,-0.5757812500000001,0.2109375,0.047424649928138135,0.048828125
A0A061DL95,691,83.40086830680174,0.3907380607814761,-0.3156295224312591,0.24457308248914617,0.05595140532914991,0.07525325615050651
A0A061G948,454,58.52422907488987,0.3370044052863436,-0.8993392070484584,0.24669603524229075,-0.12271727661434179,0.06607929515418502
A0A061GSP8,724,82.30662983425414,0.37430939226519333,-0.5890883977900552,0.30939226519337015,0.03845825181917576,0.05801104972375691
A0A062UQN1,323,92.50773993808049,0.34365325077399383,0.019195046439628438,0.21362229102167182,0.1356626020000732,0.058823529411764705
A0A063BLN8,705,82.70921985815602,0.4042553191489362,-0.5971631205673761,0.3319148936170213,0.14108537255885686,0.07659574468085106
A0A063Y6S5,352,101.36363636363637,0.40625,-0.4582386363636364,0.3068181818181818,-0.12724269151786421,0.06818181818181818
A0A067GCK3,791,108.6346396965866,0.4222503160556258,0.379646017699115,0.1592920353982301,-0.01357280718927397,0.11630847029077118
A0A067KTX1,571,71.76882661996498,0.3607705779334501,-0.631873905429072,0.30297723292469353,0.024823583725032055,0.06654991243432574
A0A067QYF6,755,83.70860927152317,0.3788079470198676,-0.1501986754966888,0.22251655629139072,0.040904987766263036,0.10860927152317881
A0A068UXE8,764,102.95811518324606,0.4594240837696335,-0.21073298429319384,0.25130890052356025,0.02687214640030133,0.07853403141361257
A0A068YDI2,666,74.68468468468468,0.36936936936936937,-0.4079579579579582,0.1981981981981982,-0.06494080693301461,0.10810810810810811
A0A069DHE9,689,83.80261248185776,0.42525399129172714,-0.4017416545718434,0.2220609579100145,0.14132915279646935,0.09433962264150944
A0A069DWN1,648,81.26543209876542,0.3796296296296296,-0.26651234567901244,0.20987654320987653,0.13966199342900626,0.10493827160493827
A0A072UCN4,704,86.00852272727272,0.39488636363636365,-0.28494318181818185,0.21448863636363635,0.0854301953246263,0.09943181818181819
A0A074J545,363,92.39669421487604,0.38567493112947654,-0.17520661157024803,0.24793388429752067,0.05672762444892714,0.05234159779614325
A0A074L4E0,731,88.05745554035568,0.4309165526675786,-0.40410396716826236,0.2777017783857729,0.038157701992714954,0.11354309165526676
A0A074RZX9,490,58.0204081632653,0.2489795918367347,-0.47387755102040807,0.1306122448979592,0.052706350516002996,0.03877551020408164
A0A074VHB6,610,82.0655737704918,0.34262295081967215,-0.15737704918032802,0.12950819672131147,0.2076083105017461,0.0901639344262295
A0A074W1Q0,640,96.37500000000001,0.39062500000000006,0.1096875,0.1671875,0.007968929671275375,0.1046875
A0A074W8Y2,433,80.85450346420325,0.40415704387990764,-0.5390300230946883,0.2632794457274827,0.2787536009528289,0.10161662817551964
A0A075H5Y0,709,102.72214386459804,0.4245416078984485,-0.23610719322990123,0.27926657263751764,0.00868617918509262,0.06346967559943582
A0A075MJ80,437,99.56521739130434,0.4553775743707094,-0.42562929061784915,0.28832951945080093,-0.04074496769005942,0.08695652173913043
A0A075V3N4,662,97.94561933534742,0.4335347432024169,-0.09063444108761326,0.25528700906344415,0.09691001300805634,0.061933534743202415
A0A075WXW4,628,90.35031847133759,0.45859872611464964,-0.3920382165605095,0.2945859872611465,0.03252922482691995,0.12579617834394904
A0A077X878,439,76.81093394077449,0.3917995444191344,-0.8772209567198177,0.2938496583143508,0.12687323638549966,0.09111617312072894
A0A078I2J2,554,79.53068592057761,0.3555956678700361,-0.37436823104693145,0.1787003610108303,-0.11242217918630398,0.10830324909747294
A0A078L4P7,771,88.0674448767834,0.3761348897535668,-0.5690012970168612,0.2529182879377432,0.03970937110547353,0.08560311284046693
A0A084QTK4,542,62.195571955719565,0.34317343173431736,-0.767158671586716,0.2896678966789668,0.2408933802197053,0.07380073800738007
A0A084QX66,503,90.95427435387673,0.39960238568588463,-0.10417495029821061,0.1749502982107356,0.25827801524303123,0.09542743538767395
A0A084WJ30,763,97.40498034076015,0.3944954128440367,-0.11022280471821772,0.20838794233289645,-0.037788560889399754,0.07339449541284404
A0A086AU28,520,99.98076923076923,0.36346153846153845,-0.25500000000000006,0.24807692307692308,-0.16781873308969134,0.11538461538461539
A0A086KJC8,635,69.05511811023621,0.32125984251968503,-0.403779527559055,0.1937007874015748,-0.07663405703374492,0.06771653543307087
A0A086T5E7,687,83.44978165938866,0.3697234352256186,-0.35254730713246,0.2197962154294032,-0.02839537155946519,0.061135371179039305
A0A087CQM0,608,72.58223684210526,0.3881578947368421,-0.5990131578947369,0.26480263157894735,0.25776130550700066,0.10855263157894737
A0A087INU1,323,106.03715170278636,0.3560371517027864,0.1705882352941177,0.19195046439628483,0.054357662322592676,0.03715170278637771
A0A087YJC4,517,56.07350096711799,0.3017408123791102,-0.734622823984526,0.218568665377176,0.1448335653252391,0.10251450676982592
A0A088F4Q1,648,117.66975308641973,0.43672839506172845,0.41296296296296303,0.16820987654320987,-0.13408211604816977,0.11728395061728394
A0A089IL29,367,98.03814713896458,0.3950953678474114,0.008446866485013582,0.2098092643051771,0.033000260102925345,0.05994550408719346
A0A089M3R2,508,97.67716535433071,0.4822834645669291,-0.2864173228346459,0.2795275590551181,0.109144469425068,0.09055118110236221
A0A089NYD9,714,109.67787114845937,0.4131652661064426,0.30140056022408956,0.19747899159663868,-0.04255235068546375,0.0546218487394958
A0A089P7Q3,363,95.12396694214877,0.38292011019283745,-0.30853994490358144,0.2644628099173554,0.12493873660829992,0.10192837465564739
A0A090AQ61,371,111.40161725067384,0.40431266846361186,-0.04959568733153641,0.21293800539083557,-0.16272729749769974,0.07277628032345014
A0A090LMA6,589,79.7453310696095,0.2750424448217317,0.003565365025466838,0.0967741935483871,0.42934847292366174,0.030560271646859087
A0A091DRQ6,756,70.84656084656085,0.32275132275132273,-0.3735449735449738,0.1917989417989418,-0.1009004957408611,0.07142857142857142
A0A091EU59,797,60.30112923462987,0.2973651191969887,-0.19849435382685066,0.1618569636135508,0.07310709833543166,0.09535759096612295
A0A091FNS9,655,72.8702290076336,0.3465648854961832,-0.46854961832061065,0.2732824427480916,0.024000276403766514,0.10534351145038168
A0A091FPM9,510,66.68627450980394,0.32352941176470584,-0.7662745098039214,0.2901960784313726,-0.05799194697768681,0.07450980392156863
A0A091GGK0,736,92.8125,0.43885869565217395,-0.354891304347826,0.26766304347826086,0.1453798968508446,0.08423913043478261
A0A091GJU5,429,90.95571095571096,0.35664335664335667,-0.2666666666666667,0.21445221445221443,0.20712549279565,0.03496503496503497
A0A091HTF4,387,95.63307493540051,0.4263565891472868,0.05607235142118855,0.1937984496124031,-0.01128101040968901,0.1111111111111111
A0A091J3T2,748,70.68181818181817,0.35294117647058826,-0.4310160427807488,0.2286096256684492,0.48047489672725024,0.030748663101604276
A0A091JHQ4,647,84.25038639876352,0.38176197836166925,-0.25502318392581147,0.2117465224111283,0.08147304282720971,0.08964451313755797
A0A091KFD3,431,64.57076566125289,0.408352668213457,-0.9561484918793505,0.2877030162412993,0.02758352163208857,0.060324825986078884
A0A091NQ40,512,115.68359374999999,0.4140625,0.7121093749999998,0.09375,-0.06963592814139442,0.130859375
A0A091PJS6,673,73.6106983655275,0.37592867756315007,-0.698811292719168,0.2838038632986627,0.06764333265386764,0.06537890044576523
A0A091U8W4,365,83.6164383561644,0.4328767123287671,-0.5191780821917809,0.2547945205479452,0.3148182801496145,0.09315068493150686
A0A093FM75,725,82.9655172413793,0.3682758620689655,-0.3041379310344829,0.25517241379310346,0.023229840718474823,0.0910344827586207
A0A094ANW3,340,87.91176470588233,0.34705882352941175,-0.0026470588235293913,0.15,-0.016390416188169374,0.12352941176470589
A0A094BTH2,726,78.22314049586777,0.349862258953168,-0.3909090909090911,0.2231404958677686,-0.05302852744613664,0.09641873278236915
A0A094GB97,374,93.6096256684492,0.39572192513368987,-0.15588235294117636,0.20588235294117646,0.14424389180368663,0.07754010695187166
A0A094HBW4,516,79.01162790697673,0.372093023255814,-0.34670542635658924,0.24806201550387597,-0.04011722320798246,0.07945736434108527
A0A095ABX8,570,101.15789473684211,0.44561403508771924,-0.4445614035087718,0.2824561403508772,0.22327033675115054,0.0736842105263158
A0A095TSN0,704,85.7528409090909,0.39488636363636365,-0.26818181818181813,0.2585227272727273,0.12356220777949671,0.06960227272727273
A0A095ZHN6,424,71.76886792452831,0.41273584905660377,-0.6341981132075473,0.28773584905660377,-0.08432088570003586,0.10141509433962265
A0A096AVV7,318,72.9245283018868,0.38679245283018865,-0.6654088050314466,0.2672955974842767,-0.19279695255853385,0.11320754716981132
A0A096D5P3,664,91.40060240963855,0.4322289156626506,-0.27575301204819297,0.25301204819277107,0.05115252244738129,0.10090361445783133
A0A097QS30,339,118.67256637168143,0.5014749262536873,0.3477876106194693,0.2359882005899705,0.021189299069938092,0.07079646017699115
A0A098BF13,765,95.86928104575163,0.4274509803921569,-0.25281045751633985,0.25882352941176473,0.14910776937008774,0.0522875816993464
A0A098E2K8,699,80.80114449213161,0.351931330472103,-0.31602288984263227,0.21316165951359084,0.06338697886439296,0.0844062947067239
A0A098LY11,408,81.00490196078431,0.3700980392156863,-0.4448529411764707,0.2352941176470588,0.03547231816221895,0.09558823529411764
A0A098M7H9,675,90.71111111111112,0.41777777777777775,-0.2546666666666667,0.2651851851851852,0.11097308047147607,0.09777777777777777
A0A098TMH3,360,101.33333333333331,0.39166666666666666,0.1019444444444445,0.18888888888888888,0.07463361829690418,0.049999999999999996
A0A099F6I9,614,110.92833876221499,0.45276872964169385,0.26254071661237793,0.19055374592833876,0.007299238741499424,0.07817589576547232
A0A099YVN8,403,83.97022332506204,0.3498759305210918,0.04218362282878413,0.16129032258064518,-0.06494080693301456,0.11166253101736973
A0A099ZEV0,490,84.16326530612244,0.3551020408163265,-0.27857142857142875,0.2530612244897959,0.0,0.06530612244897958
A0A0A0A185,466,81.26609442060087,0.37124463519313305,-0.37060085836909895,0.2188841201716738,-0.016705693502852677,0.06652360515021459
A0A0A0JLE9,309,96.2135922330097,0.4368932038834952,-0.23009708737864087,0.25566343042071193,0.16272729749769974,0.08414239482200647
A0A0A0KWV2,651,81.12135176651304,0.3932411674347158,-0.4720430107526882,0.26881720430107525,-0.03436890163126249,0.07219662058371737
A0A0A1DNF9,306,97.77777777777777,0.4084967320261438,0.02418300653594757,0.2156862745098039,-0.10266234189714772,0.042483660130718956
A0A0A1MZE3,554,94.00722021660648,0.4259927797833935,-0.4711191335740075,0.2563176895306859,0.048304679574554955,0.09205776173285199
A0A0A1NCZ8,585,89.35042735042737,0.4017094017094017,-0.49401709401709404,0.29572649572649573,0.034762106259212,0.0547008547008547
A0A0A1W0X3,602,117.89036544850498,0.4485049833887043,0.4272425249169434,0.13289036544850497,-0.21620848226366363,0.1511627906976744
A0A0A1W389,390,88.94871794871794,0.3435897435897436,0.006666666666666765,0.20769230769230768,0.05238806945968822,0.035897435897435895
A0A0A1WZU8,675,73.4074074074074,0.2859259259259259,-0.6360000000000001,0.2,-0.10833947478883828,0.06518518518518518
A0A0A2E2V0,574,76.01045296167247,0.33623693379790937,-0.33937282229965143,0.2421602787456446,0.030813947414219566,0.10801393728222997
A0A0A2KLR1,682,87.82991202346041,0.38269794721407624,-0.2680351906158358,0.22580645161290325,0.01113636611795956,0.05865102639296187
A0A0A3ALT6,664,83.13253012048193,0.3509036144578313,-0.21069277108433737,0.21234939759036145,0.11609332938039585,0.08734939759036145
A0A0A6ULB4,678,96.01769911504424,0.3967551622418879,-0.05309734513274339,0.20796460176991152,0.018224820106199007,0.051622418879056046
A0A0A7ER51,346,124.36416184971097,0.3815028901734104,0.7375722543352602,0.06647398843930635,-0.4101744650890493,0.09248554913294799
A0A0A7RXD6,637,90.8320251177394,0.3563579277864992,-0.39356357927786495,0.2857142857142857,0.15261016320615842,0.03610675039246468
A0A0A7S7P0,418,84.49760765550238,0.3564593301435407,-0.28923444976076546,0.22248803827751198,0.06411749961174888,0.0813397129186603
A0A0A9DSD2,574,87.94425087108013,0.40069686411149824,-0.27874564459930323,0.2229965156794425,0.08040633707693107,0.08710801393728224
A0A0A9XT78,374,100.42780748663101,0.4385026737967914,0.1665775401069517,0.21657754010695185,0.6927210550590174,0.09090909090909091
A0A0B0HD55,690,91.71014492753622,0.3913043478260869,-0.2569565217391303,0.27246376811594203,0.14769588749621598,0.06666666666666667
A0A0B0NML4,482,88.17427385892115,0.35892116182572614,-0.057883817427385686,0.1763485477178423,0.00998422090660083,0.08713692946058091
A0A0B2WWS2,735,88.96598639455782,0.3918367346938775,-0.43156462585034017,0.2789115646258503,-0.020984491482127714,0.042176870748299324
A0A0B4UIJ9,438,78.63013698630137,0.38812785388127846,-0.28333333333333316,0.2374429223744292,0.032792513396307454,0.09817351598173515
A0A0B4XRG9,321,82.2429906542056,0.38006230529595014,-0.23925233644859809,0.18691588785046728,0.02802872360024353,0.09968847352024922
A0A0B5DKB6,347,112.85302593659941,0.3919308357348703,0.740057636887608,0.12391930835734871,-0.09691001300805639,0.07780979827089338
A0A0B5DYQ7,659,89.93930197268588,0.40819423368740515,-0.1927162367223066,0.24582701062215478,0.09571853220063765,0.06525037936267071
A0A0B5G9L4,355,126.02816901408448,0.4563380281690141,1.1185915492957745,0.059154929577464786,-0.1918855262389132,0.1915492957746479
A0A0B5Q966,612,130.96405228758167,0.4477124183006536,0.6088235294117644,0.15359477124183007,-0.16481024864599225,0.08496732026143791
A0A0B7ACZ0,708,60.32485875706215,0.33474576271186446,-1.2310734463276833,0.422316384180791,0.14860265480609344,0.043785310734463276
A0A0B7IT42,337,105.34124629080117,0.41839762611275966,-0.15133531157270025,0.25816023738872407,0.029289376101987598,0.06528189910979229
A0A0B7NMN2,406,78.07881773399015,0.3472906403940887,-0.4879310344827589,0.26108374384236455,0.0160868198934548,0.1059113300492611
A0A0C1DEJ6,430,97.953488372093,0.4046511627906977,0.1241860465116279,0.2116279069767442,-0.14132915279646932,0.10465116279069767
A0A0C1NKQ2,717,100.75313807531381,0.4407252440725244,-0.21562064156206429,0.2510460251046025,0.11521013341473073,0.06694560669456068
A0A0C2EZU7,332,77.86144578313252,0.3313253012048193,-0.3478915662650604,0.2319277108433735,0.010995384301463147,0.10843373493975902
A0A0C2FM16,356,90.02808988764043,0.351123595505618,0.09634831460674143,0.20786516853932582,0.06871581236945988,0.07303370786516854
A0A0C3CIE0,701,76.3052781740371,0.333808844507846,-0.42681883024251077,0.19543509272467904,0.006248949277001542,0.07703281027104136
A0A0C3G4G6,300,104.2,0.4433333333333333,0.1286666666666666,0.18333333333333335,0.04575749056067514,0.12000000000000001
A0A0C4F6Q7,305,60.19672131147541,0.27868852459016397,-0.9921311475409834,0.2819672131147541,0.09913147300201446,0.029508196721311476
A0A0C9PU82,741,85.62753036437246,0.4251012145748988,-0.3439946018893387,0.25371120107962214,0.14769588749621604,0.0796221322537112
A0A0C9RB20,739,89.53991880920162,0.422192151556157,-0.5115020297699593,0.3139377537212449,-9.643274665532872e-17,0.06495263870094722
A0A0C9SMI7,455,91.07692307692308,0.3472527472527472,-0.03758241758241762,0.18681318681318682,0.0700378666077551,0.07912087912087912
A0A0C9ZIT9,309,91.55339805825243,0.3786407766990292,-0.21585760517799346,0.1844660194174757,-0.04420366249205337,0.05825242718446602
A0A0D0CL84,757,88.62615587846764,0.3421400264200793,-0.09484808454425375,0.1809775429326288,0.006248949277001447,0.06472919418758256
A0A0D0HBS4,388,101.8298969072165,0.3865979381443299,0.01958762886597948,0.24742268041237114,0.12493873660829992,0.04896907216494845
A0A0D0KIF5,486,101.79012345679013,0.39917695473251025,-0.03683127572016459,0.21193415637860083,0.10809417996057018,0.043209876543209874
A0A0D0V0J7,422,99.97630331753552,0.41706161137440756,0.34099526066350705,0.14928909952606634,0.06694678963061323,0.11848341232227487
A0A0D1YLW1,596,70.62080536912751,0.3187919463087248,-0.2691275167785234,0.16946308724832215,0.1972805581256193,0.1174496644295302
A0A0D1Z252,526,103.72623574144487,0.4106463878326996,0.40532319391634974,0.15779467680608364,0.010219165181686028,0.1311787072243346
A0A0D1ZZU9,768,83.21614583333333,0.4166666666666667,-0.5248697916666668,0.2734375,0.1658720938739953,0.0703125
A0A0D2DCG6,344,79.44767441860463,0.36627906976744184,-0.3372093023255815,0.2180232558139535,0.12493873660829992,0.0872093023255814
A0A0D2G177,305,102.39344262295083,0.3704918032786885,0.26459016393442625,0.18032786885245902,-0.10720996964786843,0.08196721311475409
A0A0D2HAG4,473,107.7167019027484,0.38054968287526425,0.6522198731501057,0.12684989429175475,-0.02802872360024349,0.12896405919661735
A0A0D2Q2K0,744,80.38978494623655,0.3669354838709677,-0.5823924731182796,0.26881720430107525,0.0,0.05645161290322581
A0A0D2UN45,776,52.34536082474226,0.24742268041237114,-0.7496134020618559,0.16237113402061853,9.64327466553287e-17,0.07087628865979381
A0A0D2VV83,537,86.10800744878956,0.3314711359404097,-0.14525139664804454,0.23091247672253257,0.09691001300805642,0.074487895716946
A0A0D2XL17,418,86.81818181818181,0.3253588516746411,-0.10239234449760765,0.1626794258373206,-0.049687784189107576,0.07655502392344499
A0A0D3IUY6,429,85.7109557109557,0.37296037296037293,-0.11445221445221443,0.2097902097902098,-0.0947863193782008,0.0675990675990676
A0A0D3JH57,732,83.23770491803279,0.3729508196721312,-0.3579234972677598,0.26639344262295084,0.11082452754308975,0.04508196721311475
A0A0D3LEX4,328,97.71341463414635,0.4176829268292683,-0.19329268292682916,0.3048780487804878,0.03407978957227542,0.06097560975609756
A0A0D3QNA8,603,107.47927031509121,0.34328358208955223,0.5207296849087893,0.08623548922056386,-0.16272729749769974,0.1111111111111111
A0A0D6B374,769,73.86215864759428,0.38491547464239273,-0.38361508452535764,0.24187256176853056,0.12089875880655984,0.10273081924577374
A0A0D6KVU8,452,100.55309734513276,0.4402654867256637,-0.21460176991150443,0.2676991150442478,0.03532796234174298,0.08407079646017698
A0A0D6LY30,581,100.70567986230637,0.38898450946643714,0.2712564543889845,0.1721170395869191,0.051152522447381374,0.11703958691910499
A0A0D7AJ04,320,99.34375,0.415625,0.013125000000000053,0.215625,-0.061269656738922665,0.078125
A0A0D7BC06,379,90.29023746701847,0.39841688654353563,-0.14511873350923493,0.1820580474934037,0.06126965673892262,0.11345646437994723
A0A0D9NTN5,629,88.58505564387917,0.43084260731319557,-0.26836248012718594,0.22257551669316375,0.08591462870659324,0.11287758346581876
A0A0D9RRC1,485,102.14432989690721,0.43298969072164945,-0.11525773195876307,0.22061855670103092,-0.039871512037692264,0.10927835051546392
A0A0D9VD26,780,91.12820512820512,0.4051282051282051,-0.6617948717948717,0.3307692307692308,0.06694678963061315,0.023076923076923078
A0A0D9VWI6,332,85.42168674698793,0.37349397590361444,-0.26475903614457835,0.24096385542168675,0.0,0.0753012048192771
A0A0D9W7T8,690,75.17391304347825,0.34492753623188405,-0.29855072463768106,0.23768115942028983,0.02093390683564298,0.07101449275362318
A0A0D9XJ76,708,96.80790960451976,0.3954802259887006,0.015395480225988745,0.211864406779661,0.05722667015957447,0.09745762711864406
A0A0D9ZN83,502,87.68924302788844,0.3685258964143426,0.0705179282868526,0.20517928286852588,0.1080941799605701,0.06772908366533864
A0A0E0ENI3,523,75.65965583173995,0.36520076481835567,-0.5279158699808796,0.28107074569789675,-0.029158228741213318,0.07265774378585087
A0A0E0FXV4,322,89.31677018633539,0.40683229813664595,-0.18913043478260883,0.2142857142857143,0.012234456417011682,0.09627329192546583
A0A0E0KXJ4,753,114.01062416998671,0.399734395750332,0.5580345285524568,0.13811420982735725,-0.1489390130120665,0.09561752988047809
A0A0E0UVA2,655,83.03816793893128,0.4076335877862596,-0.4683969465648852,0.2916030534351145,0.031517051446064856,0.06870229007633588
A0A0E2NV63,715,71.83216783216784,0.3664335664335664,-0.4679720279720278,0.2573426573426574,0.16057909287743363,0.1034965034965035
A0A0E3RHE9,494,127.06477732793522,0.45546558704453444,0.844331983805668,0.1194331983805668,0.014240439114610287,0.13360323886639675
A0A0E4H8V3,511,87.06457925636006,0.38551859099804303,-0.5561643835616437,0.2896281800391389,-0.2624958646654558,0.11741682974559686
A0A0E9LSE2,336,96.13095238095238,0.3839285714285714,-0.20148809523809527,0.23511904761904762,0.09691001300805642,0.08630952380952381
A0A0F0CHE4,687,63.60989810771471,0.3435225618631732,-0.6001455604075691,0.25473071324599705,0.02454294107752592,0.10480349344978165
A0A0F0EW80,499,91.34268537074148,0.38677354709418843,-0.09178356713426855,0.21042084168336672,0.05690485133647256,0.052104208416833664
A0A0F4GA66,711,76.17440225035162,0.369901547116737,-0.40618846694796085,0.22925457102672292,0.11115045212266669,0.13220815752461323
A0A0F4GY77,698,96.44699140401146,0.4097421203438396,-0.029799426934097206,0.20057306590257878,-0.061269656738922665,0.09312320916905445
A0A0F4VFG6,429,77.17948717948718,0.34265734265734266,-0.4857808857808859,0.24009324009324012,-0.04139268515822506,0.07925407925407926
A0A0F4YYT1,629,82.70270270270271,0.36565977742448336,-0.2836248012718603,0.2066772655007949,-0.026328938722349156,0.08108108108108109
A0A0F5QIN8,405,99.20987654320986,0.35802469135802467,-0.009629629629629655,0.18765432098765433,0.11197375944393234,0.034567901234567905
A0A0F6NE12,754,111.3527851458886,0.3992042440318303,0.5724137931034481,0.1273209549071618,-0.08894108333678098,0.15915119363395225
A0A0F6W6E2,681,76.76945668135096,0.37738619676945667,-0.31439060205580044,0.22026431718061673,0.11495451570169904,0.10425844346549193
A0A0F7RSS9,640,50.28125,0.175,-0.5179687500000001,0.1109375,-0.011899223299707707,0.0765625
A0A0F7S3H0,622,66.67202572347267,0.34726688102893893,-0.6419614147909968,0.2540192926045016,0.02171924969323621,0.057877813504823156
A0A0F9FPF6,309,82.42718446601943,0.3333333333333333,-0.00517799352750814,0.16828478964401294,0.12963385781667985,0.08737864077669903
A0A0F9MYM0,340,100.23529411764707,0.3735294117647059,-0.10264705882352948,0.2529411764705882,0.09913147300201446,0.03823529411764706
A0A0F9S8K7,799,105.39424280350438,0.4080100125156445,0.11163954943679591,0.21151439299123903,0.035576154261196126,0.1113892365456821
A0A0F9U440,566,96.2720848056537,0.42049469964664304,-0.15459363957597172,0.19787985865724383,0.3182890011054869,0.10424028268551236
A0A0F9U7M8,516,106.56976744186046,0.45348837209302323,-0.24709302325581384,0.29069767441860467,0.011429461780781804,0.08139534883720931
A0A0F9W802,402,88.33333333333334,0.3706467661691542,-0.12064676616915437,0.2164179104477612,0.04884856753781701,0.07213930348258707
A0A0G0I088,473,85.4968287526427,0.4249471458773784,-0.6050739957716701,0.3192389006342495,0.01703333929878037,0.07610993657505286
A0A0G0N5J0,738,96.31436314363143,0.40785907859078596,-0.3696476964769647,0.26558265582655827,-0.035113619416324425,0.12601626016260165
A0A0G0Q0S8,643,95.11664074650079,0.36080870917573865,-0.12270606531881817,0.2223950233281493,-0.053981812466245574,0.05754276827371695
A0A0G0X8V3,745,103.40939597315435,0.39194630872483227,0.06496644295301995,0.21073825503355706,0.016390416188169384,0.07785234899328859
A0A0G1BH32,394,91.6243654822335,0.4543147208121827,-0.41015228426395933,0.3299492385786802,0.15970084286751188,0.04568527918781726
A0A0G2DPS6,352,74.82954545454545,0.3863636363636364,-0.6843750000000001,0.2670454545454546,-0.03621217265444476,0.08238636363636363
A0A0G3G465,440,88.0,0.37272727272727274,-0.34886363636363654,0.28409090909090906,0.07542109717431805,0.04772727272727272
A0A0G3HE32,309,105.01618122977345,0.4530744336569579,-0.29935275080906176,0.28478964401294493,0.11650556907143708,0.04854368932038835
A0A0G4B5K8,699,88.48354792560801,0.36909871244635195,-0.26137339055793996,0.1945636623748212,0.10116089016171487,0.07725321888412018
A0A0G4GS10,313,70.47923322683705,0.2779552715654952,-0.05239616613418535,0.20447284345047922,0.10580372616803896,0.06070287539936102
A0A0G4HIA9,794,83.04785894206549,0.3879093198992444,-0.445088161209068,0.26322418136020154,-0.03707131137558246,0.0982367758186398
A0A0G4I0E0,415,62.3132530120482,0.3493975903614458,-0.5850602409638553,0.236144578313253,-0.12240640009290486,0.10602409638554217
A0A0G4IQS0,792,90.49242424242424,0.4053030303030303,-0.4488636363636365,0.27272727272727276,-0.06386448796351905,0.05176767676767677
A0A0H3CDM3,330,123.90909090909092,0.3727272727272728,0.9130303030303029,0.10303030303030303,0.04830467957455504,0.07575757575757576
A0A0H3CZV2,427,111.05386416861826,0.43325526932084313,0.023419203747072515,0.23653395784543327,0.09311702399091731,0.01873536299765808
A0A0H3U131,734,92.98365122615803,0.3637602179836512,0.12452316076294281,0.11716621253405995,0.0593140012159821,0.14986376021798364
A0A0H4HXT4,302,80.2317880794702,0.3344370860927153,-0.4500000000000002,0.16556291390728475,-0.10067016188136325,0.07947019867549669
A0A0J0XEN5,615,86.99186991869918,0.408130081300813,-0.20601626016260166,0.23252032520325205,0.06601979998965399,0.06991869918699187
A0A0J1BSH5,720,86.0138888888889,0.35000000000000003,-0.3625000000000001,0.23750000000000002,-0.02511072058303114,0.07777777777777778
A0A0J1JBZ2,432,113.54166666666667,0.412037037037037,0.6682870370370371,0.1388888888888889,-0.028028723600243593,0.14351851851851852
A0A0J6BUG4,764,102.47382198952879,0.4096858638743455,0.013350785340314253,0.20549738219895286,-0.027323127211234845,0.07460732984293193
A0A0J6FF15,698,72.44985673352436,0.37965616045845274,-0.5713467048710603,0.26504297994269344,0.10737544668622147,0.0988538681948424
A0A0J6FI00,621,53.285024154589365,0.32045088566827695,-0.8856682769726248,0.2222222222222222,-0.0871501757189002,0.05636070853462158
A0A0J6GAV2,398,92.06030150753767,0.3743718592964824,-0.11934673366834164,0.2135678391959799,0.09017663034908804,0.07788944723618091
A0A0J6I6V0,526,61.44486692015209,0.30988593155893535,-0.815019011406844,0.2566539923954373,-0.10833947478883821,0.04182509505703422
A0A0J6IKS9,748,75.18716577540107,0.33957219251336895,-0.5264705882352944,0.18850267379679148,0.030382628993720826,0.07754010695187166
A0A0J6NED5,488,88.05327868852459,0.375,-0.03954918032786897,0.2069672131147541,0.17960783277851833,0.09836065573770492
A0A0J6PUI2,335,97.22388059701493,0.373134328358209,-0.11432835820895526,0.2328358208955224,0.10914446942506809,0.050746268656716415
A0A0J6RYB1,639,86.9170579029734,0.34741784037558693,-0.3486697965571202,0.27543035993740217,0.08813608870055123,0.046948356807511735
A0A0J7Z8J3,683,77.64275256222548,0.3923865300146413,-0.332650073206442,0.22693997071742314,0.13949745677922495,0.10248901903367497
A0A0J8DA20,702,112.06552706552706,0.41168091168091175,0.3562678062678064,0.19943019943019943,-4.8216373327664354e-17,0.10256410256410256
A0A0J9FB86,325,69.26153846153846,0.37538461538461537,-0.49723076923076953,0.24615384615384617,0.1938200260161128,0.14461538461538462
A0A0J9WQE7,536,87.76119402985074,0.37126865671641784,-0.28955223880597025,0.2126865671641791,0.014977155969652744,0.06529850746268656
A0A0J9XK53,611,90.85106382978724,0.3617021276595745,-0.28281505728314227,0.265139116202946,0.2162084822636637,0.07528641571194764
A0A0K0DCD0,471,83.01486199575372,0.4394904458598726,-0.662208067940552,0.31210191082802546,-0.08773904968289023,0.08280254777070063
A0A0K0EDX1,325,86.12307692307692,0.4,-0.6039999999999999,0.31384615384615383,-0.18655669273384617,0.11692307692307694
A0A0K0XDV1,415,111.44578313253012,0.4048192771084338,0.44240963855421683,0.15903614457831325,-0.10266234189714772,0.05301204819277108
A0A0K1PDA9,704,97.7840909090909,0.31960227272727276,0.4285511363636364,0.13920454545454544,0.26884531229257996,0.06818181818181818
A0A0K1QE29,520,67.25000000000001,0.3519230769230769,-0.3334615384615385,0.22115384615384615,-0.05202900000400993,0.07692307692307693
A0A0K1QIG7,360,96.44444444444444,0.41388888888888886,-0.11611111111111122,0.21666666666666665,0.0871501757189002,0.06944444444444445
A0A0K1ZVB6,750,99.27999999999999,0.3693333333333334,0.25373333333333326,0.12266666666666666,0.036983566253170036,0.13066666666666665
A0A0K2GGT9,557,93.213644524237,0.3500897666068223,0.012567324955116754,0.22980251346499103,-0.05351925572648821,0.04129263913824058
A0A0K3B3C5,386,70.82901554404144,0.3316062176165803,-0.33963730569948186,0.20466321243523317,-0.07525095241919241,0.09326424870466321
A0A0K6G954,784,72.83163265306123,0.35204081632653056,-0.4737244897959183,0.2308673469387755,-0.023737846954785938,0.06377551020408163
A0A0K8QXY2,358,90.36312849162012,0.4106145251396648,-0.24441340782122928,0.23743016759776536,0.029963223377443293,0.08100558659217877
A0A0K8WDA5,437,82.35697940503431,0.3752860411899314,-0.47894736842105257,0.30434782608695654,0.07093117062220206,0.08009153318077802
A0A0K9NXJ0,545,81.68807339449542,0.3559633027522936,-0.2374311926605504,0.24036697247706423,0.11163326982876277,0.11559633027522936
A0A0L0CZ69,576,67.34375,0.3298611111111111,-0.6253472222222223,0.2361111111111111,0.02518354601824892,0.11805555555555555
A0A0L0NN24,392,92.55102040816325,0.4489795918367347,-0.8441326530612246,0.3163265306122449,0.055222791058682275,0.061224489795918366
A0A0L0QJL7,572,99.87762237762237,0.39860139860139865,-0.14213286713286716,0.23776223776223776,0.15261016320615842,0.04020979020979021
A0A0L8L4G0,441,104.05895691609976,0.46485260770975056,-0.10793650793650766,0.2562358276643991,0.0681158198974649,0.045351473922902494
A0A0L8VPQ7,751,84.26098535286283,0.3794940079893475,-0.4671105193075899,0.24234354194407454,0.04725248164762636,0.10652463382157124
A0A0L8VSW3,647,86.8160741885626,0.3647604327666151,-0.5636785162287481,0.2874806800618238,0.06480212116402398,0.08500772797527048
A0A0L9UQM5,374,76.60427807486631,0.339572192513369,-0.3403743315508021,0.2192513368983957,0.02068459885985105,0.09358288770053476
A0A0M0T4J7,556,103.48920863309353,0.4568345323741007,0.1996402877697841,0.16366906474820142,-0.1605790928774337,0.17805755395683454
A0A0M2K632,713,87.6297335203366,0.4025245441795231,-0.2426367461430573,0.26928471248246844,0.13540417028646495,0.06030855539971949
A0A0M2WMP6,543,90.1841620626151,0.3627992633517495,-0.22486187845303868,0.23756906077348067,0.019894828716939265,0.06813996316758747
A0A0M3JZW4,678,43.12684365781711,0.3126843657817109,-1.2589970501474927,0.3053097345132743,-0.04575749056067517,0.045722713864306784
A0A0M3VVA0,376,85.61170212765957,0.40957446808510645,-0.22500000000000003,0.23936170212765956,0.01888534416037372,0.10106382978723404
A0A0M4EWS8,582,69.34707903780068,0.3333333333333333,-0.7766323024054984,0.23195876288659795,0.06989117027739443,0.06529209621993128
A0A0M4G163,407,130.73710073710072,0.45208845208845205,0.8894348894348892,0.11793611793611794,-0.21260809288144372,0.15233415233415235
A0A0M8V2L9,779,92.05391527599485,0.2939666238767651,0.3849807445442875,0.14505776636713735,0.11394335230683672,0.051347881899871634
A0A0M8YTG9,500,106.19999999999999,0.43799999999999994,0.35600000000000015,0.166,-0.07169322465507487,0.10800000000000001
A0A0M9AT46,438,82.73972602739725,0.317351598173516,-0.1449771689497717,0.20776255707762556,0.3881801713828814,0.05251141552511415
A0A0M9DYC0,326,88.52760736196319,0.3159509202453988,0.03711656441717792,0.1165644171779141,0.1312789146393189,0.10736196319018405
A0A0M9G2T8,739,82.20568335588634,0.36400541271989173,-0.4506089309878214,0.3112313937753721,0.03746239152979263,0.013531799729364006
A0A0N0JDX1,549,84.26229508196721,0.3843351548269581,-0.20218579234972672,0.1912568306010929,-0.024359345859444697,0.09107468123861567
A0A0N1DHR4,591,99.86463620981387,0.39255499153976314,-0.07225042301184448,0.2284263959390863,0.10833947478883828,0.06429780033840947
A0A0N4VEW5,773,87.95601552393273,0.4062095730918499,-0.1614489003880984,0.22380336351875807,-0.03476210625921192,0.11772315653298834
A0A0N7ALE9,592,122.97297297297298,0.3986486486486487,0.41959459459459447,0.11824324324324326,-0.2218487496163563,0.10472972972972974
A0A0N7KE50,779,108.33119383825418,0.45057766367137353,0.051732991014120655,0.25288831835686776,0.10969877005156316,0.07188703465982028
A0A0N9N737,721,116.78224687933425,0.391123439667129,0.6570041608876558,0.13869625520110956,0.10266234189714771,0.07073509015256588
A0A0N9W1Q6,774,93.19121447028424,0.39276485788113696,-0.31757105943152447,0.2803617571059432,0.02777257821864943,0.050387596899224806
A0A0N9WWC1,797,113.31242158092847,0.4052697616060225,0.3017565872020074,0.1806775407779172,0.05958568998424405,0.04642409033877039
A0A0P0UQF8,631,95.70522979397782,0.37876386687797153,-0.18351822503961973,0.24564183835182252,0.04984637264509783,0.08082408874801902
A0A0P1AYL5,701,92.41084165477889,0.4051355206847361,-0.33694721825962914,0.24393723252496435,-0.0452275399373769,0.07703281027104136
A0A0P1FUA4,464,97.50000000000001,0.38362068965517243,0.10237068965517249,0.2306034482758621,0.023912157405411364,0.0581896551724138
A0A0P4RER6,556,97.7338129496403,0.4244604316546762,-0.04766187050359705,0.25539568345323743,0.19629464514396822,0.06115107913669065
A0A0P6JXY0,647,73.49304482225656,0.34775888717156106,-0.11143740340030928,0.18083462132921174,0.12493873660829992,0.08037094281298299
A0A0P7UVN9,683,79.0190336749634,0.31771595900439237,-0.4039531478770133,0.22547584187408493,0.03342375548694973,0.060029282576866766
A0A0P7ZAT6,657,82.67884322678842,0.3637747336377473,-0.5386605783866059,0.2907153729071537,0.20631524166155457,0.0578386605783866
A0A0P9R7M5,512,83.125,0.400390625,-0.2673828125,0.2265625,0.08863748704206652,0.115234375
A0A0Q0D1Z9,683,108.25768667642753,0.45827232796486095,-0.16207906295754038,0.2342606149341142,0.08606714652445688,0.06881405563689605
A0A0Q4ICM8,328,102.62195121951221,0.41768292682926833,0.12499999999999989,0.25,0.06214790674884452,0.042682926829268296
A0A0Q4K949,582,96.42611683848796,0.38316151202749144,0.11941580756013723,0.21649484536082475,0.054357662322592676,0.06701030927835051
A0A0Q4N2Q7,301,97.80730897009967,0.40863787375415284,-0.047840531561461896,0.22591362126245848,-0.12493873660830002,0.04318936877076412
A0A0Q4NME8,435,72.89655172413794,0.38850574712643676,-0.5291954022988505,0.24597701149425283,-0.05585781746500082,0.11264367816091954
A0A0Q5C3A8,373,135.25469168900804,0.47453083109919575,0.8924932975871313,0.13672922252010725,-0.18293068358598671,0.05630026809651474
A0A0Q5J919,618,76.84466019417475,0.3365695792880259,-0.24579288025889967,0.18122977346278318,0.20164536352806933,0.08576051779935275
A0A0Q5VW54,737,89.43012211668928,0.34328358208955223,0.006648575305291726,0.22795115332428767,0.010219165181686028,0.0773405698778833
A0A0Q5XWX1,607,103.54200988467875,0.4085667215815486,-0.05518945634266886,0.24546952224052715,0.07496476164646136,0.03789126853377266
A0A0Q6FW37,535,83.75700934579439,0.33084112149532713,-0.12915887850467284,0.18504672897196262,0.4378679555719889,0.08411214953271028
A0A0Q6JKW2,361,103.85041551246536,0.39889196675900274,0.2642659279778393,0.19667590027700832,0.03571555226653449,0.036011080332409975
A0A0Q6UC07,418,89.13875598086125,0.36363636363636365,-0.12320574162679415,0.23205741626794257,0.04390548569908171,0.0813397129186603
A0A0Q6UNZ1,302,99.5364238410596,0.423841059602649,0.025827814569536367,0.22185430463576158,0.012589127308020562,0.049668874172185434
A0A0Q7C4J3,330,101.54545454545456,0.37575757575757573,0.010606060606060563,0.21515151515151515,-0.059585689984244024,0.027272727272727275
A0A0Q7GZ05,609,105.51724137931035,0.41379310344827586,0.11986863711001638,0.1921182266009852,-0.05115252244738121,0.059113300492610835
A0A0Q7K4Z1,335,100.6865671641791,0.3671641791044776,0.03343283582089557,0.21492537313432836,0.0705810742857072,0.050746268656716415
A0A0Q7SUV4,750,82.2,0.39066666666666666,-0.5720000000000001,0.34800000000000003,0.06950297406660644,0.04666666666666667
A0A0Q7XEN8,440,78.97727272727273,0.3522727272727273,-0.26545454545454544,0.22272727272727272,-0.05217801166507157,0.09772727272727272
A0A0Q8CB61,438,75.89041095890411,0.3812785388127854,-0.35365296803652946,0.24885844748858446,0.039152123962148226,0.08904109589041095
A0A0Q8KPW5,484,92.21074380165288,0.371900826446281,-0.045454545454545414,0.22520661157024793,0.05484866800734493,0.047520661157024795
A0A0Q8ZU14,482,105.78838174273857,0.4211618257261411,0.1599585062240665,0.20954356846473027,0.04219767979445489,0.035269709543568464
A0A0Q9EMG6,605,72.19834710743802,0.3603305785123967,-0.4370247933884298,0.20661157024793392,-0.0068394245303054655,0.1140495867768595
A0A0Q9N3R6,518,81.91119691119691,0.37451737451737455,-0.3940154440154439,0.2528957528957529,0.019595556063380676,0.10617760617760619
A0A0Q9TGY3,490,90.89795918367346,0.37551020408163266,0.01428571428571418,0.22653061224489796,0.19539641425106785,0.055102040816326525
A0A0R0B0Q6,702,73.13390313390313,0.3433048433048433,-0.35840455840455865,0.20512820512820512,0.023802914672624728,0.09116809116809117
A0A0R0D5Y8,495,118.88888888888887,0.4262626262626263,0.83010101010101,0.11313131313131314,-0.02996322337744321,0.1090909090909091
A0A0R1W5Z8,466,71.43776824034335,0.3562231759656653,-0.5549356223175966,0.26394849785407726,0.1330566268304793,0.1223175965665236
A0A0R2RIA6,680,116.85294117647058,0.4426470588235294,0.2883823529411764,0.20441176470588235,0.006160308704818433,0.0661764705882353
A0A0R3EIN6,607,87.52883031301482,0.38385502471169686,-0.19308072487644146,0.21911037891268537,0.006434110005409903,0.06589785831960461
A0A0R3IRF6,733,66.99863574351978,0.23192360163710776,-0.37939972714870407,0.1937244201909959,0.02413367971671937,0.045020463847203276
A0A0R3S8I9,577,83.63951473136915,0.3674176776429809,-0.35407279029462724,0.22183708838821486,0.013363961557981502,0.07972270363951472
A0A0R3ULD8,724,76.07734806629833,0.2361878453038674,-0.14350828729281773,0.08425414364640883,0.069080919143299,0.06906077348066297
A0A0R3WB82,389,98.09768637532133,0.4087403598971722,0.22596401028277635,0.1773778920308483,0.012234456417011588,0.13110539845758357
A0A0R3WHW6,351,73.36182336182335,0.3732193732193732,-0.2715099715099715,0.2393162393162393,-0.02020338608828705,0.09401709401709402
A0A0R3WLY5,685,87.7956204379562,0.36496350364963503,-0.18189781021897838,0.19270072992700726,0.06494080693301461,0.06569343065693431
A0A0S4S265,383,100.28720626631853,0.3994778067885118,-0.13864229765013064,0.24020887728459528,-0.13033376849500614,0.1409921671018277
A0A0S6UIE2,370,84.27027027027027,0.35135135135135137,-0.13054054054054068,0.20270270270270271,0.011281010409689086,0.07567567567567568
A0A0S6XEP5,528,111.38257575757575,0.3920454545454546,0.7604166666666667,0.08522727272727272,-0.05551732784983137,0.125
A0A0S7F2W6,735,69.11564625850339,0.34013605442176875,-0.6810884353741494,0.25986394557823134,0.14998845649147624,0.058503401360544216
A0A0S8JB28,715,93.62237762237761,0.37622377622377623,0.12811188811188817,0.11468531468531469,0.47712125471966244,0.11468531468531468
A0A0S9PYB4,472,88.07203389830507,0.3792372881355932,-0.17372881355932196,0.2648305084745763,0.1309291002974873,0.06779661016949153
A0A0T5PCA6,432,142.22222222222223,0.4652777777777778,1.1935185185185186,0.10185185185185186,-0.03778856088939986,0.09490740740740741
A0A0T5VHA2,327,93.24159021406727,0.3302752293577982,-0.10244648318042804,0.21406727828746178,-0.17107045768063045,0.06422018348623854
A0A0T6ABA5,330,91.06060606060605,0.3787878787878788,0.08666666666666667,0.21515151515151515,-0.059585689984244024,0.09393939393939393
A0A0T6LX81,457,77.81181619256017,0.3304157549234136,-0.33873085339168485,0.21663019693654267,0.06029590188725108,0.08533916849015316
A0A0T7BVQ0,306,96.04575163398692,0.3725490196078432,-0.020261437908496827,0.18300653594771243,-0.05999792967528537,0.1045751633986928
A0A0T8U5B2,303,101.91419141914191,0.44554455445544555,-0.28514851485148546,0.28052805280528054,0.0499739749618387,0.06930693069306931
A0A0U1D989,322,92.91925465838509,0.2888198757763975,0.029503105590062195,0.17080745341614906,0.07638834586345472,0.05590062111801242
A0A0U1HWW5,505,82.29702970297029,0.41188118811881186,-0.393861386138614,0.28910891089108914,0.11809931207799448,0.09108910891089109
A0A0U1WQR0,516,107.18992248062014,0.37209302325581395,0.6992248062015505,0.08139534883720931,0.15970084286751188,0.1492248062015504
A0A0U2VS58,460,92.19565217391303,0.42608695652173906,-0.2821739130434786,0.26956521739130435,0.08297423506476392,0.07608695652173914
A0A0U3TGW6,573,92.87958115183244,0.4397905759162304,-0.4003490401396161,0.3036649214659686,0.13936845203094128,0.05410122164048865
A0A0U5B0R3,332,88.49397590361446,0.42168674698795183,-0.47650602409638554,0.2710843373493976,0.037788560889399754,0.08734939759036145
A0A0U5G0V9,417,85.85131894484412,0.4052757793764988,-0.19760191846522768,0.20623501199040767,-0.11918640771920858,0.12230215827338128
A0A0U5JHI2,618,88.4789644012945,0.38187702265372164,-0.40922330097087356,0.23948220064724918,0.011581872549815232,0.0744336569579288
A0A0V0ZK97,314,76.91082802547771,0.41082802547770697,-0.7152866242038216,0.28343949044585987,-0.009545317906230387,0.10828025477707007
A0A0V1EEN9,634,89.0378548895899,0.4069400630914827,-0.38422712933753944,0.26340694006309145,-0.2041199826559247,0.09779179810725552
A0A0V1F757,712,85.1685393258427,0.39887640449438205,-0.5485955056179774,0.26264044943820225,0.013788284485633285,0.1095505617977528
A0A0V1G0I5,642,83.17757009345794,0.35202492211838005,-0.2448598130841122,0.205607476635514,0.05191779926549349,0.09190031152647975
A0A0V1GZS1,445,86.92134831460675,0.3640449438202247,-0.01550561797752803,0.17752808988764046,-0.053684858962776416,0.11910112359550562
A0A0V1K0H2,715,61.07692307692307,0.24615384615384617,-0.5455944055944055,0.14265734265734265,0.1176394978668005,0.046153846153846156
A0A0V8BDK8,313,89.04153354632587,0.3738019169329073,-0.4661341853035143,0.2715654952076677,-0.009984220906600847,0.09584664536741214
A0A0W0Z3I2,747,95.97054886211512,0.390896921017403,-0.3239625167336013,0.23828647925033467,0.009651385676180839,0.10040160642570281
A0A0W1LFY5,795,105.68553459119497,0.4226415094339623,-0.06314465408805037,0.24654088050314465,0.15970084286751188,0.05408805031446541
A0A0X3TVN0,404,102.64851485148515,0.39603960396039606,0.060891089108910834,0.21534653465346534,-0.02928937610198753,0.051980198019801985
A0A0X6ZPJ4,364,91.75824175824175,0.3598901098901099,0.12609890109890107,0.1291208791208791,0.05324551195322513,0.08516483516483517
A0A0X6ZQL8,511,86.51663405088061,0.3679060665362035,-0.24168297455968668,0.24070450097847357,0.020850138973120158,0.10567514677103718
A0A0X8HST5,549,79.54462659380692,0.36247723132969034,-0.477959927140255,0.23679417122040075,0.039508541283673565,0.09289617486338797
A0A0X8UXS7,773,86.41655886157827,0.36869340232858994,-0.16235446313065993,0.26390685640362227,0.08459549492948454,0.06985769728331177
A0A0Z8JKZ4,618,94.27184466019418,0.4433656957928802,-0.13414239482200646,0.22653721682847897,0.18631042423736727,0.13592233009708737
A0A100WP30,484,76.5909090909091,0.3760330578512397,-0.4407024793388432,0.25826446280991733,0.06165690106409206,0.05785123966942149
A0A100YVE4,656,108.39939024390245,0.43140243902439024,0.3824695121951218,0.1554878048780488,0.05016660946573015,0.10213414634146342
A0A101LNR0,501,112.77445109780437,0.45508982035928147,0.21277445109780443,0.22355289421157687,0.030489322147900354,0.03792415169660679
A0A101MMW6,402,102.33830845771143,0.4029850746268657,-0.051990049751243744,0.23134328358208955,0.10102657920288857,0.08208955223880596
A0A101NHT4,724,88.88121546961327,0.39226519337016574,-0.1846685082872927,0.23066298342541436,0.12943923783497635,0.0718232044198895
A0A101RT68,791,110.89759797724399,0.4108723135271808,0.4905183312262958,0.1504424778761062,0.035912555890644536,0.0695322376738306
A0A103DX89,480,124.20833333333334,0.3708333333333333,1.015,0.07708333333333332,-0.11197375944393231,0.08333333333333334
A0A106BRF6,371,104.93261455525604,0.39622641509433965,0.09919137466307298,0.22102425876010784,0.062147906748844434,0.04582210242587602
A0A106C3B9,618,84.8705501618123,0.3673139158576052,-0.3920711974110033,0.24595469255663427,0.03385826726096742,0.09223300970873785
A0A109D6L5,345,139.7391304347826,0.41449275362318844,1.048695652173913,0.09275362318840578,-0.15490195998574322,0.06956521739130435
A0A116LD17,755,97.1390728476821,0.4132450331125827,-0.296158940397351,0.24105960264900664,0.16236523454892351,0.10331125827814569
A0A117KHB5,484,86.23966942148759,0.41115702479338845,-0.25351239669421494,0.24793388429752064,0.014240439114610193,0.08677685950413223
A0A123SQ87,397,98.94206549118387,0.4105793450881612,-0.16700251889168782,0.21662468513853905,0.24303804868629444,0.055415617128463476
A0A124E3M1,549,89.61748633879782,0.36612021857923494,-0.031693989071038375,0.2058287795992714,0.19188552623891322,0.08561020036429873
A0A125N2C7,771,74.44876783398185,0.3631647211413749,-0.5000000000000001,0.2594033722438392,-0.06894354938668852,0.08171206225680934
A0A125SWC9,516,108.31395348837209,0.37790697674418605,0.7507751937984497,0.07945736434108527,0.14266750356873145,0.1492248062015504
A0A126RTN8,625,83.66399999999999,0.33120000000000005,-0.08960000000000001,0.20639999999999997,-0.03316836325265454,0.07680000000000001
A0A128FEI5,629,84.40381558028616,0.383147853736089,-0.38124006359300494,0.2543720190779014,0.032184683371401235,0.07154213036565978
A0A132NVR4,379,104.40633245382584,0.3905013192612138,0.2593667546174142,0.16094986807387862,0.04139268515822508,0.07651715039577836
A0A132P676,521,61.97696737044145,0.28214971209213047,-0.7003838771593089,0.236084452975048,0.2803453968041302,0.0345489443378119
A0A133MJA3,707,120.56577086280056,0.44130127298444133,0.37142857142857133,0.19943422913719944,-0.018224820106199097,0.08062234794908062
A0A133UYR6,300,119.63333333333333,0.43666666666666665,0.8956666666666665,0.11666666666666667,0.02348109584952281,0.18
A0A134B3F4,691,106.91751085383503,0.4558610709117222,-0.09768451519536905,0.22431259044862517,0.016599261819461766,0.07814761215629523
A0A134CH62,704,89.0625,0.4275568181818182,-0.4137784090909091,0.2784090909090909,0.05270635051600291,0.07386363636363637
A0A135RU43,744,76.49193548387096,0.36693548387096775,-0.6581989247311826,0.28091397849462363,0.0784266073140433,0.053763440860215055
A0A135T1M2,595,56.38655462184874,0.2957983193277311,-0.8250420168067225,0.2184873949579832,-0.052706350516002975,0.043697478991596636
A0A135WRP5,543,117.4585635359116,0.41804788213627997,0.43720073664825065,0.18232044198895025,0.11242217918630404,0.07734806629834254
A0A137Q267,526,85.64638783269962,0.41634980988593157,-0.4994296577946766,0.26235741444866917,9.64327466553287e-17,0.07984790874524714
A0A137QT79,597,73.76884422110552,0.36348408710217756,-0.4427135678391961,0.25125628140703515,0.23408320603336796,0.07537688442211055
A0A137SZJ4,384,95.75520833333333,0.3932291666666667,-0.22291666666666649,0.2109375,0.11579535716843015,0.078125
A0A139QTN6,761,70.22339027595268,0.3626806833114323,-0.511563731931669,0.22207621550591325,0.16975108102466227,0.1287779237844941
A0A139ZRT9,508,102.69685039370077,0.3661417322834646,0.684251968503937,0.0826771653543307,0.20091484278071348,0.1515748031496063
A0A139ZX10,672,112.33630952380953,0.40624999999999994,0.5427083333333333,0.11755952380952381,-0.16272729749769974,0.1517857142857143
A0A146LIT7,349,94.15472779369627,0.3954154727793696,0.16074498567335244,0.17191977077363896,-0.05611594197893134,0.12320916905444126
A0A150FUF3,326,79.07975460122698,0.254601226993865,0.03098159509202454,0.10736196319018407,-0.2662678894047692,0.02147239263803681
A0A150MW23,359,121.75487465181058,0.4428969359331476,0.6779944289693594,0.1615598885793872,-0.146128035678238,0.11420612813370473
A0A150NY03,313,89.45686900958466,0.3833865814696485,-0.36996805111821074,0.268370607028754,-0.2490009956599712,0.134185303514377
A0A151B1C0,352,96.61931818181817,0.4119318181818182,-0.3840909090909089,0.28977272727272724,0.43365556093857216,0.07386363636363635
A0A151B4L6,476,93.97058823529412,0.4075630252100841,-0.2691176470588236,0.31512605042016806,0.04575749056067523,0.04201680672268908
A0A151U6X8,468,79.67948717948718,0.35256410256410253,-0.2820512820512819,0.23076923076923078,-0.06328183554420781,0.042735042735042736
A0A151UET3,424,70.11792452830188,0.35141509433962265,-0.8594339622641509,0.30424528301886794,-0.05976820500348979,0.0849056603773585
A0A154PRV9,700,110.24285714285713,0.44428571428571423,-0.13528571428571412,0.2542857142857143,0.04830467957455504,0.07857142857142857
A0A158G8C5,651,77.00460829493088,0.2380952380952381,-0.09109062980030724,0.04761904761904762,0.2430380486862945,0.05990783410138249
A0A158IW66,394,107.41116751269035,0.42385786802030456,0.0076142131979696215,0.22588832487309646,0.009545317906230456,0.04060913705583756
A0A158PHK8,695,92.41726618705034,0.4302158273381295,-0.2801438848920864,0.24892086330935248,-0.004963419531550048,0.08776978417266187
A0A161UD48,371,88.4366576819407,0.36927223719676555,-0.41967654986522923,0.215633423180593,0.021189299069938092,0.0646900269541779
A0A161Y8M1,519,83.29479768786126,0.36416184971098264,-0.2699421965317921,0.23892100192678228,-0.04139268515822495,0.08477842003853564
A0A162LKT2,489,76.21676891615542,0.38241308793456036,-0.7137014314928427,0.3087934560327198,0.11997531707674983,0.08588957055214724
A0A165AB00,561,102.03208556149733,0.41354723707664887,-0.03939393939393937,0.2049910873440285,0.0819041043830982,0.09447415329768272
A0A165MAQ9,409,60.17114914425428,0.2885085574572127,-0.6442542787286064,0.2713936430317848,-0.1953964142510679,0.044009779951100246
A0A165QZE8,625,73.61599999999999,0.37279999999999996,-0.46303999999999995,0.2336,0.0234810958495229,0.0576
A0A165R3K2,698,71.24641833810888,0.35816618911174786,-0.3177650429799427,0.19054441260744986,0.28663217496333876,0.1160458452722063
A0A166GTP8,547,95.97806215722122,0.38391224862888484,-0.025411334552102482,0.22486288848263256,0.1188645888961068,0.05301645338208409
A0A166J0C1,656,73.07926829268293,0.3826219512195122,-0.7178353658536587,0.2835365853658537,0.23669787065527542,0.03353658536585366
A0A166WS04,773,79.46959896507116,0.37774902975420444,-0.4429495472186286,0.24191461836998707,-0.004595751689149072,0.08796895213454076
A0A167HWR6,637,84.47409733124019,0.4050235478806907,-0.35400313971742536,0.21350078492935634,0.012589127308020469,0.10518053375196232
A0A167WZU9,739,80.46008119079838,0.38159675236806495,-0.4138024357239512,0.2733423545331529,0.042612043418964816,0.07577807848443843
A0A168JC46,718,75.13927576601671,0.3788300835654596,-0.5037604456824515,0.2604456824512535,0.09691001300805634,0.10027855153203342
A0A171D657,382,53.69109947643979,0.27486910994764396,-0.5248691099476441,0.1963350785340314,-0.17139613784730148,0.12565445026178013
A0A173R9A8,633,88.0252764612954,0.4154818325434439,-0.4473933649289099,0.292259083728278,0.05115252244738129,0.08846761453396523
A0A173RHH6,395,94.75949367088607,0.40506329113924056,-0.12987341772151895,0.2379746835443038,0.09080741402120251,0.0810126582278481
A0A173UJ63,320,79.875,0.378125,-0.3828124999999999,0.271875,0.0684573806558517,0.0875
A0A173WSS4,776,86.21134020618555,0.3788659793814433,-0.1739690721649485,0.2345360824742268,0.028333598643934955,0.08505154639175258
A0A174BSU2,457,93.06345733041576,0.3676148796498906,-0.12166301969365437,0.21663019693654267,0.04303463222520185,0.07658643326039387
A0A174C0T1,694,88.342939481268,0.4034582132564842,-0.13587896253602305,0.22334293948126802,0.06095642594142573,0.17002881844380402
A0A174E7E9,553,105.31645569620251,0.38336347197106696,0.013743218806509971,0.2332730560578662,0.05976820500348986,0.048824593128390596
A0A174LJP1,470,95.76595744680851,0.42340425531914894,-0.19127659574468076,0.26170212765957446,0.07663405703374482,0.09148936170212765
A0A174X282,595,112.15126050420167,0.45042016806722696,0.14420168067226918,0.2319327731092437,0.0,0.09411764705882353
A0A175AAP1,668,116.69161676646706,0.4610778443113772,0.3025449101796407,0.1721556886227545,0.11197375944393234,0.15119760479041916
A0A176EAX8,410,102.65853658536584,0.46585365853658545,-0.11463414634146363,0.2658536585365854,0.1340821160481697,0.04878048780487805
A0A176WW65,333,86.75675675675676,0.3153153153153153,0.16006006006005996,0.13513513513513511,0.05551732784983141,0.07207207207207207
A0A177D4T3,658,80.77507598784193,0.3844984802431611,-0.3344984802431614,0.2188449848024316,0.10763387839982952,0.09422492401215805
A0A177DP83,546,74.12087912087911,0.3992673992673993,-0.6203296703296706,0.28205128205128205,0.03342375548694964,0.0989010989010989
A0A177DSY0,395,80.48101265822784,0.359493670886076,-0.2326582278481012,0.23544303797468352,0.11960990310323302,0.08607594936708861
A0A177EVY0,363,104.24242424242425,0.40220385674931125,0.1349862258953169,0.1652892561983471,-0.1127042801912883,0.0743801652892562
A0A177HKU5,396,94.31818181818183,0.38383838383838387,0.05101010101010095,0.22222222222222224,0.25827801524303134,0.053030303030303025
A0A177SB73,711,92.1237693389592,0.389592123769339,-0.44585091420534473,0.2883263009845288,0.029383777685209573,0.0689170182841069
A0A177WCK2,312,91.28205128205128,0.34615384615384615,-0.057692307692307654,0.1955128205128205,-0.09691001300805646,0.060897435897435896
A0A177ZU40,589,103.73514431239389,0.45161290322580644,-0.30916808149405783,0.2495755517826825,0.07597610617241335,0.09507640067911716
A0A178B8U9,540,71.62962962962962,0.32037037037037036,-0.5574074074074074,0.23148148148148148,0.006839424530305443,0.05740740740740741
A0A178ECM2,316,60.03164556962025,0.31645569620253167,-0.7832278481012657,0.29430379746835444,-0.0825348880552126,0.060126582278481014
A0A178K7Z5,668,86.69161676646706,0.3667664670658683,-0.33907185628742514,0.251497005988024,0.23004322823162793,0.06886227544910178
A0A178MG86,694,82.73775216138328,0.39625360230547546,-0.21729106628242068,0.26512968299711814,0.11270428019128832,0.07492795389048991
A0A178WDX0,523,96.34799235181643,0.3957934990439771,-0.11376673040152963,0.21606118546845124,0.09860979788595088,0.09560229445506693
A0A179SGE8,478,111.0460251046025,0.3598326359832636,0.6035564853556484,0.13598326359832638,0.012964977164367635,0.07740585774058577
A0A182I795,694,64.164265129683,0.35302593659942366,-1.0298270893371757,0.3587896253602305,-0.010382035793721775,0.060518731988472615
A0A182MLM9,381,119.3963254593176,0.4304461942257218,0.5913385826771653,0.15223097112860892,-0.028963695935316617,0.13910761154855644
A0A182P7X0,696,96.95402298850573,0.3936781609195402,0.13290229885057456,0.1853448275862069,-0.05976820500348979,0.10057471264367816
A0A182PB37,745,61.570469798657726,0.3275167785234899,-0.7493959731543625,0.2483221476510067,-0.07918124604762487,0.08322147651006712
A0A182XDB9,692,97.74566473988439,0.3945086705202312,0.17789017341040453,0.16040462427745664,-0.053875380782854546,0.10549132947976878
A0A183H176,474,81.85654008438819,0.42194092827004215,-0.74746835443038,0.3122362869198312,0.046368742571366084,0.0780590717299578
A0A183PCB7,503,89.62226640159045,0.363817097415507,-0.23399602385685886,0.22664015904572565,0.07506467985279282,0.073558648111332
A0A183SEA1,370,73.02702702702703,0.38648648648648654,-0.7281081081081082,0.2945945945945946,0.039152123962148226,0.07837837837837838
A0A195CJG2,333,75.85585585585585,0.39339339339339335,-0.887087087087087,0.3483483483483484,-0.21011034634511228,0.07207207207207207
A0A195E8B0,756,69.25925925925925,0.34259259259259256,-0.85515873015873,0.2552910052910053,-0.06694678963061322,0.06481481481481481
A0A1A0HFU3,504,98.8095238095238,0.38095238095238093,-0.24464285714285727,0.20436507936507936,-0.04139268515822511,0.09325396825396826
A0A1A2PIF1,505,83.50495049504951,0.3940594059405941,-0.2512871287128713,0.22376237623762374,0.24007356972255556,0.08118811881188118
A0A1A2X883,432,98.37962962962963,0.42361111111111116,-0.12847222222222227,0.2337962962962963,0.07609016907048302,0.0625
A0A1A3BYJ0,406,114.72906403940885,0.3891625615763547,0.7369458128078816,0.12561576354679804,-0.21748394421390635,0.04926108374384236
A0A1A3Q5V2,519,125.29865125240849,0.4142581888246628,0.9389210019267824,0.10789980732177264,-0.3467874862246563,0.057803468208092484
A0A1A6G0P8,571,59.22942206654991,0.3257443082311734,-0.6669001751313485,0.21190893169877406,-0.07788677569462597,0.06830122591943957
A0A1A8HXG5,551,92.90381125226861,0.37568058076225047,-0.13847549909255896,0.2323049001814882,0.08040633707693115,0.06352087114337568
A0A1A8RKI7,746,61.86327077747988,0.306970509383378,-0.9436997319034853,0.29624664879356566,-0.05851362209375046,0.045576407506702415
A0A1A8WZJ9,796,85.48994974874373,0.4020100502512563,-0.28278894472361826,0.23241206030150752,-0.13579666419650827,0.12185929648241206
A0A1A8ZRS8,652,85.5521472392638,0.34662576687116564,-0.16717791411042948,0.23006134969325154,-0.02286288295950423,0.05828220858895705
A0A1A9BDZ5,443,90.20316027088036,0.3972911963882618,-0.11715575620767493,0.2257336343115124,0.08543019532462637,0.06320541760722348
A0A1A9CGP4,577,77.59098786828423,0.32062391681109187,-0.20485268630849218,0.2079722703639515,0.1290946963794576,0.051993067590987874
A0A1A9I9K8,449,96.32516703786192,0.35634743875278396,-0.28329621380846326,0.14699331848552338,-0.025554104472388116,0.08017817371937638
A0A1A9ITG3,558,103.76344086021506,0.3727598566308244,0.5906810035842294,0.1003584229390681,-0.02996322337744326,0.1021505376344086
A0A1A9S3Z0,687,101.2227074235808,0.3828238719068413,-0.11644832605531302,0.23144104803493448,0.08115981202971279,0.05822416302765648
A0A1B0D6G1,419,101.24105011933173,0.41050119331742246,-0.059665871121718395,0.1957040572792363,-0.04139268515822506,0.09307875894988067
A0A1B0GGJ8,300,95.16666666666667,0.37,-0.03133333333333338,0.24,0.0705810742857072,0.03333333333333333
A0A1B1AA36,515,94.73786407766991,0.36310679611650487,0.00873786407766991,0.21553398058252426,0.14744607760615114,0.03495145631067961
A0A1B3PRJ2,665,120.34586466165416,0.38947368421052636,0.9234586466165415,0.0962406015037594,0.05270635051600291,0.10225563909774436
A0A1B6AM50,333,70.990990990991,0.2852852852852853,-0.12432432432432433,0.1951951951951952,-0.06494080693301461,0.05405405405405406
A0A1B6MFQ8,319,61.75548589341693,0.31347962382445144,-0.6379310344827588,0.24764890282131663,-0.03218468337140124,0.05329153605015673
A0A1B7LEQ9,553,79.45750452079565,0.40325497287522605,-0.38047016274864365,0.2603978300180832,0.07155228858961503,0.09764918625678119
A0A1B7P2B3,740,50.25675675675676,0.2770270270270271,-0.8662162162162163,0.22432432432432434,-0.05176291535447138,0.062162162162162166
A0A1B7YCI5,779,76.53401797175867,0.3234916559691912,-0.3587933247753529,0.23234916559691912,0.07135590853566827,0.09114249037227215
A0A1B8DPH9,684,86.24269005847952,0.3698830409356725,-0.1673976608187137,0.1915204678362573,-0.019595556063380724,0.09210526315789473
A0A1B8EAV4,713,74.3899018232819,0.2987377279102384,-0.18948106591865352,0.17110799438990182,0.05611594197893141,0.1150070126227209
A0A1B8EVN6,637,96.9230769230769,0.3751962323390894,0.25227629513343797,0.1554160125588697,-0.02580726360628551,0.11145996860282574
A0A1B8G714,656,80.65548780487805,0.35213414634146345,-0.24542682926829276,0.2225609756097561,0.0705810742857072,0.11432926829268292
A0A1B8GPU4,447,84.56375838926174,0.35123042505592844,-0.16487695749440714,0.1901565995525727,0.09017663034908804,0.11856823266219241
A0A1B8RS84,458,96.353711790393,0.43886462882096067,-0.2718340611353711,0.27510917030567683,-0.054357662322592704,0.10480349344978165
A0A1B8YKD7,695,82.54676258992805,0.3899280575539568,-0.3841726618705038,0.2028776978417266,0.15342727441973747,0.09928057553956834
A0A1B9B0I3,678,122.94985250737464,0.448377581120944,0.3716814159292036,0.19616519174041297,0.18953798278292774,0.06047197640117994
A0A1B9BP20,396,104.92424242424244,0.41919191919191917,0.006060606060606211,0.26515151515151514,0.024359345859444693,0.06565656565656566
A0A1B9HX98,562,85.08896797153025,0.35231316725978645,-0.25622775800711756,0.18861209964412812,0.0,0.08007117437722419
A0A1B9LIM4,304,125.19736842105263,0.39144736842105265,0.518421052631579,0.17105263157894737,0.09691001300805642,0.08881578947368421
A0A1B9P210,377,101.90981432360742,0.4244031830238727,-0.24774535809018575,0.24403183023872677,0.09275405323689871,0.08488063660477453
A0A1B9SGM2,728,85.38461538461539,0.29945054945054944,0.12170329670329677,0.125,0.3010299956639812,0.07142857142857142
A0A1B9SHR1,398,82.51256281407035,0.3618090452261306,-0.07512562814070345,0.21356783919597988,0.1104124834117036,0.07035175879396985
A0A1C0VJJ7,517,94.54545454545453,0.42940038684719534,-0.27659574468085113,0.21663442940038685,0.1072099696478683,0.11798839458413926
A0A1C2GE94,404,95.86633663366335,0.38366336633663367,-0.12970297029702982,0.24257425742574257,0.0871501757189002,0.06930693069306931
A0A1C2GJH9,716,69.49720670391062,0.3533519553072626,-0.5424581005586592,0.22067039106145253,-0.0434656937810903,0.1229050279329609
A0A1C3N2E5,477,90.12578616352201,0.3584905660377358,0.1278825995807128,0.18658280922431864,0.1641920357559735,0.04821802935010482
A0A1C3UIJ1,504,98.01587301587301,0.36309523809523814,0.23888888888888898,0.20039682539682538,0.09311702399091723,0.05555555555555555
A0A1C4JAG4,477,93.45911949685535,0.3731656184486373,0.06939203354297685,0.18238993710691825,-0.10790539730951958,0.07127882599580712
A0A1C4KGX4,623,94.59069020866775,0.4044943820224719,0.13723916532905298,0.1813804173354735,-0.1918855262389131,0.08667736757624397
A0A1C4TI57,731,108.03009575923393,0.426812585499316,0.3209302325581396,0.16826265389876882,-0.16166154363303986,0.06429548563611491
A0A1C5Q4P6,620,67.35483870967741,0.3661290322580645,-0.9159677419354839,0.33387096774193553,-0.054096903094162645,0.11290322580645161
A0A1C5RNR0,708,91.96327683615819,0.3870056497175141,0.02669491525423745,0.230225988700565,0.1981413997987554,0.07203389830508475
A0A1C5YWB8,799,87.49687108886108,0.4005006257822278,-0.27221526908635796,0.2453066332916145,0.07034238536411598,0.11389236545682102
A0A1C6CYN1,399,84.16040100250626,0.3208020050125313,-0.2899749373433585,0.24561403508771928,-0.2880650184996136,0.05764411027568922
A0A1C7HMQ9,656,95.15243902439025,0.3871951219512195,-0.1908536585365855,0.2545731707317073,0.04630001965296922,0.0975609756097561
A0A1C7MGD1,617,64.84602917341977,0.306320907617504,-0.5066450567260941,0.1912479740680713,0.11650556907143723,0.11021069692058347
A0A1C7NA84,572,76.55594405594405,0.36713286713286714,-0.5297202797202799,0.22377622377622378,-0.0804063370769311,0.08916083916083917
A0A1C7W777,354,87.96610169491525,0.3926553672316384,-0.1514124293785311,0.23163841807909605,0.062147906748844434,0.08757062146892655
A0A1D1V1Z4,605,64.03305785123968,0.3338842975206612,-0.4238016528925619,0.19834710743801653,-0.028488537811437568,0.09421487603305786
A0A1D2MDU3,503,90.67594433399601,0.37574552683896617,-0.07793240556660036,0.21073558648111332,-0.016086819893454805,0.11530815109343936
A0A1D2MS20,774,81.7312661498708,0.375968992248062,-0.4817829457364344,0.2764857881136951,0.040241218778247496,0.06847545219638243
A0A1D2WMN5,413,94.01937046004842,0.38983050847457623,0.04092009685230025,0.22033898305084745,0.17998630293920545,0.06537530266343826
A0A1D2YSB7,515,107.00970873786409,0.4155339805825243,-0.0941747572815535,0.26601941747572816,0.10676476767971332,0.033009708737864074
A0A1D6MMP1,717,95.35564853556485,0.3933054393305439,-0.10864714086471416,0.21617852161785217,-0.03875258899201668,0.0711297071129707
A0A1D6NTP8,642,79.56386292834891,0.43146417445482865,-0.6925233644859813,0.32866043613707163,-0.028555460453052822,0.08411214953271028
A0A1D7TPS2,362,83.7292817679558,0.367403314917127,-0.2900552486187848,0.24033149171270718,0.12778657948112626,0.07734806629834254
A0A1E1MJF7,678,65.85545722713863,0.34808259587020646,-0.6749262536873157,0.2359882005899705,0.1516488025880213,0.09292035398230089
A0A1E3PY84,355,85.94366197183096,0.3971830985915493,-0.13042253521126762,0.2028169014084507,0.0,0.09014084507042253
A0A1E3SDE4,404,96.65841584158416,0.3787128712871287,0.03638613861386142,0.1707920792079208,-0.012234456417011635,0.06930693069306931
A0A1E3SK71,627,77.19298245614034,0.32695374800637955,-0.20159489633173833,0.18500797448165868,0.08863748704206652,0.0733652312599681
A0A1E3W6D8,697,99.16786226685797,0.4505021520803444,-0.15609756097560973,0.25538020086083213,0.07741222330877816,0.06456241032998565
A0A1E3YSC9,377,95.38461538461539,0.3872679045092839,-0.029973474801061106,0.19363395225464192,-0.011581872549815147,0.06631299734748011
A0A1E4H253,374,86.57754010695187,0.34759358288770054,0.12566844919786088,0.18181818181818182,0.04968778418910748,0.07219251336898397
A0A1E4HUY1,381,91.75853018372703,0.3648293963254593,0.16115485564304466,0.19160104986876642,0.17609125905568124,0.05774278215223097
A0A1E4ZNE9,562,122.4021352313167,0.4217081850533808,0.8220640569395017,0.10142348754448399,-0.13353890837021756,0.1298932384341637
A0A1E5RP59,796,65.7537688442211,0.3228643216080402,-0.8170854271356783,0.23743718592964824,0.10510449162332795,0.07035175879396985
A0A1E5VWZ7,757,72.28533685601057,0.3474240422721268,-0.6129458388375167,0.24570673712021138,-0.11149201288105358,0.0726552179656539
A0A1E7FHQ4,538,85.74349442379182,0.39219330855018586,-0.10501858736059494,0.19888475836431224,-0.07188200730612546,0.12825278810408922
A0A1E7FI80,639,96.90140845070422,0.41314553990610325,-0.17480438184663538,0.26134585289514867,0.056615418148883476,0.0704225352112676
A0A1E7FVJ5,557,85.6193895870736,0.3824057450628366,-0.4369838420107719,0.27827648114901254,0.19694139802880142,0.08797127468581686
A0A1E7HIA9,702,106.59544159544159,0.41452991452991456,0.021652421652421594,0.22364672364672367,0.09322432343109331,0.0698005698005698
A0A1E7JKF6,542,72.65682656826567,0.37822878228782286,-0.5809963099630995,0.24907749077490776,0.044419139788412824,0.08671586715867159
A0A1E7K1D5,727,87.33149931224209,0.38789546079779913,-0.11980742778541936,0.2297111416781293,0.1294392378349764,0.037138927097661624
A0A1E7RMK9,765,95.12418300653594,0.4091503267973856,-0.18418300653594777,0.23921568627450981,0.07058107428570728,0.07450980392156863
A0A1E8RE51,708,62.40112994350282,0.3305084745762712,-0.8714689265536721,0.30932203389830504,0.1387270210939332,0.10875706214689265
A0A1E9ZIF1,397,79.84886649874055,0.380352644836272,-0.46624685138539046,0.23677581863979846,0.0362121726544448,0.08312342569269521
A0A1F0MHI6,746,76.03217158176945,0.3512064343163539,-0.36313672922252027,0.2386058981233244,0.20647388804940206,0.08310991957104558
A0A1F0ZS98,658,67.35562310030394,0.303951367781155,-0.6427051671732524,0.26139817629179335,0.05999792967528528,0.10790273556231003
A0A1F1GSC0,450,129.57777777777778,0.4266666666666667,0.8968888888888888,0.10666666666666667,-0.06963592814139448,0.1
A0A1F2EQ76,511,123.24853228962817,0.41487279843444225,0.877495107632094,0.10371819960861056,0.11115045212266669,0.11154598825831702
A0A1F3BEN6,758,97.44063324538259,0.40633245382585753,-0.3044854881266492,0.24670184696569922,-0.004595751689149024,0.11345646437994723
A0A1F4LKR9,344,94.59302325581395,0.3488372093023256,0.056395348837209314,0.18895348837209303,-0.06494080693301456,0.040697674418604654
A0A1F4RPI6,399,99.02255639097743,0.41854636591478694,-0.1265664160401001,0.2506265664160401,0.05115252244738129,0.07017543859649122
A0A1F4ZUM4,378,106.45502645502644,0.37830687830687837,0.02804232804232812,0.19047619047619047,-0.1421067617453139,0.08994708994708994
A0A1F5AGR0,462,108.44155844155843,0.40692640692640697,0.38896103896103895,0.17965367965367968,-0.1130395133085922,0.11255411255411255
A0A1F5NZI4,602,80.99667774086379,0.393687707641196,-0.2556478405315614,0.2275747508305648,-0.04377892457858725,0.10465116279069767
A0A1F5U272,766,76.18798955613578,0.38642297650130547,-0.4433420365535248,0.2689295039164491,-0.11763949786680053,0.12924281984334202
A0A1F5YMP1,525,107.58095238095238,0.45904761904761904,0.4081904761904761,0.14666666666666667,-0.18987954354131464,0.1523809523809524
A0A1F6U2D8,404,125.64356435643565,0.4356435643564356,0.8344059405940594,0.11138613861386137,-0.13033376849500614,0.1188118811881188
A0A1F7AL67,456,80.87719298245615,0.3530701754385965,-0.33728070175438585,0.25438596491228066,-0.0737862141609186,0.09868421052631579
A0A1F7I3Q2,726,123.18181818181817,0.4517906336088155,0.42782369146005506,0.14600550964187328,-0.16272729749769974,0.1322314049586777
A0A1F7PY95,643,92.2706065318818,0.38413685847589424,0.07496111975116626,0.1975116640746501,0.006733382658968403,0.060653188180404355
A0A1F7R0S9,396,99.26767676767676,0.41414141414141414,-0.24191919191919195,0.2474747474747475,-0.05217801166507157,0.07070707070707072
A0A1F7Z2R2,578,111.0553633217993,0.4480968858131488,0.29429065743944616,0.185121107266436,-0.13658271777200767,0.171280276816609
A0A1F8ACC7,593,82.10792580101179,0.3591905564924115,-0.22917369308600344,0.23440134907251264,0.05551732784983141,0.09949409780775717
A0A1F8DKY8,569,92.40773286467487,0.39718804920913886,-0.3859402460456943,0.281195079086116,0.07525095241919239,0.07029876977152899
A0A1F8HB32,590,104.81355932203388,0.40508474576271186,0.323728813559322,0.1423728813559322,-0.22724378150306246,0.16440677966101697
A0A1F8MYH2,323,106.90402476780186,0.476780185758514,0.013003095975232137,0.2414860681114551,0.10914446942506816,0.058823529411764705
A0A1F9C344,327,92.44648318042815,0.39143730886850153,-0.03394495412844034,0.2293577981651376,-0.011281010409689058,0.06116207951070336
A0A1F9C5M3,511,94.48140900195693,0.4324853228962818,-0.26927592954990237,0.2583170254403131,0.025935734094399743,0.07436399217221135
A0A1F9I8W2,529,97.41020793950851,0.43667296786389415,-0.39338374291115313,0.32136105860113423,0.05055637344244389,0.05293005671077505
A0A1F9YNH4,342,98.80116959064327,0.38304093567251457,0.15526315789473688,0.21637426900584794,-0.09177037335564533,0.06725146198830409
A0A1F9YXK6,348,94.74137931034483,0.367816091954023,-0.016666666666666663,0.25,0.08813608870055123,0.05172413793103448
A0A1G0G9A6,468,97.09401709401708,0.4017094017094017,-0.24209401709401707,0.25213675213675213,0.10179893310003738,0.07051282051282051
A0A1G0MIQ1,768,96.43229166666664,0.4114583333333333,-0.09492187500000004,0.26302083333333337,0.01703333929878037,0.06770833333333334
A0A1G0SKQ4,340,92.3529411764706,0.4117647058823529,0.0029411764705883914,0.1970588235294118,-0.13966199342900631,0.08529411764705883
A0A1G1C689,563,82.14920071047958,0.3463587921847247,-0.20266429840142097,0.1989342806394316,0.030489322147900354,0.09236234458259326
A0A1G1HQV0,414,98.88888888888889,0.4371980676328502,-0.2132850241545894,0.2657004830917874,-0.03103423373996884,0.12318840579710144
A0A1G1L537,560,98.78571428571429,0.4357142857142857,-0.1558928571428571,0.23392857142857143,-0.045757490560675115,0.06607142857142857
A0A1G1Q6Z8,402,121.29353233830847,0.49253731343283585,0.38084577114427864,0.1990049751243781,-0.04240384855308729,0.05970149253731344
A0A1G2A7U6,601,85.37437603993345,0.394342762063228,-0.3259567387687188,0.2795341098169717,0.0,0.08153078202995008
A0A1G2FGA7,605,112.47933884297521,0.434710743801653,0.41785123966942145,0.171900826446281,-0.16587209387399518,0.18842975206611567
A0A1G2LRN8,550,94.74545454545454,0.39818181818181814,-0.17072727272727284,0.24181818181818182,-0.006434110005409911,0.07272727272727272
A0A1G2M476,700,86.92857142857142,0.3928571428571428,-0.31528571428571445,0.2785714285714286,0.022050140743074036,0.07714285714285715
A0A1G3JDZ0,616,86.89935064935065,0.35714285714285715,-0.06623376623376631,0.23214285714285715,0.0660197999896539,0.05194805194805195
A0A1G3T3Z1,310,88.38709677419355,0.38387096774193546,-0.16193548387096784,0.18709677419354837,0.057991946977686816,0.1
A0A1G3YUP8,445,78.33707865168539,0.3258426966292135,-0.283370786516854,0.20898876404494382,-0.00914337943986972,0.11235955056179776
A0A1G3YXH6,460,94.58695652173913,0.4347826086956522,-0.07521739130434801,0.2630434782608696,-0.035327962341743034,0.05434782608695652
A0A1G4PQC1,663,94.58521870286576,0.3815987933634992,-0.1503770739064859,0.23378582202111614,0.12816770673849848,0.0889894419306184
A0A1G4PUR7,673,82.76374442793461,0.37295690936106984,-0.40044576523031195,0.2659732540861813,0.2515446325840629,0.05794947994056464
A0A1G4VJS5,644,85.43478260869566,0.38819875776397517,-0.28136645962732926,0.2857142857142857,0.10321948691506368,0.10403726708074534
A0A1G4WIA5,325,106.2769230769231,0.4276923076923077,0.28584615384615386,0.1753846153846154,-0.07378621416091867,0.07384615384615384
A0A1G5AWF9,743,88.64064602960968,0.39703903095558546,-0.21843876177658134,0.26783310901749663,0.25325721386798056,0.09286675639300135
A0A1G5FDT3,595,105.00840336134453,0.42521008403361343,0.17025210084033626,0.20672268907563024,0.0069488599553278255,0.09579831932773109
A0A1G5LBH8,389,99.25449871465295,0.4241645244215938,-0.1619537275064269,0.26735218508997427,0.21748394421390627,0.08483290488431877
A0A1G5RWM9,682,118.62170087976538,0.43255131964809385,0.3325513196480939,0.19941348973607037,0.2051430561135037,0.0689149560117302
A0A1G5SEY8,543,126.7219152854512,0.4327808471454881,0.5406998158379374,0.13627992633517494,-0.02286288295950423,0.06261510128913444
A0A1G5VIZ8,372,81.74731182795698,0.4220430107526882,-0.4344086021505375,0.26344086021505375,0.2498774732165999,0.08333333333333334
A0A1G6GZQ5,397,116.19647355163727,0.4030226700251889,0.7682619647355166,0.10075566750629722,-0.25527250510330596,0.12594458438287154
A0A1G6II81,723,99.05947441217151,0.4052558782849239,0.07399723374827111,0.21853388658367912,0.16481024864599217,0.07053941908713693
A0A1G6ZZR7,414,92.487922705314,0.4613526570048309,-0.37536231884057947,0.30676328502415456,-0.07424602837211258,0.08695652173913043
A0A1G7AIS4,304,72.82894736842105,0.3980263157894737,-0.6575657894736843,0.29276315789473684,-0.10551018476997405,0.09539473684210525
A0A1G7EET6,486,95.84362139917695,0.3868312757201646,-0.11790123456790125,0.23045267489711935,-0.030489322147900417,0.037037037037037035
A0A1G7MGI9,651,74.65437788018433,0.3317972350230414,-0.4190476190476192,0.23655913978494622,0.05575523225561796,0.0706605222734255
A0A1G8I1Y6,708,81.38418079096046,0.364406779661017,-0.3121468926553673,0.2768361581920904,0.13262556527459088,0.07344632768361582
A0A1G9C1A2,555,93.85585585585585,0.4162162162162162,-0.07459459459459464,0.19099099099099098,0.0160868198934548,0.07027027027027027
A0A1G9L5D2,528,111.79924242424242,0.3636363636363636,0.6456439393939395,0.12878787878787878,-0.04968778418910747,0.09659090909090909
A0A1G9LAR2,319,89.59247648902821,0.43887147335423204,-0.4557993730407524,0.33228840125391845,0.09691001300805642,0.10971786833855798
A0A1G9S276,506,98.399209486166,0.3972332015810277,-0.08557312252964433,0.20948616600790512,0.12963385781667985,0.04940711462450593
A0A1G9S302,397,123.87909319899244,0.4080604534005038,0.9649874055415618,0.09823677581863981,-0.14976232033333214,0.09068010075566751
A0A1G9XZM9,501,115.40918163672656,0.4530938123752495,0.5295409181636727,0.15768463073852296,-0.16272729749769982,0.13173652694610777
A0A1G9YKM0,660,85.69696969696969,0.38636363636363635,-0.2081818181818182,0.23787878787878786,0.016390416188169384,0.08787878787878788
A0A1H0FQF7,730,84.32876712328768,0.3917808219178082,-0.375068493150685,0.27123287671232876,0.09593297214174464,0.08493150684931508
A0A1H0GHU4,620,78.41935483870967,0.432258064516129,-0.4588709677419357,0.2532258064516129,0.16021449695684306,0.1032258064516129
A0A1H0MRH3,546,89.85347985347984,0.35897435897435903,-0.14926739926739935,0.2142857142857143,0.20056502843888185,0.047619047619047616
A0A1H0YQ76,361,97.89473684210527,0.38227146814404434,-0.019390581717451616,0.21883656509695293,-0.11868978733129841,0.013850415512465374
A0A1H0YVJ8,607,80.49423393739703,0.4464579901153212,-0.5444810543657332,0.2652388797364086,-0.15619643033874195,0.07578253706754531
A0A1H1ILK2,346,93.93063583815028,0.34104046242774566,0.041907514450866934,0.18208092485549135,-0.04011722320798251,0.06069364161849711
A0A1H1XI92,323,88.85448916408669,0.3653250773993808,-0.07894736842105271,0.21052631578947367,0.09970291319222661,0.06501547987616099
A0A1H2BWQ3,348,113.36206896551724,0.43103448275862066,0.5528735632183909,0.16379310344827586,-0.2257790432447888,0.1810344827586207
A0A1H2DT36,354,89.37853107344634,0.3728813559322034,-0.21638418079096036,0.21186440677966104,0.07918124604762482,0.0847457627118644
A0A1H2MES4,769,99.9739921976593,0.44473342002600785,0.007542262678803646,0.2522756827048115,0.0799937710402968,0.05331599479843953
A0A1H2VDA1,501,101.47704590818363,0.44510978043912175,0.24870259481037943,0.16966067864271456,-0.2568263331719278,0.16367265469061876
A0A1H2VWP5,381,96.98162729658793,0.38320209973753283,-0.07900262467191593,0.22572178477690286,-0.039508541283673634,0.09448818897637795
A0A1H3XL11,768,89.66145833333334,0.36588541666666663,-0.17786458333333333,0.23567708333333331,0.06180714997820209,0.07552083333333334
A0A1H4JZJ2,743,105.72005383580081,0.4024226110363392,0.20955585464333767,0.20861372812920592,0.027671426597858435,0.05921938088829071
A0A1H4Y733,669,108.25112107623318,0.4349775784753363,0.13034379671150947,0.20777279521674138,-0.030813947414219556,0.07922272047832585
A0A1H4YYP9,417,91.05515587529977,0.3932853717026379,-0.16330935251798548,0.2278177458033573,0.135404170286465,0.05995203836930456
A0A1H5RQT4,663,113.92156862745098,0.45098039215686275,0.5180995475113122,0.14177978883861236,-0.05435766232259265,0.1282051282051282
A0A1H6QQI6,308,100.25974025974025,0.3831168831168831,0.2610389610389609,0.19480519480519481,0.1413291527964693,0.06168831168831168
A0A1H6WXQ4,451,78.24833702882484,0.3592017738359202,-0.3991130820399114,0.23946784922394676,-0.015794267183231903,0.1263858093126386
A0A1H7DL09,313,81.05431309904154,0.4345047923322684,-0.3798722044728433,0.2715654952076677,-0.07003786660775513,0.08306709265175719
A0A1H7IQC1,672,79.1815476190476,0.375,-0.29717261904761916,0.25297619047619047,0.1635021317476607,0.09672619047619047
A0A1H7KQH3,693,113.1890331890332,0.44877344877344877,0.414862914862915,0.1717171717171717,-0.021539677856109666,0.06493506493506493
A0A1H7M4A5,699,95.65092989985693,0.4663805436337626,-0.20886981402002852,0.2761087267525036,0.013363961557981596,0.032904148783977114
A0A1H7VMF7,570,91.49122807017542,0.4087719298245614,-0.34982456140350876,0.256140350877193,0.0234810958495229,0.11754385964912281
A0A1H7VYX2,427,94.54332552693208,0.405152224824356,-0.15503512880562081,0.2388758782201405,0.20411998265592474,0.07962529274004683
A0A1H8CK82,696,118.76436781609195,0.3994252873563219,0.42744252873563215,0.1810344827586207,0.06799707909511113,0.050287356321839075
A0A1H8EC74,530,73.33962264150942,0.33962264150943394,-0.4362264150943394,0.2509433962264151,0.10996158063864721,0.11132075471698114
A0A1H8FHF4,313,96.58146964856229,0.38977635782747605,-0.007028753993610248,0.2204472843450479,0.1106982974936897,0.08626198083067092
A0A1H8HCV1,587,81.1243611584327,0.38841567291311757,-0.32606473594548546,0.21805792163543442,0.04011722320798241,0.08347529812606473
A0A1H8Q7A5,499,92.68537074148296,0.4188376753507014,0.05511022044088165,0.21042084168336672,0.089610774266557,0.0841683366733467
A0A1H8QHJ4,526,82.30038022813689,0.3403041825095057,-0.3309885931558935,0.24334600760456274,0.06694678963061307,0.0817490494296578
A0A1H9R3L8,546,115.45787545787545,0.47802197802197804,0.13644688644688652,0.22893772893772893,-0.07542109717431811,0.12271062271062269
A0A1H9U3E5,643,84.38569206842924,0.39968895800933124,-0.2939346811819595,0.24261275272161742,0.296913429469149,0.10264385692068428
A0A1I0D6V9,517,85.97678916827853,0.4352030947775629,-0.42147001934236006,0.2688588007736944,0.1812308987080923,0.10251450676982592
A0A1I0XGM2,777,93.69369369369367,0.4002574002574002,-0.27310167310167294,0.28442728442728443,0.07418519855453269,0.05276705276705276
A0A1I0YZ38,705,80.39716312056737,0.37446808510638296,-0.3409929078014183,0.2709219858156028,0.19682074391442533,0.07943262411347518
A0A1I1B8T4,327,93.27217125382262,0.38837920489296635,-0.11712538226299701,0.24464831804281345,0.10645533091428679,0.06422018348623854
A0A1I1CLR9,512,112.3828125,0.400390625,0.6605468749999999,0.107421875,-0.13830269816628146,0.083984375
A0A1I1F7K5,500,120.98,0.392,0.824,0.12,-0.02802872360024354,0.08399999999999999
A0A1I1LAA6,374,80.16042780748663,0.3342245989304813,-0.23449197860962562,0.20588235294117646,-0.055047566330905476,0.08288770053475936
A0A1I1MGU0,346,76.96531791907515,0.37572254335260113,-0.4531791907514452,0.27167630057803466,0.10914446942506809,0.09826589595375723
A0A1I1YXX6,629,96.31160572337042,0.43561208267090623,-0.16899841017488093,0.2591414944356121,0.16515127299166843,0.047694753577106515
A0A1I2FP60,557,109.56912028725311,0.4506283662477558,0.023339317773788115,0.2405745062836625,-0.01277428803642889,0.07719928186714542
A0A1I2LL67,533,89.02439024390245,0.42964352720450283,-0.2063789868667918,0.21951219512195125,0.1100714590660273,0.07692307692307693
A0A1I2MUY0,599,72.85475792988314,0.42070116861435725,-0.4672787979966611,0.2704507512520868,0.3832167518513313,0.10684474123539232
A0A1I3Z9R9,338,83.01775147928994,0.3431952662721893,-0.11479289940828424,0.22189349112426038,0.218843239476631,0.10355029585798817
A0A1I3ZGJ7,683,94.27525622254758,0.3762811127379209,-0.12049780380673514,0.2445095168374817,0.06694678963061323,0.0424597364568082
A0A1I4AN75,769,85.07152145643693,0.3602080624187256,-0.12704811443433023,0.22236671001300393,0.10595814198545353,0.07282184655396619
A0A1I4E291,754,78.44827586206897,0.3236074270557029,-0.22984084880636618,0.19761273209549074,0.14514212269658697,0.06896551724137931
A0A1I4UIK1,598,88.76254180602005,0.38795986622073575,-0.1560200668896321,0.22408026755852845,0.05115252244738129,0.08528428093645485
A0A1I5KST1,622,88.42443729903538,0.3585209003215434,0.005787781350482302,0.1945337620578778,0.14976232033333206,0.06270096463022508
A0A1I5Q3V9,701,90.49928673323824,0.3580599144079886,-0.0818830242510698,0.24964336661911557,-0.03436890163126254,0.06847360912981455
A0A1I5QIB3,469,70.81023454157783,0.26439232409381663,-0.3311300639658849,0.16204690831556504,0.13469857389745624,0.0810234541577825
A0A1I5TW29,611,104.6481178396072,0.45662847790507366,-0.02978723404255318,0.25040916530278234,0.07302093734280637,0.03764320785597382
A0A1I6IU45,665,87.90977443609023,0.38345864661654133,-0.10631578947368431,0.23157894736842105,0.10067016188136323,0.05864661654135338
A0A1I6JGD8,423,136.52482269503548,0.4397163120567376,0.9451536643026006,0.1276595744680851,-0.06214790674884446,0.1252955082742317
A0A1I6KSZ3,567,77.76014109347442,0.4144620811287478,-0.36137566137566135,0.2804232804232804,0.3463529744506387,0.08818342151675485
A0A1I6Q8Y2,689,76.5021770682148,0.31640058055152387,-0.04049346879535559,0.15239477503628446,0.294955847951788,0.13497822931785197
A0A1I7DML1,453,88.962472406181,0.35540838852097134,-0.011920529801324298,0.20971302428256072,0.08082319311460164,0.03090507726269316
A0A1I7MW32,521,90.0767754318618,0.4261036468330134,-0.35220729366602693,0.2859884836852208,0.051831638272868234,0.09404990403071017
A0A1I7SLD8,329,35.56231003039513,0.2492401215805471,-0.7018237082066869,0.1519756838905775,0.13469857389745624,0.0972644376899696
A0A1I7WHR7,612,86.76470588235293,0.44281045751633996,-0.5168300653594768,0.28431372549019607,-0.06923858641019802,0.09313725490196079
A0A1I8CZI4,640,98.28125000000001,0.3875,0.3260937499999999,0.175,0.09177037335564536,0.134375
A0A1I8FKF7,524,75.55343511450381,0.35877862595419846,-0.323473282442748,0.20419847328244273,-0.20282551230292595,0.06297709923664122
A0A1I8GEJ1,635,80.92913385826772,0.3480314960629921,-0.24724409448818896,0.23149606299212597,-0.1471275631203647,0.07559055118110236
A0A1I8GZC5,533,73.75234521575985,0.3133208255159474,-0.4622889305816138,0.21763602251407127,-0.11850462660289002,0.041275797373358354
A0A1I8IY28,638,69.95297805642633,0.37460815047021945,-0.7973354231974922,0.31347962382445144,-0.13876693603186893,0.03605015673981191
A0A1I8PNK0,474,79.59915611814345,0.4071729957805907,-0.4409282700421939,0.2911392405063291,0.024823583725032145,0.11392405063291139
A0A1J0A8V3,388,93.76288659793813,0.3685567010309278,-0.2551546391752576,0.18041237113402064,-0.07255066714861173,0.059278350515463915
A0A1J0AFK3,374,93.93048128342245,0.4732620320855615,-0.6368983957219252,0.3342245989304813,0.034214100531101674,0.058823529411764705
A0A1J0LRG1,724,98.0939226519337,0.4737569060773481,-0.14447513812154705,0.2638121546961326,0.09488532644164192,0.05662983425414364
A0A1J0M566,449,86.41425389755011,0.400890868596882,-0.4256124721603563,0.289532293986637,-0.013161446057970849,0.08908685968819599
A0A1J0M6H5,471,81.01910828025478,0.3906581740976645,-0.25307855626326964,0.23991507430997877,0.05293607518779849,0.09978768577494693
A0A1J0MJG5,379,119.68337730870711,0.4063324538258576,0.6836411609498678,0.08970976253298153,9.64327466553287e-17,0.14511873350923482
A0A1J1GSX0,757,92.02113606340819,0.42404227212681644,-0.5626155878467635,0.2985468956406869,-0.05340159263124036,0.13210039630118892
A0A1J1IYZ0,570,71.66666666666667,0.3157894736842105,-0.7703508771929823,0.2929824561403509,0.0463000196529693,0.06842105263157895
A0A1J3F6M1,419,103.26968973747017,0.3866348448687351,0.053937947494033356,0.1957040572792363,-0.12493873660829995,0.07159904534606205
A0A1J3FTV5,631,76.00633914421553,0.3692551505546751,-0.8020602218700472,0.3328050713153724,-0.016390416188169374,0.028526148969889066
A0A1J4VPT7,467,87.92291220556746,0.40256959314775165,-0.28051391862955055,0.2505353319057816,-0.06581728448964327,0.08351177730192719
A0A1J5BTX3,319,89.12225705329153,0.3667711598746081,-0.06583072100313492,0.21003134796238243,0.06305174574708894,0.06583072100313479
A0A1J5CEF5,745,105.0738255033557,0.43087248322147653,0.03758389261744982,0.22416107382550335,0.01542035886749382,0.05771812080536912
A0A1J5EQE7,642,97.25856697819313,0.40031152647975077,0.03302180685358258,0.21183800623052956,0.12677507964829723,0.06230529595015576
A0A1J5NCM1,561,88.94830659536542,0.4349376114081996,-0.5614973262032087,0.3262032085561497,0.03288122639465552,0.06417112299465241
A0A1J5RCD5,736,89.25271739130434,0.40489130434782605,-0.2230978260869564,0.22961956521739132,0.07638834586345472,0.08831521739130435
A0A1J5S4M2,436,84.58715596330275,0.3463302752293578,-0.22752293577981653,0.20871559633027523,0.16057909287743372,0.10321100917431193
A0A1J5V834,765,78.73202614379085,0.3856209150326798,-0.49516339869281045,0.28366013071895424,0.09155929462395528,0.06143790849673203
A0A1J6WVP3,509,114.02750491159135,0.41257367387033395,0.6925343811394891,0.11787819253438113,-0.08432088570003599,0.14341846758349705
A0A1K0JL46,689,87.12626995645863,0.3962264150943396,-0.3021770682148041,0.2714078374455733,0.05060999335508724,0.07982583454281567
A0A1K1LHJ7,369,91.32791327913279,0.3983739837398374,-0.01327913279132803,0.22764227642276424,-0.06069784035361164,0.04065040650406504
A0A1L5TPR6,556,90.16187050359711,0.34352517985611514,-0.015827338129496327,0.16546762589928057,0.036983566253169856,0.10251798561151079
A0A1L6ZDD6,692,84.98554913294798,0.40317919075144515,-0.2832369942196533,0.2716763005780347,0.16658771831093788,0.07369942196531792
A0A1L7CP28,413,83.72881355932202,0.38740920096852294,-0.13510895883777235,0.2179176755447942,0.07572071393811826,0.07021791767554479
A0A1L7CU37,452,94.80088495575222,0.35176991150442477,0.11880530973451331,0.19026548672566373,0.20091484278071342,0.03982300884955752
A0A1L9UF93,601,71.39767054908486,0.37104825291181365,-0.4720465890183029,0.23627287853577372,0.12142216288546279,0.1281198003327787
A0A1L9WIC3,478,87.88702928870292,0.4351464435146443,-0.15460251046025109,0.2405857740585774,0.00742401807920697,0.100418410041841
A0A1M2W268,650,95.61538461538461,0.39692307692307693,-0.03907692307692312,0.19692307692307692,0.08040633707693115,0.07384615384615384
A0A1M3E5D0,357,91.76470588235294,0.36414565826330536,-0.2714285714285714,0.22689075630252103,0.031408464251624114,0.10364145658263305
A0A1M3F2M1,313,132.52396166134184,0.4664536741214057,0.9945686900958468,0.10543130990415335,-0.1760912590556813,0.07028753993610223
A0A1M3M2J1,505,76.27722772277228,0.3108910891089109,-0.23267326732673266,0.18415841584158416,0.11960990310323295,0.10297029702970298
A0A1M3NIY8,766,75.8485639686684,0.3537859007832898,-0.36201044386422976,0.22715404699738906,-4.8216373327664354e-17,0.09138381201044388
A0A1M5CUQ5,459,78.38779956427015,0.3856209150326798,-0.48169934640522877,0.2549019607843137,0.0365168338257625,0.11328976034858387
A0A1M5JYF3,770,88.68831168831169,0.4077922077922078,-0.1989610389610389,0.22337662337662337,-0.009984220906600847,0.08571428571428572
A0A1M6I5M1,783,95.96424010217113,0.4316730523627076,-0.3468710089399748,0.2681992337164751,0.10706401283859557,0.10600255427841634
A0A1M6UF17,731,107.2640218878249,0.4131326949384405,0.35335157318741445,0.17373461012311903,-0.0606978403536117,0.11354309165526676
A0A1M6WAD8,326,92.73006134969324,0.38957055214723924,-0.20214723926380374,0.23006134969325154,0.0791812460476249,0.052147239263803685
A0A1M7D279,664,65.75301204819277,0.3358433734939759,-0.6042168674698797,0.29066265060240964,0.1576078533616681,0.10240963855421686
A0A1M7DED5,521,101.49712092130518,0.38387715930902117,0.48426103646833013,0.1420345489443378,0.0,0.1305182341650672
A0A1M7IZK9,381,90.02624671916011,0.41469816272965876,-0.017060367454068304,0.2020997375328084,0.21307482530885127,0.06561679790026247
A0A1M7TF89,433,102.07852193995382,0.4688221709006928,-0.19422632794457262,0.26558891454965355,0.08190410438309811,0.05542725173210161
A0A1N7B481,406,123.49753694581283,0.45566502463054187,0.4770935960591134,0.17733990147783252,-0.046996562676223506,0.05665024630541872
A0A1N7DX29,336,78.92857142857143,0.3571428571428572,-0.594940476190476,0.26785714285714285,0.0,0.09821428571428571
A0A1N7DYP4,714,98.47338935574228,0.3739495798319328,0.0873949579831933,0.2058823529411765,0.0291582287412134,0.06722689075630252
A0A1N7EBP1,799,118.13516896120149,0.4330413016270338,0.5272841051314142,0.1501877346683354,-0.1583624920952497,0.04005006257822278
A0A1N7IFV2,736,73.84510869565217,0.3383152173913043,-0.4788043478260869,0.2486413043478261,-0.014086461278605007,0.11277173913043478
A0A1N7J6Z2,341,84.54545454545455,0.3724340175953079,-0.3249266862170089,0.2346041055718475,0.1280298135854418,0.10557184750733137
A0A1N7KCA5,542,87.619926199262,0.35608856088560886,0.0577490774907749,0.19557195571955718,0.16272729749769974,0.07380073800738007
A0A1N7SMU8,638,99.74921630094043,0.38714733542319746,0.08401253918495316,0.21316614420062696,0.0,0.06269592476489028
A0A1P8B4A9,372,81.88172043010753,0.30913978494623656,-0.11478494623655905,0.1935483870967742,-0.023481095849522866,0.0913978494623656
A0A1P8N0J9,410,79.09756097560975,0.3682926829268293,-0.3448780487804879,0.21463414634146344,0.09691001300805642,0.0951219512195122
A0A1P9WSB1,676,86.89349112426036,0.38609467455621305,-0.2853550295857988,0.27366863905325445,0.03252922482691995,0.08431952662721892
A0A1Q0AL43,342,104.70760233918126,0.3771929824561403,0.07163742690058472,0.1871345029239766,0.07918124604762482,0.07017543859649122
A0A1Q2CPU5,455,97.93406593406593,0.378021978021978,0.17978021978021974,0.1824175824175824,0.13389357926122633,0.05714285714285714
A0A1Q4DE76,321,113.58255451713394,0.4735202492211838,0.37289719626168205,0.2087227414330218,0.037788560889399754,0.062305295950155756
A0A1Q5GZZ9,408,63.70098039215686,0.32843137254901966,-0.5455882352941175,0.25245098039215685,0.09133013562721982,0.07107843137254902
A0A1Q5LTM5,795,90.98113207547169,0.42767295597484273,-0.2477987421383646,0.23773584905660378,0.0500788643433177,0.06666666666666667
A0A1Q5PW67,386,98.26424870466322,0.44041450777202074,0.1103626943005182,0.19689119170984454,-0.20411998265592485,0.08031088082901554
A0A1Q6SRX1,529,92.13610586011342,0.3724007561436673,-0.20775047258979207,0.2400756143667297,0.0878303551561379,0.054820415879017016
A0A1Q6TV92,482,76.41078838174273,0.39004149377593356,-0.7690871369294602,0.3298755186721991,0.016186761093275253,0.0995850622406639
A0A1Q6WA00,554,101.91335740072202,0.4115523465703971,0.04729241877256307,0.2075812274368231,-0.06694678963061317,0.07581227436823104
A0A1Q6ZDA0,658,84.83282674772036,0.4027355623100303,-0.16747720364741642,0.24772036474164133,0.036871359953126306,0.08054711246200608
A0A1Q7X0G1,400,96.3,0.405,0.10199999999999987,0.21750000000000003,0.22967408712831294,0.06
A0A1Q7ZUZ3,329,93.61702127659575,0.4346504559270517,-0.36443768996960485,0.25835866261398177,-0.07003786660775502,0.07598784194528875
A0A1Q7ZWE5,502,95.0996015936255,0.4442231075697211,-0.21195219123505998,0.26693227091633465,0.06398231066687415,0.07370517928286852
A0A1Q8CP48,504,88.21428571428571,0.4285714285714286,-0.19166666666666665,0.25396825396825395,0.1074480044479645,0.051587301587301584
A0A1Q8Q6M5,370,95.16216216216216,0.40540540540540543,-0.14756756756756745,0.24594594594594596,0.10321948691506368,0.07567567567567568
A0A1Q9APK6,457,96.3019693654267,0.3938730853391685,0.09059080962800864,0.18818380743982493,0.09913147300201446,0.0525164113785558
A0A1R0H7Q4,759,92.0421607378129,0.40447957839262183,-0.3401844532279315,0.230566534914361,-0.014723256820706349,0.0922266139657444
A0A1R1PNF5,396,87.34848484848486,0.38636363636363635,-0.16767676767676748,0.1691919191919192,0.012589127308020469,0.08838383838383838
A0A1R1SDL3,312,81.02564102564102,0.3782051282051282,-0.19967948717948714,0.20192307692307693,0.17609125905568118,0.08012820512820512
A0A1S1LXS3,511,96.63405088062622,0.42661448140900193,0.32250489236790597,0.14285714285714285,-0.12831847725968057,0.1487279843444227
A0A1S1MPQ9,448,111.16071428571428,0.41517857142857145,0.24754464285714273,0.1517857142857143,-0.09970291319222656,0.0892857142857143
A0A1S1YA63,539,110.92764378478664,0.41558441558441556,0.762152133580705,0.07977736549165121,0.019305155195386718,0.16697588126159554
A0A1S2CIL8,729,81.42661179698216,0.34019204389574764,-0.24732510288065862,0.17832647462277096,0.15970084286751182,0.0795610425240055
A0A1S2HN66,461,74.05639913232105,0.40563991323210413,-0.4665943600867681,0.27765726681127983,0.12104369272477569,0.10629067245119306
A0A1S2HQM1,625,74.336,0.296,0.04239999999999994,0.10560000000000001,-0.29148467775775083,0.07680000000000001
A0A1S2ITV8,301,87.87375415282392,0.3023255813953488,0.07109634551495009,0.159468438538206,0.03476210625921191,0.029900332225913623
A0A1S2YRJ0,609,101.03448275862068,0.4055829228243022,0.1934318555008211,0.16584564860426929,-0.025305865264770286,0.11494252873563218
A0A1S3A9F7,536,76.044776119403,0.3936567164179105,-0.5063432835820896,0.24253731343283585,0.07918124604762482,0.07835820895522388
A0A1S3AM25,724,80.91160220994476,0.425414364640884,-0.6850828729281768,0.35082872928176795,0.1368379599080078,0.07458563535911603
A0A1S3EDN3,742,87.57412398921832,0.3948787061994609,-0.2466307277628031,0.23315363881401618,-0.06464283472104893,0.11994609164420485
A0A1S3FJT8,357,71.26050420168066,0.380952380952381,-0.6955182072829131,0.29691876750700286,-0.0321846833714013,0.07563025210084034
A0A1S3NFA4,458,75.65502183406113,0.41484716157205237,-1.0115720524017469,0.3406113537117904,0.021994293706167883,0.04148471615720524
A0A1S3SHW8,719,64.68706536856746,0.2976356050069541,-0.5383866481223922,0.20723226703755215,-0.07496476164646133,0.06815020862308763
A0A1S3TC21,403,94.56575682382135,0.3622828784119107,-0.037717121588089486,0.228287841191067,-0.01848340569401313,0.0694789081885856
A0A1S3UUN8,381,66.82414698162728,0.3175853018372704,-0.8191601049868764,0.29133858267716534,0.0076868286662910516,0.05511811023622047
A0A1S4BW45,568,98.62676056338027,0.3943661971830986,0.022887323943661858,0.21830985915492956,0.09691001300805642,0.08626760563380281
A0A1S5S1V0,734,92.57493188010899,0.36239782016348776,0.1288828337874659,0.11716621253405995,0.0593140012159821,0.14986376021798364
A0A1S7S533,359,94.42896935933148,0.3871866295264624,-0.23286908077994425,0.24233983286908078,0.08813608870055138,0.05571030640668524
A0A1S8LC77,530,66.84905660377358,0.3018867924528302,-0.43301886792452826,0.15283018867924528,0.052388069459688304,0.12452830188679245
A0A1S9AZA3,468,77.22222222222221,0.3482905982905983,-0.40619658119658114,0.22008547008547008,0.05799194697768673,0.08333333333333334
A0A1S9B309,410,99.6829268292683,0.4097560975609756,0.029024390243902576,0.20243902439024392,0.03066881976645187,0.06585365853658537
A0A1T1DSG9,730,89.13698630136986,0.4273972602739725,-0.3254794520547944,0.26986301369863014,-0.0480614454702394,0.13287671232876713
A0A1T2L0K6,708,69.71751412429379,0.32627118644067793,-0.5529661016949151,0.2627118644067797,0.036983566253169946,0.0805084745762712
A0A1T4MC20,382,92.38219895287958,0.38219895287958117,-0.081675392670157,0.23298429319371727,0.20411998265592474,0.07068062827225131
A0A1T4NYZ8,550,78.74545454545455,0.38727272727272727,-0.34618181818181804,0.24909090909090909,0.06888128940781288,0.09818181818181818
A0A1T4X315,517,103.53965183752419,0.3984526112185687,0.07833655705996126,0.16054158607350094,0.010219165181686028,0.08704061895551257
A0A1T5AHN8,306,122.12418300653593,0.42156862745098034,0.7937908496732027,0.12418300653594772,0.0,0.17973856209150327
A0A1T5LNJ0,361,98.31024930747922,0.39889196675900274,0.11163434903047084,0.15512465373961218,-0.12057393120584987,0.1551246537396122
A0A1T5NI21,611,108.21603927986907,0.4369885433715221,0.006546644844517224,0.24386252045826515,0.07496476164646136,0.06546644844517185
A0A1T7UU61,507,92.18934911242603,0.32938856015779094,-0.05009861932938864,0.17357001972386588,0.07741222330877816,0.03944773175542406
A0A1U7GNS8,728,87.56868131868131,0.37225274725274726,-0.18736263736263742,0.22802197802197802,0.08297423506476392,0.07554945054945056
A0A1U7R239,444,92.18468468468468,0.4301801801801801,-0.3168918918918921,0.24549549549549549,0.039152123962148226,0.09684684684684686
A0A1U7XWB2,666,98.07807807807806,0.4429429429429429,-0.03753753753753758,0.23723723723723722,-0.0434656937810903,0.12612612612612611
A0A1U7YBK7,663,91.11613876319758,0.39215686274509803,-0.010708898944193135,0.22322775263951736,0.03476210625921191,0.0980392156862745
A0A1U8J223,445,101.86516853932584,0.42247191011235957,-0.10292134831460664,0.2584269662921348,0.0819041043830982,0.04044943820224719
A0A1U8J6P3,612,104.49346405228756,0.39379084967320266,0.33513071895424834,0.16339869281045752,-0.08543019532462635,0.1045751633986928
A0A1V1TEU7,590,59.32203389830508,0.2847457627118644,-0.5818644067796609,0.21016949152542375,-0.069080919143299,0.03728813559322034
A0A1V3TZI3,524,74.42748091603053,0.35114503816793896,-0.5975190839694657,0.19465648854961834,-0.01670569350285273,0.10877862595419847
A0A1V4B2Z5,358,88.68715083798882,0.3547486033519553,-0.05223463687150823,0.2122905027932961,0.11197375944393234,0.08100558659217877
A0A1V4SCI6,362,91.85082872928176,0.39226519337016574,-0.02320441988950278,0.21823204419889503,0.010723865391773068,0.055248618784530384
A0A1V4TCZ1,653,88.34609494640122,0.3736600306278714,-0.26324655436447164,0.23277182235834612,0.14806253545543777,0.09647779479326188
A0A1V4WA74,769,86.42392717815343,0.37581274382314694,-0.16879063719115722,0.21326397919375814,0.07342891715853349,0.08322496749024708
A0A1V4XIL6,586,87.09897610921502,0.41638225255972694,-0.23993174061433453,0.2645051194539249,0.0387525889920167,0.07508532423208192
A0A1V4YJM4,319,95.61128526645768,0.4200626959247649,-0.27899686520376166,0.2789968652037617,0.04777278179600068,0.06896551724137931
A0A1V5A4F4,593,77.75716694772343,0.39291736930860033,-0.3495784148397977,0.24620573355817876,0.08241021617782338,0.10961214165261382
A0A1V5BYK3,726,96.69421487603306,0.431129476584022,-0.2553719008264461,0.2892561983471074,0.04921802267018165,0.05371900826446281
A0A1V5UJ52,392,83.54591836734693,0.38010204081632654,-0.238265306122449,0.24234693877551022,0.1910684150253341,0.07908163265306123
A0A1V5XH29,324,83.42592592592592,0.3549382716049383,0.03456790123456788,0.2067901234567901,0.037788560889399754,0.07098765432098765
A0A1V6C3N9,645,90.75968992248062,0.40930232558139534,-0.17937984496124015,0.21705426356589147,0.0,0.10232558139534884
A0A1V6IT91,651,87.08141321044548,0.40552995391705066,-0.44777265745007666,0.29493087557603687,-0.017911589308702167,0.09062980030721966
A0A1V6NJV2,706,84.60339943342777,0.37535410764872523,-0.2535410764872521,0.19263456090651557,0.07572071393811834,0.08356940509915015
A0A1V6Q3L9,664,75.55722891566265,0.30120481927710846,-0.2588855421686749,0.18072289156626506,0.08571211320658254,0.0963855421686747
A0A1V6UJ44,458,62.685589519650655,0.2838427947598253,-0.3650655021834062,0.22270742358078605,0.06694678963061323,0.10480349344978165
A0A1V6YIC6,587,76.45655877342419,0.35264054514480403,-0.2679727427597954,0.20954003407155025,0.10473535052001307,0.10562180579216354
A0A1V6Z6N2,754,72.58620689655172,0.40450928381962864,-0.7766578249336868,0.3183023872679045,0.0719483168691069,0.08222811671087532
A0A1V8NY32,570,87.01754385964911,0.3684210526315789,-0.2268421052631579,0.18596491228070178,0.3010299956639812,0.10701754385964912
A0A1V8QBM9,336,116.10119047619048,0.4642857142857143,0.6357142857142859,0.1488095238095238,-0.13469857389745618,0.14285714285714285
A0A1V8TDS5,716,86.25698324022346,0.38407821229050276,-0.25460893854748606,0.25418994413407825,0.009441556232841484,0.06983240223463688
A0A1V8TZ30,539,93.63636363636363,0.3747680890538034,0.32040816326530613,0.14285714285714285,0.01099538430146324,0.13543599257884972
A0A1W1BPY4,306,84.73856209150327,0.3856209150326797,-0.04607843137254902,0.18627450980392157,0.19457466474969448,0.15359477124183007
A0A1W1VDJ7,458,94.30131004366812,0.3580786026200874,-0.10873362445414853,0.20305676855895194,0.1010265792028885,0.07205240174672489
A0A1W1XVG5,660,101.31818181818181,0.3893939393939394,0.03878787878787893,0.21515151515151515,0.0,0.07575757575757576
A0A1W2DSK3,529,86.29489603024574,0.391304347826087,-0.36351606805293,0.2722117202268431,0.09557166223579411,0.07561436672967864
A0A1W2TMR6,710,71.36619718309859,0.3352112676056338,-0.47338028169014096,0.20985915492957746,-0.005752328889091274,0.09014084507042254
A0A1W5WU16,734,92.98365122615803,0.3637602179836512,0.12452316076294281,0.11716621253405995,0.0593140012159821,0.14986376021798364
A0A1W9HJS5,431,105.77726218097447,0.4431554524361949,-0.01415313225058018,0.23201856148491878,0.0,0.05568445475638051
A0A1X0E9T2,454,81.67400881057269,0.42951541850220265,-0.33634361233480164,0.2643171806167401,-0.028488537811437568,0.09030837004405287
A0A1X0JV85,661,79.72768532526476,0.3918305597579425,-0.3748865355521935,0.26021180030257185,0.09017663034908804,0.060514372163388806
A0A1X0N4K5,729,68.40877914951989,0.3388203017832648,-0.48326474622770893,0.20301783264746226,0.12831847725968054,0.1083676268861454
A0A1X0T0X2,749,112.61682242990653,0.4272363150867824,0.385580774365821,0.18291054739652868,-0.031257693730442015,0.06809078771695594
A0A1X1GGT6,566,92.68551236749116,0.37279151943462896,-0.10159010600706703,0.21731448763250882,0.10473535052001307,0.07420494699646643
A0A1X1HDM3,563,80.17761989342806,0.3783303730017762,-0.5211367673179395,0.30017761989342806,0.12790321557203896,0.09769094138543516
A0A1X1NNC2,452,121.72566371681417,0.43362831858407075,0.8778761061946903,0.13053097345132744,-0.10011515288326778,0.08628318584070796
A0A1X1VER8,530,85.50943396226415,0.3830188679245283,-0.11377358490566047,0.21509433962264152,0.12057393120584989,0.07924528301886793
A0A1X2DKV9,535,75.04672897196261,0.32710280373831774,-0.23401869158878508,0.16635514018691588,0.20411998265592485,0.07663551401869159
A0A1X2HCX8,636,82.48427672955974,0.39779874213836475,-0.48553459119496856,0.300314465408805,0.058594715265847384,0.07861635220125786
A0A1X2J186,325,79.2,0.3538461538461538,-0.49661538461538446,0.20923076923076922,0.0,0.07076923076923078
A0A1X3CUS2,592,92.34797297297297,0.3783783783783784,-0.06942567567567581,0.20777027027027026,0.04869192389972453,0.08614864864864866
A0A1X3RRR5,584,88.8013698630137,0.3595890410958904,-0.2724315068493151,0.2089041095890411,-0.0561159419789314,0.03595890410958904
A0A1X7BW52,353,100.87818696883852,0.368271954674221,-0.003966005665722361,0.21529745042492918,0.022276394711152298,0.0538243626062323
A0A1X7CCM3,754,88.6737400530504,0.3978779840848807,-0.18076923076923074,0.21220159151193632,0.11868978733129835,0.0649867374005305
A0A1X7EBI0,584,98.18493150684931,0.4109589041095891,-0.05273972602739724,0.22945205479452052,0.11563871353033771,0.05650684931506849
A0A1X7K7X3,575,83.47826086956522,0.3443478260869565,-0.07095652173913042,0.20173913043478262,0.10354059190706957,0.08
A0A1X7L4Q1,433,106.62817551963049,0.3879907621247113,0.6732101616628174,0.11085450346420324,-0.14017870316503683,0.11547344110854504
A0A1X7LX33,416,81.99519230769229,0.3798076923076923,-0.6778846153846153,0.22836538461538464,-0.11711339909634336,0.05288461538461539
A0A1Y0CBJ3,448,93.63839285714283,0.3950892857142857,-0.0015625000000000222,0.18526785714285712,0.09231426131890734,0.07142857142857142
A0A1Y0RRK6,515,123.86407766990291,0.42330097087378643,0.8116504854368932,0.09902912621359224,0.04921802267018165,0.11067961165048543
A0A1Y1IG19,773,89.2496765847348,0.3868046571798189,-0.21461836998706346,0.24320827943078915,-0.009143379439869771,0.05821474773609314
A0A1Y1N7Y4,345,118.89855072463769,0.4260869565217391,0.8382608695652174,0.11884057971014492,-0.020203386088287003,0.13623188405797101
A0A1Y1ZBY2,509,97.66208251473478,0.444007858546169,-0.13654223968565798,0.23968565815324164,0.014010714442814688,0.08644400785854617
A0A1Y2AVV5,395,96.22784810126583,0.3949367088607595,-0.016962025316455742,0.20759493670886076,0.06214790674884452,0.045569620253164564
A0A1Y2G594,748,43.8235294117647,0.26604278074866305,-0.5129679144385026,0.11363636363636362,0.13076828026902387,0.17780748663101603
A0A1Y2HBD7,650,85.58461538461538,0.33692307692307694,-0.273076923076923,0.2076923076923077,-0.1472151313194521,0.050769230769230775
A0A1Y2I717,507,92.72189349112426,0.39447731755424065,-0.006114398422090772,0.21499013806706113,0.007825337511956527,0.10059171597633138
A0A1Y2K3Z7,574,96.6376306620209,0.4285714285714285,-0.29111498257839724,0.25609756097560976,0.05252905127618459,0.08710801393728224
A0A1Y2L1H4,629,82.94117647058823,0.39745627980922094,-0.4343402225755166,0.2527821939586645,0.048605333433501395,0.11605723370429254
A0A1Y2PD11,331,97.49244712990937,0.4018126888217523,-0.1410876132930515,0.22960725075528704,-0.20411998265592485,0.1570996978851964
A0A1Y2QGI5,334,103.92215568862275,0.3922155688622755,-0.009281437125748387,0.19161676646706588,-0.07918124604762493,0.038922155688622756
A0A1Y2TAL0,684,89.99999999999999,0.41081871345029236,-0.14619883040935686,0.1783625730994152,0.02802872360024353,0.1111111111111111
A0A1Y2TD64,459,71.54684095860566,0.4074074074074074,-0.7808278867102396,0.2984749455337691,0.08147304282720971,0.08278867102396514
A0A1Y2XAE4,597,86.9179229480737,0.39028475711892796,-0.2706867671691792,0.22780569514237856,0.08842190278253734,0.07537688442211055
A0A1Y3CYY8,601,117.03826955074877,0.4159733777038269,0.5006655574043262,0.12312811980033278,0.0,0.12312811980033278
A0A1Y3RJ72,494,85.76923076923077,0.39473684210526316,-0.17449392712550604,0.22267206477732793,0.10914446942506809,0.08906882591093118
A0A1Y3VVU8,319,91.03448275862068,0.3793103448275862,-0.12257053291536057,0.18495297805642633,0.21805576059921727,0.08777429467084638
A0A1Y4DNS3,302,91.45695364238411,0.40397350993377484,0.00529801324503304,0.24503311258278146,0.13830269816628146,0.049668874172185434
A0A1Y4DSW7,384,95.93749999999999,0.35937499999999994,0.3252604166666666,0.19270833333333334,0.23408320603336796,0.05208333333333333
A0A1Y4NZ95,772,76.61917098445595,0.4313471502590674,-0.44300518134715006,0.272020725388601,0.0904622564573139,0.11139896373056996
A0A1Y4STM3,692,82.3699421965318,0.36416184971098264,-0.3450867052023123,0.24855491329479767,0.12057393120584996,0.08526011560693642
A0A1Y5TX36,333,102.4924924924925,0.38138138138138133,0.27537537537537543,0.18918918918918917,0.0939045028683312,0.04204204204204204
A0A1Y5XNC8,611,86.17021276595744,0.41571194762684127,-0.1973813420621932,0.24058919803600654,0.11136592941902611,0.088379705400982
A0A1Y6LQI4,750,74.91999999999999,0.3853333333333333,-0.5381333333333334,0.25599999999999995,0.008954842652926507,0.096
A0A1Y6MJ24,644,105.20186335403724,0.4285714285714286,-0.09378881987577647,0.21273291925465837,-0.0437789245785872,0.07919254658385093
A0A1Z1G7L5,380,120.42105263157895,0.39999999999999997,0.6397368421052629,0.07894736842105263,-0.1091444694250681,0.12894736842105264
A0A1Z3CG83,723,99.22544951590594,0.4177040110650069,-0.20995850622406642,0.2710926694329184,-0.061518037919215014,0.0954356846473029
A0A1Z4RCD9,718,87.92479108635098,0.4011142061281337,-0.38802228412256284,0.2479108635097493,0.019305155195386628,0.11977715877437325
A0A1Z4RLJ2,370,107.24324324324326,0.43783783783783786,0.2181081081081081,0.1810810810810811,0.08842190278253749,0.11891891891891893
A0A1Z7ZYE3,584,93.81849315068493,0.41267123287671237,-0.21267123287671247,0.2568493150684932,0.0802290016388186,0.06335616438356165
A0A1Z8QJV7,404,105.14851485148515,0.3861386138613861,0.11386138613861385,0.1881188118811881,-0.15760785336166805,0.08663366336633663
A0A1Z8S3J7,451,81.24168514412416,0.3924611973392461,-0.6629711751662971,0.32815964523281593,0.12831847725968054,0.06430155210643015
A0A1Z9IV65,720,85.50000000000001,0.4125,-0.46083333333333343,0.29027777777777775,0.061852367790924886,0.05277777777777778
A0A1Z9Q811,320,96.6875,0.45,-0.2115625,0.275,-0.01930515519538668,0.034375
A0A208Y3J5,682,75.1466275659824,0.3211143695014663,-0.3063049853372434,0.17741935483870966,0.0636690798693773,0.11583577712609971
A0A210PWB5,558,62.84946236559139,0.3315412186379928,-0.8177419354838711,0.2132616487455197,-0.06472532963665513,0.06989247311827956
A0A210QRI4,369,86.88346883468834,0.41463414634146345,-0.3552845528455286,0.23848238482384826,-0.03862940235613089,0.12195121951219512
A0A210R5E5,619,85.05654281098546,0.38449111470113084,-0.26365105008077566,0.22617124394184168,0.0,0.10823909531502424
A0A210W0M3,568,106.39084507042251,0.36619718309859156,0.595950704225352,0.0880281690140845,0.0,0.09859154929577466
A0A218P4X7,358,109.41340782122904,0.5754189944134079,-0.5530726256983238,0.4050279329608939,0.0889410833367811,0.04748603351955308
A0A220S225,456,87.60964912280701,0.41008771929824556,-0.4885964912280701,0.2741228070175438,0.21638585391485426,0.07894736842105263
A0A220VHK6,551,91.6333938294011,0.3702359346642468,-0.18384754990925584,0.2486388384754991,0.11947584090679779,0.0707803992740472
A0A222VST0,464,106.61637931034483,0.4375,0.3631465517241379,0.15517241379310345,-0.023481095849522918,0.10129310344827586
A0A223KWL4,616,79.88636363636363,0.39123376623376627,-0.4371753246753247,0.2727272727272727,0.09231426131890734,0.12987012987012986
A0A223S8P1,521,100.76775431861805,0.40690978886756235,0.20268714011516314,0.1708253358925144,0.06694678963061323,0.0671785028790787
A0A225AEN9,441,79.52380952380952,0.33333333333333326,-0.184807256235828,0.12471655328798187,0.3010299956639813,0.10204081632653061
A0A225WFR4,546,79.3040293040293,0.39743589743589747,-0.45439560439560445,0.26373626373626374,-0.04764163443522657,0.09523809523809523
A0A226NDK9,383,102.11488250652741,0.40731070496083555,0.07937336814621418,0.20365535248041777,-0.02171924969323636,0.06788511749347259
A0A229GT67,347,105.27377521613832,0.40922190201729103,0.09193083573487021,0.21902017291066284,0.0445821326527405,0.04322766570605187
A0A229NWH2,747,93.65461847389558,0.4149933065595716,-0.17161981258366793,0.20481927710843373,0.06174559594480549,0.09236947791164658
A0A229RT87,467,101.26338329764452,0.3918629550321199,0.16338329764453974,0.20342612419700215,0.11711339909634338,0.03640256959314775
A0A232ELK5,405,93.33333333333333,0.42962962962962964,-0.2844444444444443,0.2716049382716049,0.031034233739968727,0.07407407407407407
A0A235ERS6,540,93.16666666666666,0.43888888888888894,-0.18037037037037046,0.22962962962962963,0.1108956592248314,0.0851851851851852
A0A238L2H6,631,89.52456418383518,0.36133122028526155,-0.2619651347068143,0.22820919175911253,0.04764163443522658,0.05229793977812995
A0A238VVH7,305,114.75409836065573,0.4721311475409836,0.3642622950819673,0.16721311475409836,-0.21748394421390627,0.16721311475409836
A0A238WDP3,787,72.55400254129604,0.32655654383735705,-0.38665819567979676,0.16518424396442186,-0.013161446057970849,0.10546378653113087
A0A239EBX9,489,88.28220858895706,0.3946830265848671,-0.22044989775051133,0.2310838445807771,0.037788560889399844,0.04498977505112475
A0A239LJC9,453,115.36423841059602,0.45695364238410596,0.7229580573951435,0.141280353200883,-0.05270635051600292,0.12141280353200884
A0A239PW42,461,127.98264642082428,0.43817787418655096,0.8913232104121476,0.12581344902386116,-0.11650556907143712,0.08893709327548807
A0A239ZRL1,420,113.16666666666666,0.46904761904761905,-0.04595238095238102,0.2761904761904762,0.08863748704206659,0.06190476190476191
A0A243RL26,614,103.92508143322476,0.44462540716612375,0.03420195439739415,0.23941368078175895,0.13515790178998602,0.052117263843648204
A0A244EEZ3,406,87.66009852216749,0.3448275862068965,-0.1738916256157636,0.229064039408867,0.1952262694959423,0.04433497536945813
A0A246Q1G3,549,87.21311475409837,0.3624772313296903,-0.09271402550091096,0.18032786885245902,0.04303463222520185,0.0965391621129326
A0A250IU46,791,83.78002528445006,0.37420986093552466,-0.20568900126422252,0.20606826801517067,0.01579426718323198,0.06447534766118837
A0A250XCK8,593,87.8246205733558,0.37436762225969644,-0.376053962900506,0.269814502529511,0.042928200541810874,0.07251264755480608
A0A251RJT7,587,58.94378194207837,0.32538330494037476,-1.0241908006814315,0.3151618398637138,0.09795524692270655,0.04258943781942079
A0A251V7I3,773,95.2522639068564,0.38809831824062097,-0.07296248382923676,0.17852522639068563,-0.0871501757189002,0.10608020698576973
A0A251YHU9,477,92.87211740041928,0.37735849056603776,-0.2557651991614255,0.22012578616352202,0.05690485133647264,0.07756813417190776
A0A252B8M3,506,119.15019762845851,0.4051383399209486,0.8855731225296443,0.09486166007905138,0.03476210625921191,0.11857707509881424
A0A254TV68,700,75.45714285714284,0.39714285714285713,-0.5455714285714286,0.23142857142857143,0.10645533091428679,0.09714285714285714
A0A255Z306,568,119.36619718309859,0.44366197183098594,0.7769366197183099,0.125,-0.2313940675225868,0.09683098591549297
A0A256IPW9,663,123.27300150829564,0.4208144796380091,0.9660633484162895,0.0889894419306184,0.10011515288326783,0.10407239819004524
A0A256WI64,409,78.11735941320292,0.3594132029339853,-0.249877750611247,0.18092909535452323,0.5404030902638703,0.13447432762836187
A0A256ZFI5,759,109.13043478260869,0.46113306982872193,-0.09552042160737811,0.27931488801054016,-0.13917917572291025,0.08827404479578393
A0A257MCD1,342,95.84795321637426,0.41520467836257313,-0.19824561403508775,0.26023391812865493,0.12493873660829992,0.09649122807017543
A0A257YG68,457,85.25164113785557,0.3041575492341357,0.04310722100656464,0.17067833698030635,-0.06526673151259149,0.04814004376367615
A0A258ANR5,424,80.77830188679246,0.37971698113207547,-0.36250000000000004,0.23113207547169812,0.15806815492240867,0.10141509433962265
A0A258J291,415,90.6024096385542,0.39036144578313253,-0.07204819277108437,0.2144578313253012,0.10551018476997395,0.0746987951807229
A0A258N9I6,464,92.75862068965517,0.3836206896551725,-0.014870689655172575,0.21336206896551724,0.04303463222520177,0.04956896551724138
A0A258S102,471,98.81104033970276,0.3970276008492569,0.09702760084925699,0.21443736730360935,0.1446827948040571,0.05307855626326964
A0A258T9G8,781,91.81818181818183,0.3905249679897568,0.0056338028169013454,0.22151088348271447,0.12493873660829992,0.09603072983354674
A0A259CED0,769,97.6592977893368,0.4317295188556567,-0.05019505851755535,0.235370611183355,0.0047464350244616526,0.0741222366710013
A0A259M6V0,442,95.90497737556561,0.3212669683257919,0.1787330316742081,0.15158371040723984,0.08842190278253757,0.0497737556561086
A0A261RPR7,494,103.44129554655869,0.4271255060728745,0.060931174089068785,0.2165991902834008,-0.007968929671275342,0.05465587044534413
A0A261SGX4,460,100.63043478260872,0.4,0.06282608695652181,0.2043478260869565,0.14612803567823798,0.05
A0A261TUY0,313,131.1182108626198,0.46006389776357826,0.7891373801916933,0.12779552715654952,-0.16749108729376366,0.11182108626198083
A0A265DZC8,774,87.984496124031,0.40439276485788117,-0.18863049095607234,0.23901808785529716,0.004644905045763538,0.08785529715762275
A0A267FGX3,558,91.52329749103943,0.4086021505376345,-0.2754480286738352,0.25268817204301075,-0.06694678963061322,0.06810035842293907
A0A284R8H6,481,95.28066528066527,0.41995841995842,-0.16611226611226598,0.21621621621621623,-0.03279251339630749,0.07276507276507277
A0A285P6A5,563,78.18827708703374,0.3747779751332149,-0.39626998223801074,0.3019538188277087,0.37521519421851374,0.06571936056838365
A0A285Q305,768,89.73958333333333,0.4088541666666667,-0.3231770833333334,0.22135416666666669,-0.09123288011636592,0.08854166666666667
A0A286GPR6,302,115.03311258278146,0.40728476821192056,0.7589403973509932,0.12582781456953643,-0.26884531229257996,0.11258278145695365
A0A286X7W4,572,84.54545454545455,0.3566433566433566,-0.18374125874125863,0.22027972027972026,0.013572807189273915,0.06818181818181818
A0A286XCM6,753,30.916334661354583,0.34661354581673304,-1.8871181938911026,0.44621513944223107,-0.23146959043068127,0.042496679946879154
A0A292YY81,371,103.1266846361186,0.39083557951482484,0.22560646900269543,0.1994609164420485,0.13830269816628146,0.0431266846361186
A0A293LFK4,611,89.83633387888707,0.4140752864157119,-0.2055646481178396,0.25368248772504093,-0.0055324885999610066,0.07855973813420622
A0A2A2EMQ9,595,102.26890756302521,0.38487394957983195,0.6262184873949579,0.09411764705882353,0.05999792967528536,0.1512605042016807
A0A2A2K7Z8,458,89.51965065502183,0.3951965065502183,-0.05698689956331893,0.23799126637554585,0.007825337511956621,0.028384279475982533
A0A2A2N3J7,584,102.67123287671231,0.4571917808219178,-0.18578767123287665,0.2534246575342466,0.11650556907143717,0.0821917808219178
A0A2A2NDZ4,605,90.19834710743801,0.33884297520661155,-0.2953719008264464,0.22148760330578515,0.14175223561794997,0.06611570247933884
A0A2A2THQ5,380,93.94736842105263,0.3868421052631579,-0.23,0.22894736842105262,-0.04884856753781697,0.11315789473684211
A0A2A3DMA7,373,100.3485254691689,0.38337801608579086,0.16219839142091164,0.19034852546916892,0.1318875965636278,0.06166219839142091
A0A2A3L656,397,82.44332493702771,0.345088161209068,-0.0304785894206549,0.1939546599496222,0.05504756633090545,0.07304785894206549
A0A2A3MHJ6,724,90.22099447513813,0.4378453038674033,-0.3694751381215471,0.24585635359116026,0.1066942824922012,0.08011049723756905
A0A2A4ILF9,491,115.9674134419552,0.4521384928716905,0.5824847250509166,0.1670061099796334,-0.12493873660829995,0.20366598778004075
A0A2A5V0X1,480,127.7708333333333,0.40625,0.9379166666666666,0.11041666666666668,-0.14342214230231318,0.15625
A0A2A6J4F9,443,93.79232505643341,0.3972911963882619,-0.00293453724604964,0.2347629796839729,0.1321173212354233,0.09480812641083522
A0A2A6LW62,500,98.91999999999999,0.404,-0.06020000000000014,0.24,0.1290946963794577,0.058
A0A2A7ECY3,361,92.8808864265928,0.3878116343490305,-0.1673130193905818,0.25761772853185594,0.11960990310323295,0.06371191135734072
A0A2A7WR04,363,104.71074380165288,0.40771349862258954,0.0925619834710745,0.2066115702479339,0.10198953853733139,0.08539944903581267
A0A2A9EIK1,664,119.21686746987952,0.4126506024096386,0.7390060240963858,0.11295180722891567,-0.14806253545543782,0.06927710843373494
A0A2A9L928,562,73.52313167259786,0.28291814946619215,-0.21601423487544485,0.1423487544483986,0.021189299069938092,0.08540925266903915
A0A2B7WXL8,564,71.84397163120566,0.3581560283687943,-0.675886524822695,0.31028368794326244,0.06390975290513104,0.0797872340425532
A0A2B7XDT4,503,61.431411530815105,0.33001988071570576,-0.6713717693836978,0.21868787276341947,0.031034233739968817,0.11928429423459244
A0A2B7YJ15,668,74.89520958083833,0.34880239520958084,-0.3209580838323352,0.20658682634730538,0.04968778418910756,0.10179640718562874
A0A2C5ZWP0,519,115.47206165703274,0.4335260115606936,0.7308285163776495,0.12716763005780346,-0.07684003023272232,0.10404624277456648
A0A2C6C219,569,92.8646748681898,0.42179261862917394,-0.4082601054481549,0.2952548330404218,0.06141430103065222,0.11247803163444639
A0A2C8FC27,782,86.30434782608695,0.3823529411764706,-0.23375959079283887,0.21994884910485935,0.14099851366218666,0.10358056265984655
A0A2D0K2Z1,714,112.60504201680672,0.4187675070028011,0.11904761904761887,0.18767507002801123,0.025554104472388043,0.07983193277310924
A0A2D3UMZ2,424,81.20283018867924,0.36556603773584906,-0.18113207547169818,0.2193396226415094,0.10102657920288857,0.0919811320754717
A0A2D4MA95,560,84.5,0.3410714285714285,-0.366607142857143,0.2357142857142857,0.21150791627813748,0.04107142857142857
A0A2D4VHS7,473,92.85412262156449,0.3805496828752643,-0.10951374207188153,0.23890063424947147,0.11394335230683679,0.046511627906976744
A0A2D4WYN7,615,104.21138211382113,0.4211382113821138,-0.052032520325203224,0.23089430894308943,0.02413367971671937,0.07642276422764227
A0A2D4XL57,584,81.81506849315068,0.3921232876712329,-0.4330479452054794,0.2791095890410959,0.08980967259011745,0.09417808219178081
A0A2D5C819,753,86.14873837981408,0.35059760956175295,-0.27915006640106244,0.2350597609561753,0.16198300514431427,0.07569721115537847
A0A2D5GB37,478,121.4225941422594,0.38493723849372385,0.7487447698744769,0.12552301255230125,0.14132915279646935,0.050209205020920494
A0A2D5IR42,417,82.90167865707434,0.4100719424460432,-0.26618705035971224,0.24940047961630696,0.1321173212354233,0.07194244604316546
A0A2D5K8K8,494,86.03238866396762,0.37044534412955465,-0.36639676113360325,0.2773279352226721,0.006248949277001447,0.10323886639676114
A0A2D6G120,516,85.31007751937985,0.3546511627906977,-0.2519379844961241,0.24224806201550386,-0.2309921290562261,0.09496124031007752
A0A2D6PU08,504,100.81349206349206,0.4543650793650794,-0.17738095238095264,0.25595238095238093,0.16781873308969145,0.037698412698412696
A0A2D6QE75,544,76.5625,0.3400735294117647,-0.11139705882352946,0.15257352941176472,0.19748940375691165,0.09558823529411764
A0A2D6X161,669,88.78923766816143,0.2795216741405082,0.12556053811659187,0.11958146487294469,0.26187787170183285,0.053811659192825115
A0A2D6Y781,382,112.14659685863873,0.4162303664921466,0.39240837696335085,0.16753926701570682,-0.13262556527459096,0.08638743455497382
A0A2D7IRW9,459,97.88671023965142,0.40087145969498916,-0.26056644880174296,0.24183006535947713,0.02306530406869349,0.09368191721132899
A0A2D8R500,389,96.04113110539845,0.4524421593830334,-0.1760925449871465,0.24935732647814912,0.07918124604762473,0.051413881748071974
A0A2D8X1Q8,516,86.16279069767441,0.4108527131782946,-0.2228682170542636,0.25387596899224807,0.01959555606338077,0.08720930232558138
A0A2D9D4S3,315,102.06349206349205,0.39365079365079364,-0.2269841269841269,0.24126984126984127,-4.8216373327664354e-17,0.08253968253968254
A0A2D9DWU1,726,73.82920110192838,0.359504132231405,-0.67396694214876,0.3071625344352617,-0.0579919469776867,0.05785123966942149
A0A2D9HFC2,662,57.99093655589124,0.3096676737160121,-0.38459214501510564,0.21299093655589124,0.24303804868629433,0.06193353474320242
A0A2D9VS97,718,73.008356545961,0.371866295264624,-0.6852367688022283,0.23816155988857937,-0.04522753993737696,0.14484679665738162
A0A2E0GYH8,429,128.62470862470863,0.3986013986013986,0.7692307692307689,0.15151515151515152,0.09108046934733259,0.07692307692307693
A0A2E0UKX0,417,83.88489208633094,0.39088729016786566,-0.3338129496402875,0.2829736211031175,0.22184874961635645,0.07913669064748202
A0A2E1Q4I9,362,91.54696132596685,0.419889502762431,-0.362707182320442,0.27624309392265195,0.03407978957227542,0.09668508287292818
A0A2E1SNA4,628,86.73566878980891,0.37261146496815284,-0.39331210191082805,0.29617834394904463,0.24667233334138855,0.03980891719745223
A0A2E2B0S6,347,89.42363112391931,0.41498559077809793,-0.25619596541786754,0.2190201729106628,-0.022276394711152257,0.07492795389048991
A0A2E2NW51,456,90.6798245614035,0.43201754385964913,-0.3528508771929821,0.2982456140350877,0.1656258253775163,0.07017543859649122
A0A2E2QDA8,751,90.79893475366178,0.3808255659121172,-0.08109187749667118,0.203728362183755,0.1413291527964693,0.08655126498002663
A0A2E2SVI2,485,88.24742268041238,0.354639175257732,-0.10103092783505169,0.18144329896907216,0.32293183711181095,0.12577319587628866
A0A2E2TWF5,475,89.51578947368421,0.38736842105263164,-0.38989473684210524,0.24842105263157893,0.043465693781090345,0.07789473684210527
A0A2E2VDF9,351,108.37606837606839,0.4159544159544159,0.4723646723646723,0.1396011396011396,0.1549019599857431,0.11680911680911682
A0A2E2Y0N4,554,112.47292418772562,0.3953068592057762,0.5732851985559566,0.1444043321299639,0.042403848553087264,0.12635379061371843
A0A2E3J2V8,332,74.60843373493977,0.32228915662650603,-0.19216867469879528,0.22289156626506024,0.20969986003676147,0.09337349397590361
A0A2E3K8I5,638,95.0626959247649,0.39655172413793105,-0.2553291536050154,0.2617554858934169,-0.015420358867493798,0.07523510971786834
A0A2E4CJI2,471,79.00212314225053,0.4033970276008493,-0.3169851380042463,0.26751592356687903,0.12296017062621209,0.08280254777070065
A0A2E4L318,656,86.03658536585365,0.40853658536585374,-0.4362804878048781,0.27896341463414637,-0.004695121208379843,0.06707317073170732
A0A2E4N9D0,616,114.10714285714285,0.4123376623376624,0.5938311688311686,0.12987012987012986,-0.06366907986937727,0.1185064935064935
A0A2E5NLL9,394,97.13197969543145,0.434010152284264,-0.27791878172588835,0.2614213197969543,0.1760912590556813,0.07868020304568528
A0A2E5SXU1,423,80.68557919621749,0.3617021276595745,-0.45153664302600494,0.22458628841607567,0.08082319311460155,0.08747044917257683
A0A2E6NJM8,473,73.61522198731501,0.4143763213530655,-0.5775898520084566,0.2727272727272727,0.08648048478912422,0.11839323467230443
A0A2E6X7Y2,379,69.52506596306068,0.3192612137203167,-0.3907651715039579,0.2163588390501319,-0.04139268515822495,0.11609498680738786
A0A2E7LFH8,620,99.01612903225806,0.3967741935483871,-0.003387096774193521,0.21451612903225806,-0.006434110005409911,0.05645161290322581
A0A2E7PLV2,623,78.98876404494382,0.3868378812199037,-0.3468699839486355,0.23434991974317818,0.058778000553186105,0.11235955056179775
A0A2E8KU54,500,90.49999999999999,0.38,-0.17940000000000017,0.248,0.12493873660829999,0.09
A0A2E9CIA4,600,90.48333333333332,0.37666666666666665,-0.09750000000000003,0.20500000000000002,0.1330566268304794,0.06166666666666666
A0A2E9GHH4,583,92.00686106346484,0.346483704974271,-0.1768439108061749,0.22298456260720415,-0.052706350516002975,0.0737564322469983
A0A2E9QYX0,721,89.09847434119278,0.4230235783633842,-0.279750346740638,0.27045769764216365,0.24911219639848758,0.06934812760055478
A0A2E9UQN0,392,92.01530612244898,0.37755102040816324,-0.048979591836734615,0.2066326530612245,0.2024201977780304,0.03571428571428571
A0A2E9VJ34,655,94.10687022900763,0.3572519083969466,-0.20122137404580145,0.2320610687022901,0.04516215875819393,0.04732824427480916
A0A2E9Z0N0,644,108.40062111801242,0.4161490683229813,0.10077639751552803,0.19565217391304346,0.06799707909511121,0.03260869565217391
A0A2G0CIC9,509,92.22003929273085,0.4420432220039293,-0.28801571709233764,0.23968565815324167,0.05611594197893133,0.10412573673870335
A0A2G0Z9I1,360,127.49999999999999,0.44999999999999996,0.8391666666666666,0.1138888888888889,-0.14266750356873162,0.11944444444444444
A0A2G1LSW5,797,83.40025094102887,0.34002509410288584,-0.12634880803011295,0.15809284818067754,0.04074496769005944,0.09912170639899623
A0A2G1QQ53,468,89.35897435897435,0.3888888888888889,-0.14401709401709412,0.23076923076923078,0.11115045212266661,0.06623931623931624
A0A2G1YAN3,544,83.95220588235293,0.3639705882352941,-0.18455882352941178,0.2279411764705882,0.1390469905196669,0.07904411764705882
A0A2G2ACT1,615,108.5691056910569,0.416260162601626,0.331219512195122,0.1951219512195122,0.014240439114610193,0.08130081300813008
A0A2G3AAB7,617,104.89465153970825,0.3711507293354943,-0.016369529983792708,0.13776337115072934,0.04997397496183862,0.07941653160453808
A0A2G3PP64,705,79.85815602836878,0.3588652482269503,-0.21418439716312038,0.2156028368794326,0.24303804868629433,0.05815602836879433
A0A2G4IJX5,331,78.73111782477342,0.35649546827794565,-0.3135951661631421,0.202416918429003,0.012589127308020562,0.09667673716012085
A0A2G5DES6,361,91.96675900277008,0.4293628808864266,-0.22382271468144044,0.24653739612188366,0.04777278179600068,0.09418282548476455
A0A2G5DJZ9,631,88.11410459587955,0.39144215530903326,-0.1356576862123613,0.23296354992076068,0.07597610617241343,0.08874801901743265
A0A2G5F1E6,491,83.82892057026477,0.36863543788187375,-0.2775967413441956,0.2545824847250509,-0.03421410053110161,0.09164969450101834
A0A2G5K4A9,526,96.12167300380227,0.42015209125475284,-0.30475285171102673,0.2889733840304183,0.0,0.09885931558935362
A0A2G5VJ75,508,71.45669291338584,0.3307086614173229,-0.36791338582677163,0.21653543307086615,0.1567861038602945,0.08858267716535433
A0A2G6B8K3,650,91.96923076923076,0.4246153846153846,-0.2806153846153846,0.2523076923076923,0.20242019777803044,0.11384615384615385
A0A2G6DRW0,611,85.67921440261865,0.3895253682487725,-0.48919803600654654,0.30605564648117844,-0.004595751689149072,0.07692307692307693
A0A2G6LMA8,440,125.52272727272727,0.4113636363636364,0.9213636363636362,0.12045454545454544,-0.20925962230833584,0.13636363636363635
A0A2G6ZKL3,478,100.46025104602509,0.37656903765690375,0.21046025104602514,0.198744769874477,0.09892530424338199,0.060669456066945605
A0A2G7FWP1,395,78.15189873417721,0.4025316455696203,-0.5726582278481014,0.2607594936708861,0.07463361829690426,0.07341772151898734
A0A2G8BC38,397,107.25440806045339,0.397984886649874,0.3780856423173803,0.14861460957178843,-0.04275198042094989,0.09068010075566751
A0A2G8L8Y1,732,97.06284153005464,0.412568306010929,-0.38428961748633883,0.2814207650273224,0.126156954747618,0.06557377049180328
A0A2G8SAS9,552,67.69927536231883,0.33695652173913043,-0.629710144927536,0.23731884057971014,0.09837970808883208,0.07246376811594203
A0A2G8SYC9,457,78.62144420131291,0.3107221006564551,-0.20350109409190373,0.16192560175054704,0.04575749056067506,0.09628008752735229
A0A2G8XT79,601,50.33277870216306,0.25457570715474215,-0.8975041597337768,0.1564059900166389,0.09080741402120258,0.07820299500831947
A0A2G9CE59,756,85.3174603174603,0.4007936507936508,-0.5117724867724865,0.26455026455026454,0.008600171761917665,0.082010582010582
A0A2G9H0Q0,542,87.14022140221401,0.34317343173431736,-0.0184501845018451,0.2011070110701107,0.03915212396214814,0.08118081180811808
A0A2G9I9C5,753,89.7875166002656,0.32934926958831334,0.008100929614873853,0.1593625498007968,0.0857121132065827,0.08366533864541832
A0A2G9M708,653,83.84379785604901,0.3062787136294028,0.0468606431852987,0.11332312404287903,0.18563657696191166,0.08575803981623277
A0A2G9MQK8,657,114.52054794520548,0.4033485540334855,0.1659056316590563,0.2009132420091324,0.03891806603036966,0.0730593607305936
A0A2G9SD15,638,101.25391849529781,0.4200626959247649,-0.09576802507836987,0.20689655172413793,0.11738559871785412,0.09090909090909091
A0A2H0CAI9,764,109.10994764397905,0.37696335078534027,0.2772251308900524,0.20287958115183247,-0.005532488599960958,0.07198952879581152
A0A2H0FE11,365,68.65753424657535,0.3698630136986301,-0.6649315068493151,0.3232876712328767,-0.057991946977686754,0.09589041095890412
A0A2H0IMM9,551,73.0671506352087,0.31215970961887485,-0.4108892921960072,0.17604355716878403,0.16879202031418175,0.09800362976406533
A0A2H0IQN8,733,79.07230559345157,0.3506139154160982,-0.26562073669849945,0.2305593451568895,0.035576154261196126,0.08867667121418828
A0A2H0L2W9,510,83.70588235294116,0.38823529411764707,-0.40647058823529403,0.2568627450980392,0.058866659220821446,0.08431372549019608
A0A2H0QHI4,737,89.36227951153325,0.41112618724559025,-0.45563093622795087,0.2849389416553596,-0.024589273235451382,0.10040705563093623
A0A2H1FQ66,614,61.563517915309454,0.4218241042345277,-0.9846905537459285,0.3159609120521173,-0.06214790674884452,0.10097719869706841
A0A2H1HNM3,602,90.43189368770764,0.3604651162790698,-0.04518272425249176,0.20431893687707642,0.10473535052001298,0.07807308970099668
A0A2H1VJH9,551,107.6043557168784,0.4573502722323049,-0.11814882032667873,0.26678765880217786,0.017490732160335334,0.06715063520871144
A0A2H1W023,691,84.76121562952244,0.36758321273516636,-0.27235890014471786,0.22575976845151952,0.021994293706167883,0.07525325615050651
A0A2H2Z7T7,724,68.79834254143647,0.31629834254143646,-0.5863259668508288,0.23066298342541436,-0.025705400234901803,0.0718232044198895
A0A2H3H8A7,627,89.77671451355663,0.38915470494417864,-0.23987240829346088,0.23923444976076552,0.06871581236945988,0.09090909090909091
A0A2H3HFD1,302,80.89403973509934,0.3509933774834437,-0.17615894039735094,0.18211920529801323,-0.04575749056067517,0.11920529801324503
A0A2H3HXX8,402,87.38805970149254,0.3358208955223881,-0.2828358208955225,0.20895522388059698,0.1426675035687316,0.06467661691542288
A0A2H4HHX2,594,79.51178451178451,0.31986531986531985,-0.21161616161616156,0.17676767676767677,0.15588787296739423,0.09427609427609428
A0A2H4HQW6,362,133.59116022099445,0.48618784530386744,0.783149171270718,0.1270718232044199,0.10914446942506809,0.1298342541436464
A0A2H4HS27,506,84.1699604743083,0.4051383399209486,-0.22351778656126484,0.20948616600790512,-0.179444901063269,0.17786561264822134
A0A2H5S4K0,762,66.66666666666667,0.41207349081364825,-1.0874015748031503,0.3451443569553806,0.01639041618816929,0.0826771653543307
A0A2H9PE67,315,99.87301587301587,0.3936507936507936,-0.11650793650793662,0.24126984126984125,-0.022276394711152205,0.06349206349206349
A0A2I0EWV6,312,82.78846153846153,0.4134615384615385,-0.3304487179487181,0.2467948717948718,0.14424389180368655,0.09615384615384616
A0A2I0L1K2,655,88.88549618320609,0.4,-0.24900763358778605,0.22290076335877862,-0.011738403271244124,0.07938931297709924
A0A2I0LQR9,665,93.23308270676691,0.41654135338345866,-0.09609022556390978,0.21804511278195488,0.24885198399890962,0.05864661654135339
A0A2I0SFN8,496,73.125,0.22983870967741934,-0.03326612903225806,0.15524193548387094,0.010995384301463147,0.06048387096774194
A0A2I1CG17,554,98.26714801444044,0.37545126353790614,0.5001805054151625,0.11913357400722022,0.0511525224473812,0.12996389891696752
A0A2I2MDL4,480,106.52083333333333,0.4604166666666667,0.02416666666666667,0.24166666666666667,0.08863748704206643,0.07291666666666666
A0A2I2Z9D1,729,72.51028806584362,0.35802469135802467,-0.6573388203017834,0.2661179698216736,-0.11590405307236479,0.06035665294924554
A0A2I3GPS7,487,69.42505133470225,0.3326488706365503,-0.2521560574948664,0.19917864476386038,0.04390548569908171,0.09034907597535935
A0A2I3HSJ2,498,74.81927710843374,0.3132530120481928,-0.42349397590361454,0.1807228915662651,0.11394335230683672,0.050200803212851405
A0A2I3LQL4,747,79.25033467202141,0.37617135207496655,-0.4076305220883536,0.23025435073627842,0.009984220906600923,0.12315930388219545
A0A2I3RSQ1,713,96.45161290322581,0.3856942496493688,-0.007012622720897532,0.18934081346423562,-0.08266957389344617,0.08415147265077139
A0A2I3SZT5,383,80.2088772845953,0.3629242819843342,-0.3198433420365535,0.26109660574412535,0.05115252244738129,0.06788511749347259
A0A2I4FFM7,529,83.47826086956522,0.35727788279773165,-0.4514177693761816,0.2155009451795841,0.029963223377443293,0.0661625708884688
A0A2J0KLP4,778,87.35218508997428,0.4305912596401029,-0.7398457583547556,0.3688946015424165,-0.033076458801586175,0.056555269922879174
A0A2J0LG07,565,93.53982300884955,0.4176991150442477,-0.21345132743362838,0.26902654867256637,-0.011281010409689157,0.09734513274336283
A0A2J4JSU8,625,63.92,0.2592,-0.36431999999999987,0.15999999999999998,0.13738355606255767,0.05600000000000001
A0A2J6GZS6,602,81.61129568106313,0.40199335548172754,-0.7978405315614616,0.3388704318936877,0.06759937349780962,0.11461794019933555
A0A2J6I939,777,96.30630630630631,0.38610038610038616,-0.26177606177606183,0.2175032175032175,0.06616073605511376,0.10939510939510941
A0A2J6SCX9,532,96.46616541353382,0.381578947368421,0.30657894736842106,0.14849624060150374,-0.09691001300805639,0.12406015037593984
A0A2J6TTS6,392,54.31122448979592,0.2806122448979592,-0.792091836734694,0.27040816326530615,-0.048304679574554976,0.07653061224489796
A0A2J7Q7D3,643,83.87247278382581,0.385692068429238,-0.37822706065318823,0.2332814930015552,0.06871581236945996,0.08242612752721618
A0A2J8I5C7,351,87.26495726495726,0.41880341880341876,-0.2737891737891738,0.2678062678062678,0.18364439694612716,0.09116809116809116
A0A2J8L211,689,82.77213352685051,0.37155297532656023,-0.356168359941945,0.24673439767779393,0.04042865705560813,0.0899854862119013
A0A2K0T2R1,479,64.258872651357,0.3235908141962422,-0.5868475991649267,0.23382045929018788,0.06105396540997798,0.10855949895615866
A0A2K0TP82,694,63.25648414985589,0.33141210374639773,-0.7001440922190202,0.2910662824207493,0.00851585092252964,0.06484149855907781
A0A2K0TUH2,435,73.70114942528735,0.3563218390804597,-0.38758620689655177,0.26206896551724135,0.1512676753306491,0.07816091954022988
A0A2K0W9L9,572,78.84615384615385,0.3618881118881119,-0.29353146853146855,0.22552447552447552,0.033168363252654674,0.0944055944055944
A0A2K2ATB4,393,83.15521628498728,0.35114503816793896,-0.18396946564885513,0.1806615776081425,0.10763387839982945,0.09669211195928754
A0A2K2FM13,595,88.11764705882352,0.4151260504201681,-0.3127731092436972,0.30756302521008405,0.061136743353982295,0.09579831932773109
A0A2K3DUZ8,798,69.71177944862154,0.3157894736842105,-0.43208020050125306,0.23433583959899748,0.02298390692068959,0.05137844611528822
A0A2K3DVV0,719,57.05146036161335,0.3282336578581363,-0.7286509040333798,0.2851182197496523,0.07149441738133389,0.05702364394993046
A0A2K3V1Y7,353,82.43626062322946,0.34844192634560905,-0.0025495750708215414,0.1529745042492918,-0.09342168516223505,0.08781869688385269
A0A2K5CI83,503,68.8469184890656,0.3359840954274354,-0.41192842942345953,0.24254473161033796,0.08432088570003587,0.06759443339960239
A0A2K5DV66,380,67.26315789473684,0.33684210526315783,-0.29605263157894735,0.21842105263157896,-0.13389357926122644,0.09473684210526315
A0A2K5LI19,718,88.81615598885793,0.38857938718662954,-0.27952646239554335,0.25208913649025066,-0.004746435024461691,0.09192200557103064
A0A2K5QEK5,779,86.13607188703466,0.3876765083440308,-0.1125802310654686,0.2053915275994865,-0.11868978733129847,0.10012836970474967
A0A2K5U4I4,549,77.37704918032786,0.38979963570127507,-0.5530054644808742,0.26229508196721313,0.1318875965636278,0.04735883424408015
A0A2K5V2Y3,460,107.67391304347827,0.46304347826086956,-0.046304347826087056,0.2347826086956522,0.015794267183231885,0.10652173913043478
A0A2K5V605,412,80.31553398058253,0.33009708737864074,-0.14271844660194172,0.20631067961165048,0.04997397496183862,0.06796116504854369
A0A2K5XM46,555,76.43243243243244,0.3675675675675676,-0.6068468468468469,0.24324324324324323,-0.03171441317720662,0.06486486486486487
A0A2K5YLJ4,672,83.72023809523809,0.3839285714285714,-0.47782738095238086,0.2589285714285714,0.04940485617786128,0.06994047619047619
A0A2K6C9B2,637,91.35007849293564,0.38304552590266877,-0.3503924646781789,0.2401883830455259,0.05049099226326081,0.0565149136577708
A0A2K6LXQ9,735,81.95918367346937,0.41496598639455784,-0.2748299319727892,0.20408163265306123,0.034304231169985565,0.14965986394557823
A0A2K6M637,534,82.32209737827716,0.3764044943820225,-0.1599250936329587,0.19662921348314605,0.17271151840430063,0.08052434456928839
A0A2K6R0A1,323,70.6501547987616,0.3374613003095975,-0.9436532507739941,0.32198142414860687,-0.09875415370642673,0.03405572755417957
A0A2K8SP56,382,126.04712041884815,0.4973821989528796,0.04476439790575909,0.23560209424083767,0.0,0.060209424083769635
A0A2L0A782,472,109.57627118644066,0.4470338983050848,0.5538135593220338,0.13347457627118645,-0.12104369272477575,0.17796610169491525
A0A2L0N3G5,325,123.72307692307692,0.4338461538461539,0.8510769230769228,0.11384615384615385,-0.06694678963061322,0.07384615384615385
A0A2L2XLS1,677,97.23781388478582,0.38995568685376664,-0.1943870014771049,0.23485967503692762,0.005395031886706144,0.07976366322008863
A0A2L2YVJ9,362,90.46961325966849,0.3977900552486188,-0.4157458563535912,0.27900552486187846,-0.04219767979445483,0.09116022099447513
A0A2M6UD36,521,87.69673704414586,0.3761996161228407,-0.13915547024952007,0.23032629558541268,0.014240439114610193,0.08445297504798464
A0A2M7DIW2,629,80.41335453100157,0.3577106518282989,-0.4076311605723371,0.2543720190779014,0.09691001300805642,0.13195548489666137
A0A2M7E7S5,472,87.83898305084745,0.4067796610169491,-0.39915254237288134,0.3050847457627119,-0.05958568998424408,0.09322033898305085
A0A2M8FEX4,631,92.72583201267828,0.3946117274167987,-0.2206022187004754,0.2187004754358162,-0.07463361829690426,0.07765451664025358
A0A2M8J2K6,316,97.46835443037975,0.36392405063291133,0.1582278481012658,0.1962025316455696,0.08167004645131955,0.04113924050632911
A0A2M8YFI7,682,112.08211143695013,0.4120234604105572,0.4956011730205279,0.1304985337243402,-0.08618614761628333,0.11290322580645161
A0A2M9HGE6,335,92.86567164179105,0.4417910447761194,-0.30835820895522403,0.2417910447761194,-0.1157953571684302,0.07462686567164178
A0A2M9JPQ4,391,82.91560102301791,0.33248081841432225,-0.28542199488491055,0.17902813299232737,-0.024133679716719363,0.05115089514066497
A0A2N1GWN3,483,87.12215320910973,0.4016563146997929,-0.2351966873706003,0.2339544513457557,0.12934785551335506,0.07039337474120083
A0A2N1KSU3,371,89.13746630727762,0.3854447439353099,-0.1673854447439354,0.2129380053908356,-0.07525095241919248,0.12129380053908356
A0A2N1P9H5,486,104.11522633744856,0.4362139917695473,0.2510288065843621,0.205761316872428,0.03407978957227542,0.11934156378600823
A0A2N1PEC6,396,120.63131313131312,0.39646464646464646,0.43813131313131326,0.19444444444444445,0.05504756633090545,0.07323232323232323
A0A2N1S4N7,535,99.92523364485982,0.4112149532710281,-0.19158878504672908,0.24672897196261684,0.10420925174955584,0.10280373831775702
A0A2N2LK49,405,81.43209876543209,0.382716049382716,-0.2123456790123457,0.2148148148148148,-0.009759837289156213,0.08148148148148149
A0A2N2NTG9,507,101.4792899408284,0.4142011834319526,-0.06173570019723856,0.18737672583826429,0.4137342758552695,0.10453648915187377
A0A2N2W7J9,643,111.92846034214621,0.38724727838258166,0.5679626749611199,0.14930015552099535,-0.08894108333678111,0.12286158631415242
A0A2N2XRN6,755,88.6225165562914,0.4039735099337749,-0.22754966887417233,0.23443708609271524,0.03398449731036736,0.10728476821192054
A0A2N2ZPG1,360,87.02777777777777,0.3666666666666667,-0.35388888888888903,0.2222222222222222,0.021189299069938092,0.13055555555555556
A0A2N3BSG3,359,93.48189415041782,0.3398328690807799,0.24902506963788296,0.1671309192200557,0.1413291527964693,0.06406685236768803
A0A2N3CNB5,629,82.49602543720191,0.3799682034976153,-0.33545310015898244,0.22257551669316378,0.11069829749368978,0.09220985691573927
A0A2N3I8P4,714,87.43697478991596,0.37254901960784315,-0.2474789915966386,0.2072829131652661,0.17609125905568124,0.09943977591036415
A0A2N4Y184,687,83.2023289665211,0.3740902474526928,-0.23871906841339147,0.2430858806404658,0.08766935627314382,0.0975254730713246
A0A2N5KET9,539,82.04081632653062,0.4285714285714286,-0.354359925788497,0.26530612244897955,0.07808315574857277,0.0816326530612245
A0A2N5V817,364,89.56043956043955,0.33241758241758246,-0.2766483516483518,0.18681318681318682,-0.25527250510330607,0.054945054945054944
A0A2N5X5Y9,745,78.46979865771813,0.35838926174496644,-0.313020134228188,0.19999999999999998,0.3449354813630629,0.12080536912751678
A0A2N5XX41,679,75.41973490427098,0.3387334315169367,-0.3720176730486009,0.25184094256259204,0.10595814198545353,0.06921944035346098
A0A2N5ZFG6,449,76.65924276169265,0.3608017817371938,-0.3365256124721604,0.311804008908686,0.012234456417011682,0.08685968819599109
A0A2N6B0P4,359,79.91643454038997,0.3342618384401114,-0.09108635097493029,0.1754874651810585,0.12104369272477583,0.09192200557103064
A0A2N6BCM1,798,115.66416040100252,0.4235588972431078,0.4781954887218045,0.16165413533834586,-0.07310709833543166,0.09273182957393483
A0A2N6F881,675,88.66666666666667,0.39555555555555555,-0.37614814814814806,0.22962962962962963,0.0944212126043617,0.07555555555555556
A0A2N6JZB9,499,92.625250501002,0.38276553106212424,-0.10420841683366738,0.1963927855711423,0.1401787031650368,0.06613226452905811
A0A2N6NJE3,641,76.89547581903275,0.40561622464898595,-0.4970358814352575,0.27145085803432134,0.06923858641019798,0.0982839313572543
A0A2N7QPJ6,394,74.41624365482234,0.3730964467005077,-0.4124365482233502,0.24619289340101524,0.04390548569908171,0.11421319796954316
A0A2N7U5L5,366,114.31693989071039,0.44262295081967207,0.7076502732240437,0.12568306010928962,-0.22184874961635637,0.13934426229508196
A0A2N8K867,305,86.55737704918033,0.4426229508196721,-0.40524590163934404,0.2557377049180328,-0.2451721781989803,0.08852459016393444
A0A2N8TE53,352,90.68181818181819,0.40056818181818177,-0.09062500000000007,0.22727272727272727,0.0636690798693773,0.04261363636363637
A0A2N8ZBI4,527,120.32258064516128,0.4098671726755218,0.5992409867172674,0.16129032258064516,0.04997397496183862,0.1062618595825427
A0A2N9EBX5,560,85.92857142857143,0.3767857142857143,-0.06107142857142844,0.15357142857142858,0.09913147300201446,0.10892857142857143
A0A2N9GKZ8,516,100.1937984496124,0.4282945736434109,-0.10058139534883725,0.2596899224806202,0.06398231066687424,0.07751937984496124
A0A2N9GRX3,494,83.52226720647774,0.3927125506072875,-0.3469635627530365,0.24898785425101216,0.0069488599553278255,0.09919028340080971
A0A2N9HRY5,318,92.32704402515724,0.279874213836478,0.33176100628930805,0.1069182389937107,-0.09691001300805639,0.07861635220125786
A0A2N9LIQ9,495,84.52525252525251,0.4121212121212121,-0.36707070707070716,0.23434343434343435,-0.0147232568207064,0.09292929292929293
A0A2N9LUT0,404,105.09900990099008,0.4504950495049505,-0.04579207920792072,0.2599009900990099,0.024359345859444693,0.027227722772277228
A0A2P0AWW2,312,79.13461538461539,0.33974358974358976,-0.29070512820512817,0.23717948717948723,0.13830269816628138,0.07051282051282051
A0A2P4QDU4,783,86.04086845466156,0.3831417624521073,-0.36296296296296304,0.2298850574712644,-0.05735280855195212,0.1111111111111111
A0A2P4QXG8,363,76.2809917355372,0.35812672176308546,-0.9190082644628098,0.3085399449035813,0.12271727661434188,0.05509641873278237
A0A2P4SRD4,784,81.82397959183673,0.38010204081632654,-0.04502551020408169,0.1875,-0.08773904968289029,0.1173469387755102
A0A2P4Y099,320,84.40625,0.36250000000000004,-0.15843750000000006,0.225,0.0234810958495229,0.07500000000000001
A0A2P5F2Z0,375,83.83999999999999,0.4053333333333333,-0.20666666666666678,0.2346666666666667,0.038629402356131,0.09066666666666667
A0A2P5I9K4,381,81.33858267716536,0.4461942257217848,-0.515748031496063,0.2913385826771654,0.11598389395537348,0.09448818897637795
A0A2P5SNY1,673,80.63893016344726,0.3610698365527489,-0.4120356612184251,0.21842496285289748,-0.1833904977971807,0.04457652303120357
A0A2P5VM11,506,69.72332015810277,0.2984189723320158,-0.4711462450592887,0.2648221343873518,0.3203351508593678,0.05928853754940711
A0A2P6SAS5,645,91.10077519379844,0.4015503875968992,-0.08294573643410852,0.21550387596899223,-0.06790023563793578,0.11007751937984496
A0A2P6TDM9,702,101.35327635327636,0.37179487179487175,0.5572649572649573,0.11253561253561253,-0.010723865391773113,0.1267806267806268
A0A2P8E9T9,795,98.50314465408806,0.4377358490566038,-0.4,0.309433962264151,-0.021018350639506796,0.07169811320754717
A0A2P8NK22,506,106.02766798418972,0.4090909090909091,0.20494071146245063,0.20355731225296442,-0.024823583725032104,0.06126482213438735
A0A2P8VK39,434,76.52073732718894,0.27419354838709675,-0.3483870967741936,0.20506912442396313,0.550228353055094,0.0576036866359447
A0A2P9DIB5,772,89.36528497409326,0.41839378238341973,-1.01580310880829,0.35103626943005184,0.07335170238690096,0.05310880829015544
A0A2R2MLT6,442,67.17194570135746,0.30995475113122173,-0.6463800904977375,0.2895927601809955,-0.23257261500812948,0.08371040723981901
A0A2R4PGF4,777,105.07078507078506,0.38996138996138996,0.23976833976833986,0.18404118404118402,0.05398181246624554,0.05019305019305019
A0A2R4T4M9,592,77.36486486486487,0.38851351351351354,-0.6699324324324325,0.2466216216216216,0.03523237645340663,0.06925675675675676
A0A2R5FAZ5,304,87.69736842105263,0.3223684210526316,0.13782894736842116,0.21052631578947367,0.05270635051600291,0.07894736842105263
A0A2R5LNF9,626,96.30990415335464,0.41373801916932906,-0.33386581469648546,0.26038338658146964,-0.005264239992357182,0.06070287539936102
A0A2R6EH25,722,87.92243767313019,0.389196675900277,-0.3754847645429361,0.3213296398891967,0.5124903414856492,0.029085872576177285
A0A2R6ER51,728,89.3131868131868,0.42170329670329676,-0.3891483516483517,0.28571428571428575,0.3197794316768202,0.03159340659340659
A0A2R6FQR0,711,64.23347398030943,0.3656821378340365,-0.5703234880450068,0.2714486638537271,0.6450946235531642,0.09985935302390998
A0A2R6GTE0,752,88.63031914893615,0.41356382978723394,-0.3227393617021275,0.2898936170212766,0.20925962230833592,0.034574468085106384
A0A2R6RYJ4,644,105.2639751552795,0.40217391304347827,0.14922360248447208,0.203416149068323,-0.03266911675336819,0.06677018633540373
A0A2R6S146,521,69.2898272552783,0.30518234165067176,-0.2761996161228407,0.15738963531669867,-0.146128035678238,0.11324376199616124
A0A2R6X2L6,513,84.77582846003897,0.3742690058479532,-0.16471734892787537,0.21637426900584794,0.05387538078285457,0.08576998050682261
A0A2R7IJ32,525,92.83809523809524,0.33523809523809517,0.10952380952380952,0.14095238095238094,-0.06871581236945981,0.0419047619047619
A0A2R7MBZ1,361,88.55955678670361,0.29362880886426596,0.016343490304709274,0.18836565096952906,0.22847932851536945,0.05817174515235457
A0A2R8AEG0,587,99.28449744463373,0.3798977853492334,0.08074957410562195,0.2282793867120954,0.08973142838093295,0.039182282793867124
A0A2S0NFY0,507,88.14595660749507,0.40433925049309666,-0.2037475345167653,0.20315581854043394,-0.024823583725032152,0.09467455621301776
A0A2S0ULG5,336,121.93452380952381,0.3928571428571429,0.9288690476190474,0.11607142857142856,-0.10645533091428673,0.13095238095238093
A0A2S0UMD3,491,88.57433808553972,0.42973523421588594,-0.4120162932790223,0.31568228105906315,0.0055324885999610066,0.0570264765784114
A0A2S1NV69,322,117.14285714285715,0.4409937888198758,0.5950310559006211,0.10869565217391305,-0.07058107428570722,0.14596273291925466
A0A2S2CVX8,355,70.53521126760562,0.3549295774647887,-0.4614084507042254,0.2535211267605634,-0.09478631937820092,0.039436619718309855
A0A2S2DT27,707,90.31117397454031,0.39321074964639324,-0.06308345120226316,0.1824611032531825,0.11335686405848489,0.12022630834512024
A0A2S2R1R3,479,69.79123173277662,0.34655532359081426,-0.9935281837160753,0.29018789144050106,-0.23338666301011363,0.09185803757828809
A0A2S3HB81,354,88.33333333333333,0.2994350282485876,0.16101694915254236,0.1384180790960452,0.19033169817029144,0.0847457627118644
A0A2S3X8Y9,384,97.78645833333334,0.3828125,-0.14270833333333327,0.23437499999999997,0.037788560889399844,0.046875
A0A2S5ZZV1,474,81.13924050632912,0.3818565400843882,-0.13143459915611827,0.22151898734177214,0.13917917572291025,0.10548523206751055
A0A2S6NLK0,522,95.32567049808429,0.47318007662835254,-0.3136015325670501,0.32758620689655177,0.19923106256394385,0.05172413793103448
A0A2S6R2B4,539,87.94063079777365,0.3710575139146568,-0.1929499072356216,0.23191094619666047,0.006839424530305443,0.0686456400742115
A0A2S7FM79,316,89.24050632911393,0.3575949367088608,-0.11265822784810131,0.21202531645569622,0.13966199342900634,0.06645569620253164
A0A2S7P8D5,776,94.62628865979381,0.3853092783505154,0.029252577319587747,0.19716494845360824,0.07302093734280646,0.08118556701030927
A0A2S7SY91,419,91.6706443914081,0.4295942720763723,-0.2670644391408115,0.2601431980906921,0.007825337511956621,0.13842482100238665
A0A2S7WFM8,556,86.79856115107913,0.3866906474820144,-0.5188848920863307,0.2787769784172662,-0.049846372645097774,0.09892086330935251
A0A2S8A6Z8,349,85.24355300859598,0.40114613180515757,-0.3424068767908309,0.3037249283667622,0.04830467957455513,0.10315186246418338
A0A2S8B8V0,630,77.01587301587301,0.37936507936507935,-0.41206349206349213,0.2523809523809524,0.13597403584769888,0.0761904761904762
A0A2S8YLC1,448,125.35714285714286,0.42410714285714285,0.6993303571428571,0.10714285714285714,-0.1401787031650369,0.09821428571428571
A0A2S9D3L9,491,114.80651731160899,0.38085539714867617,0.45885947046843184,0.1446028513238289,-0.08354605145007499,0.08757637474541752
A0A2S9V5Z0,345,95.85507246376812,0.37681159420289856,-0.022028985507246468,0.1855072463768116,0.0,0.07246376811594203
A0A2S9YD84,678,128.90855457227138,0.443952802359882,0.7876106194690267,0.140117994100295,0.08082319311460155,0.05309734513274336
A0A2T0QG19,357,86.97478991596638,0.38375350140056025,-0.454901960784314,0.2717086834733894,0.008773924307505154,0.058823529411764705
A0A2T2P331,621,68.32528180354267,0.36876006441223835,-0.6347826086956522,0.26247987117552335,-0.10046496722509951,0.08695652173913043
A0A2T2VW86,318,84.30817610062893,0.4213836477987421,-0.42578616352201265,0.24528301886792453,-0.08715017571890014,0.14779874213836477
A0A2T2WVM2,365,97.50684931506851,0.3808219178082192,0.17369863013698633,0.12876712328767123,-0.08894108333678105,0.09315068493150684
A0A2T3B1L2,307,83.19218241042346,0.35504885993485347,-0.09120521172638435,0.21824104234527686,0.08842190278253749,0.0749185667752443
A0A2T3QK55,784,92.94642857142857,0.39413265306122447,-0.4007653061224491,0.21428571428571427,-0.010219165181686082,0.08418367346938775
A0A2T3Z188,339,71.17994100294985,0.2625368731563422,-0.05870206489675506,0.10324483775811209,0.16633142176652496,0.06784660766961652
A0A2T3ZQ48,619,57.108239095315014,0.34248788368336025,-0.6932148626817449,0.2294022617124394,0.0362121726544448,0.058158319870759284
A0A2T3ZVW4,727,72.88858321870701,0.3713892709766163,-0.45144429160935357,0.203576341127923,0.0696359281413944,0.09215955983493809
A0A2T4CG85,551,64.55535390199637,0.27041742286751363,-0.26497277676951014,0.1724137931034483,0.13540417028646487,0.07441016333938294
A0A2T4T614,448,91.875,0.4129464285714286,-0.2950892857142856,0.20535714285714285,0.0,0.11607142857142858
A0A2T4T728,598,100.50167224080269,0.403010033444816,-0.2416387959866221,0.2792642140468227,0.04630001965296922,0.08193979933110368
A0A2T4WDS7,726,72.47933884297521,0.31542699724517903,-0.20413223140495862,0.1349862258953168,0.36797678529459443,0.12121212121212122
A0A2T4Z7S9,388,90.33505154639175,0.4149484536082474,-0.2208762886597938,0.23195876288659795,0.05672762444892706,0.08247422680412371
A0A2T5BLP2,610,88.45901639344262,0.3950819672131147,-0.18344262295081964,0.22950819672131145,0.08591462870659339,0.07868852459016393
A0A2T5C4P3,735,90.65306122448979,0.3850340136054422,-0.16530612244897971,0.22040816326530613,0.010593073497424202,0.1197278911564626
A0A2T5CA91,505,96.35643564356435,0.4217821782178218,-0.08732673267326735,0.23564356435643566,-0.007178584627123409,0.061386138613861385
A0A2T5HBB2,411,108.44282238442821,0.38929440389294406,0.5445255474452555,0.1386861313868613,-0.10354059190706953,0.121654501216545
A0A2T5ILG2,357,83.10924369747899,0.3081232492997199,-0.11960784313725503,0.22408963585434175,0.3832167518513312,0.06722689075630253
A0A2T5P5U4,691,103.45875542691752,0.4384949348769899,-0.10680173661360359,0.2272069464544139,0.02732312721123478,0.05209840810419682
A0A2T6D7W6,525,68.15238095238095,0.36000000000000004,-0.4220952380952382,0.23047619047619047,0.0636690798693773,0.10666666666666666
A0A2T6J3X4,634,54.02208201892744,0.3659305993690852,-0.7681388012618298,0.27602523659305994,0.02454294107752592,0.06466876971608833
A0A2T6JB45,310,77.09677419354838,0.3258064516129032,-0.2338709677419356,0.16129032258064516,0.06694678963061323,0.08387096774193548
A0A2T7CVF0,657,77.50380517503804,0.3683409436834094,-0.5077625570776257,0.2557077625570776,0.03066881976645196,0.0684931506849315
A0A2T7LHE7,507,80.53254437869822,0.36489151873767256,-0.18895463510848132,0.20118343195266275,0.15186137943118047,0.09861932938856016
A0A2T7NKS9,352,81.67613636363636,0.33522727272727265,0.04943181818181808,0.17329545454545453,0.12493873660829999,0.08806818181818182
A0A2T7VRA4,451,86.36363636363636,0.35033259423503327,0.04079822616407974,0.19068736141906875,-0.07918124604762487,0.08203991130820398
A0A2U0U1K9,503,93.85685884691848,0.4254473161033797,-0.29224652087475167,0.24453280318091453,-0.07663405703374492,0.08151093439363817
A0A2U1DZC8,344,90.61046511627909,0.2877906976744186,0.0985465116279069,0.14825581395348839,-0.1153934187020696,0.055232558139534885
A0A2U1K0U1,638,85.78369905956113,0.4169278996865204,-0.47366771159874654,0.2664576802507837,0.030311914268838884,0.0987460815047022
A0A2U1LHE1,751,62.982689747003995,0.31424766977363516,-0.8077230359520637,0.27163781624500666,-0.03374858308765978,0.04660452729693741
A0A2U1LIJ8,504,101.58730158730158,0.4166666666666667,0.07559523809523805,0.23214285714285712,-0.0805195968198871,0.09126984126984126
A0A2U1LM99,647,78.14528593508501,0.3663060278207109,-0.3984544049459041,0.23956723338485317,0.08324010252449242,0.08346213292117466
A0A2U1MHA8,553,82.27848101265822,0.3381555153707052,-0.3457504520795661,0.2278481012658228,-0.09538349304658393,0.07233273056057866
A0A2U1P7S8,732,65.05464480874316,0.3333333333333333,-0.5252732240437157,0.25546448087431695,-0.05060999335508715,0.09836065573770492
A0A2U1V570,511,92.23091976516635,0.3816046966731898,0.08649706457925627,0.1643835616438356,0.06069784035361165,0.06262230919765166
A0A2U1XXA6,712,92.14887640449439,0.3974719101123595,-0.19747191011235948,0.2542134831460674,0.13881514009228837,0.05056179775280899
A0A2U3ALK4,348,128.6781609195402,0.442528735632184,0.718390804597701,0.14080459770114942,-0.15490195998574322,0.12643678160919541
A0A2U3C055,689,90.74020319303338,0.36865021770682144,-0.2103047895500726,0.2409288824383164,0.04139268515822508,0.05370101596516691
A0A2U3NTW9,428,76.93925233644859,0.3901869158878504,-0.3158878504672898,0.23598130841121495,0.07609016907048294,0.10280373831775699
A0A2U3RTU7,656,86.26524390243901,0.3353658536585366,-0.30167682926829276,0.17378048780487804,0.09017663034908804,0.07621951219512195
A0A2U4C4F3,706,61.57223796033994,0.424929178470255,-1.1924929178470256,0.3767705382436261,-0.12399359046398718,0.042492917847025496
A0A2U8PS66,651,102.51920122887866,0.43778801843317977,0.02811059907834107,0.2227342549923195,0.01772876696043162,0.07680491551459294
A0A2V0PG90,674,57.225519287833826,0.27299703264094954,-0.916913946587537,0.1795252225519288,-0.16435285578443712,0.02373887240356083
A0A2V1C2M7,714,79.57983193277312,0.3557422969187675,-0.2561624649859945,0.18487394957983191,0.11738559871785412,0.10504201680672269
A0A2V2AEU1,353,132.57790368271952,0.46458923512747874,0.8382436260623229,0.1388101983002833,-0.08543019532462635,0.13031161473087818
A0A2V2D930,718,94.12256267409471,0.41086350974930363,-0.16699164345403888,0.27158774373259054,0.10187343253960644,0.055710306406685235
A0A2V2UGD9,512,78.69140625,0.37890625,-0.09746093749999996,0.22265625,0.09017663034908804,0.111328125
A0A2V3XW90,720,74.02777777777777,0.4097222222222222,-0.38194444444444436,0.24583333333333335,0.15195757933896187,0.14027777777777778
A0A2V4DZM7,752,92.34042553191489,0.4055851063829787,-0.39734042553191484,0.2566489361702128,0.04011722320798241,0.08111702127659574
A0A2V4KU74,760,107.51315789473685,0.4078947368421053,0.28605263157894734,0.16973684210526316,0.03316836325265459,0.08684210526315789
A0A2V5NB31,631,94.23137876386689,0.41362916006339145,-0.12329635499207603,0.23930269413629157,0.08543019532462637,0.06973058637083993
A0A2V5P4K1,608,105.19736842105263,0.4588815789473684,0.13486842105263153,0.20230263157894735,-0.06264680913788918,0.11348684210526315
A0A2V5U5N1,770,91.5064935064935,0.4064935064935065,-0.22272727272727277,0.23376623376623376,-0.019092941909022314,0.07012987012987013
A0A2V6AXF5,782,107.49360613810741,0.42071611253196933,0.18401534526854227,0.17774936061381075,-0.10523540179218752,0.07544757033248081
A0A2V6F1S2,780,117.49999999999999,0.4435897435897436,0.3805128205128203,0.19358974358974357,-0.06255550366464135,0.08076923076923076
A0A2V6JQ56,303,105.28052805280528,0.4026402640264027,-0.006930693069306881,0.21782178217821785,0.05115252244738129,0.04620462046204621
A0A2V6NJ53,569,93.76098418277678,0.4358523725834798,-0.2796133567662566,0.28646748681898065,0.06857641436412143,0.06678383128295255
A0A2V6R2Y7,765,101.92156862745097,0.4562091503267973,-0.08366013071895434,0.2496732026143791,0.058594715265847384,0.043137254901960784
A0A2V6S5U0,589,80.50933786078099,0.34295415959252973,-0.059762308998302094,0.1935483870967742,0.029963223377443293,0.07130730050933787
A0A2V6ZYB4,403,88.8833746898263,0.39454094292803976,-0.11935483870967734,0.21836228287841192,0.0,0.05955334987593053
A0A2V7CKU3,601,112.61231281198003,0.39434276206322794,0.5926788685524126,0.11314475873544093,-0.07463361829690421,0.08652246256239601
A0A2V7E5I3,514,95.70038910505836,0.47665369649805445,-0.30719844357976633,0.301556420233463,0.07208642928302429,0.06031128404669261
A0A2V7JTS5,522,105.67049808429117,0.450191570881226,0.18409961685823759,0.18773946360153257,-0.05217801166507157,0.11302681992337164
A0A2V7MIB2,680,90.02941176470588,0.42352941176470593,-0.13338235294117634,0.22647058823529412,0.03342375548694973,0.09705882352941178
A0A2V7N5W9,644,95.9472049689441,0.42701863354037267,-0.13695652173913053,0.2515527950310559,0.07432874325321269,0.062111801242236024
A0A2V7S5M1,531,119.37853107344631,0.4350282485875706,0.7028248587570621,0.12617702448210924,-0.16562582537751633,0.0903954802259887
A0A2V8EQI4,629,80.68362480127185,0.4165341812400636,-0.24419713831478546,0.24960254372019078,0.04921802267018165,0.0985691573926868
A0A2V8GX71,652,73.17484662576688,0.33742331288343563,-0.4127300613496933,0.19171779141104295,-0.034214100531101715,0.11196319018404907
A0A2V8S644,768,85.6640625,0.40364583333333326,-0.14492187499999998,0.21744791666666666,-0.09806659020799868,0.09244791666666666
A0A2V8UIF0,591,82.18274111675127,0.3197969543147208,-0.30981387478849415,0.1793570219966159,-0.17944490106326907,0.043993231810490696
A0A2V9EF89,707,78.61386138613862,0.38896746817538896,-0.3427157001414427,0.24611032531824611,-0.039508541283673634,0.10325318246110325
A0A2V9FRL3,451,77.89356984478935,0.36141906873614194,-0.3128603104212862,0.2106430155210643,0.02687214640030133,0.11973392461197341
A0A2V9KBV1,477,75.80712788259957,0.3983228511530398,-0.4075471698113207,0.25366876310272535,-0.049485363079918375,0.11320754716981132
A0A2V9T2T4,625,85.232,0.3872,-0.33791999999999983,0.2272,0.12142216288546279,0.08960000000000001
A0A2W0C341,763,96.47444298820446,0.4167758846657929,-0.13145478374836161,0.2254259501965924,-0.049973974961838655,0.07208387942332897
A0A2W1BXZ4,758,71.6622691292876,0.3575197889182058,-0.5108179419525067,0.23614775725593667,-0.0047988828817688055,0.07124010554089709
A0A2W2ATY7,525,88.15238095238095,0.36190476190476195,-0.04533333333333328,0.22095238095238096,0.05897785995933779,0.06095238095238095
A0A2W2BKE9,404,82.82178217821783,0.3935643564356435,-0.26361386138613874,0.24257425742574257,-0.052178011665071626,0.13613861386138615
A0A2W2CLE8,712,80.56179775280899,0.3721910112359551,-0.24803370786516843,0.21348314606741575,0.18315311354316804,0.07724719101123595
A0A2W4JH97,661,96.88350983358546,0.47049924357034795,-0.03661119515885042,0.24357034795763993,0.03732432302381238,0.09379727685325265
A0A2W4ME09,785,86.42038216560509,0.4484076433121019,-0.3919745222929936,0.26496815286624203,0.07463361829690418,0.10191082802547771
A0A2W4UFQ7,400,99.8,0.375,0.05575000000000002,0.19,0.18073616410144472,0.0225
A0A2W4XN53,662,77.03927492447129,0.44108761329305135,-0.7206948640483385,0.33534743202416917,0.007755464696762211,0.052870090634441085
A0A2W7IJA3,604,81.9867549668874,0.3824503311258278,-0.2708609271523179,0.24172185430463577,0.07058107428570728,0.07119205298013245
A0A2W7MIZ5,325,106.76923076923077,0.39999999999999997,0.08061538461538459,0.24000000000000002,0.06526673151259157,0.052307692307692305
A0A2W7S452,614,76.31921824104234,0.3680781758957655,-0.44446254071661234,0.23289902280130295,0.12668640287782,0.10423452768729642
A0A2X0UH13,380,75.76315789473685,0.4157894736842105,-0.34184210526315767,0.22894736842105262,0.1478016195678042,0.13421052631578947
A0A2X1QJ92,304,73.71710526315789,0.3684210526315789,-0.3782894736842107,0.23026315789473686,-0.14612803567823815,0.12171052631578946
A0A2X2XNE2,549,92.53187613843352,0.4462659380692167,-0.5539162112932605,0.30236794171220405,-0.10389613386872246,0.10382513661202186
A0A2Y9CAA1,560,104.78571428571428,0.44285714285714284,-0.11625000000000013,0.2357142857142857,0.10420925174955584,0.055357142857142855
A0A2Y9D1U1,691,102.561505065123,0.4240231548480463,-0.1332850940665702,0.18958031837916064,0.032669116753368144,0.07814761215629523
A0A2Y9GKX1,430,65.34883720930232,0.3604651162790698,-0.636046511627907,0.27674418604651163,0.3227492453572174,0.06279069767441861
A0A2Y9LJM7,571,52.73204903677758,0.3257443082311734,-0.9640980735551661,0.26970227670753066,-0.05575523225561798,0.09457092819614711
A0A2Y9M200,476,83.08823529411765,0.38865546218487396,-0.4827731092436977,0.2689075630252101,-0.04011722320798251,0.0861344537815126
A0A2Y9SQ60,374,56.0427807486631,0.3422459893048128,-0.9721925133689844,0.3074866310160428,-0.1576078533616681,0.09893048128342247
A0A2Y9TXX3,772,111.45077720207253,0.3898963730569948,0.3737046632124353,0.14378238341968913,0.0693264913759679,0.08808290155440415
A0A2Z2CAB6,392,90.33163265306122,0.38010204081632654,-0.12066326530612254,0.2219387755102041,0.0684573806558517,0.07908163265306123
A0A2Z4WC64,580,87.86206896551725,0.4379310344827586,-0.48931034482758606,0.2913793103448276,0.06616073605511393,0.13793103448275862
A0A2Z5FVN9,452,118.65044247787611,0.4911504424778762,0.27544247787610626,0.21902654867256638,-0.09497551323085672,0.06637168141592921
A0A2Z6MZG7,742,87.74932614555256,0.3584905660377359,-0.08598382749326156,0.19946091644204852,0.03476210625921191,0.09029649595687331
A0A2Z6NH42,578,75.67474048442907,0.3685121107266436,-0.5423875432525951,0.2785467128027681,0.03732432302381238,0.0986159169550173
A0A2Z7CKV4,300,84.16666666666666,0.3633333333333333,-0.26666666666666666,0.21666666666666667,-0.0129649771643676,0.09333333333333332
A0A315B3D6,425,94.63529411764705,0.35058823529411764,0.07341176470588223,0.17882352941176471,0.08940041122931092,0.06352941176470589
A0A315BVF3,321,91.80685358255451,0.40498442367601245,-0.15171339563862923,0.23364485981308408,0.03385826726096742,0.09657320872274142
A0A315VHI8,413,76.70702179176756,0.3946731234866828,-0.4150121065375302,0.23486682808716708,-0.07918124604762487,0.07263922518159806
A0A315WNH8,785,75.61783439490446,0.3503184713375796,-0.4755414012738854,0.2140127388535032,0.09231426131890726,0.10828025477707007
A0A315ZHJ7,463,105.05399568034557,0.4319654427645788,0.08077753779697616,0.20950323974082075,0.11471957142661385,0.12958963282937366
A0A316ERN0,639,77.12050078247262,0.29107981220657275,-0.017057902973395878,0.15805946791862285,0.02530586526477026,0.07511737089201878
A0A316FXV9,677,92.14180206794683,0.37961595273264404,-0.2695716395864106,0.22304283604135894,0.19033169817029144,0.0620384047267356
A0A316L3H3,394,129.59390862944161,0.4619289340101523,0.6312182741116751,0.18781725888324874,0.13830269816628146,0.1116751269035533
A0A316LYY9,381,71.75853018372703,0.3805774278215223,-0.2871391076115485,0.2545931758530184,-0.13262556527459096,0.10761154855643044
A0A316ZAY0,564,75.92198581560284,0.2801418439716312,-0.21950354609929087,0.1843971631205674,-0.08218675618735012,0.054964539007092195
A0A317XUY9,545,86.8256880733945,0.3486238532110092,-0.2700917431192661,0.1871559633027523,0.3521825181113625,0.060550458715596334
A0A318B6T1,653,90.18376722817763,0.38284839203675347,0.017764165390505238,0.24042879019908114,0.18293068358598674,0.06278713629402757
A0A318CV71,729,95.10288065843622,0.4224965706447188,-0.1430727023319615,0.2674897119341564,0.013228265733755103,0.06995884773662552
A0A318NXK9,543,99.44751381215468,0.4530386740331491,-0.14383057090239415,0.24861878453038674,-0.03171441317720662,0.10313075506445672
A0A318YQB6,587,74.29301533219761,0.35434412265758086,-0.3173764906303237,0.18739352640545143,0.18905623622004888,0.11073253833049404
A0A319C1Z4,742,98.67924528301887,0.4137466307277628,0.25997304582210234,0.16172506738544473,-0.07135590853566824,0.13746630727762804
A0A327SEI0,394,79.44162436548223,0.35532994923857864,-0.4276649746192893,0.233502538071066,-0.07410172051834985,0.14213197969543148
A0A327TNB3,612,74.59150326797386,0.31209150326797386,-0.1769607843137253,0.16830065359477123,0.05799194697768673,0.09477124183006536
A0A327WPK2,401,119.82543640897757,0.41396508728179554,0.788279301745636,0.0798004987531172,-0.26324143477458134,0.13965087281795513
A0A329J461,382,94.50261780104712,0.3795811518324607,-0.001570680628272425,0.21465968586387435,0.16749108729376364,0.06282722513089005
A0A329WWK5,363,88.98071625344353,0.3223140495867769,-0.15261707988980727,0.14600550964187328,-0.0791812460476248,0.10192837465564739
A0A330HE20,419,86.65871121718376,0.3723150357995227,-0.035560859188544014,0.198090692124105,0.15490195998574324,0.08353221957040573
A0A330MPH9,638,82.30407523510972,0.34169278996865204,-0.4410658307210032,0.29780564263322884,0.12757883277450838,0.0438871473354232
A0A341BRQ6,788,68.81979695431471,0.3451776649746193,-0.6771573604060912,0.2550761421319797,-0.15126767533064908,0.06472081218274112
A0A341EP93,336,71.39880952380952,0.4017857142857143,-0.8416666666666668,0.30654761904761907,-0.1760912590556813,0.02976190476190476
A0A342D2T3,511,98.98238747553816,0.4383561643835616,-0.15499021526418777,0.20939334637964774,-0.2540334329877576,0.14481409001956946
A0A343WAW0,379,110.13192612137203,0.395778364116095,0.6145118733509236,0.08707124010554089,-0.024823583725032104,0.158311345646438
A0A344PNW3,695,121.136690647482,0.45323741007194246,0.38748201438848917,0.19568345323741004,0.06305174574708902,0.03597122302158273
A0A344TJQ9,328,96.89024390243904,0.3963414634146341,-0.20030487804878053,0.22256097560975607,-0.12831847725968057,0.10670731707317073
A0A344U6I3,614,90.14657980456026,0.4136807817589576,-0.21726384364820844,0.23127035830618894,0.04830467957455504,0.05537459283387622
A0A347AMB2,611,89.49263502454991,0.4500818330605565,-0.38723404255319155,0.30114566284779054,0.1222158782728267,0.07855973813420622
A0A348BSV5,595,96.38655462184873,0.40504201680672264,0.05831932773109244,0.1899159663865546,0.037788560889399754,0.09747899159663866
A0A349D4G4,526,93.91634980988593,0.4296577946768061,-0.2568441064638781,0.2585551330798479,-0.012589127308020516,0.13307984790874525
A0A349M6N7,507,88.75739644970413,0.38461538461538464,-0.17830374753451678,0.24654832347140038,0.0068394245303055375,0.09664694280078895
A0A349PIM8,623,82.24719101123597,0.3820224719101124,-0.4226324237560195,0.2696629213483146,0.020441160242544686,0.1043338683788122
A0A350APK8,349,94.06876790830945,0.43553008595988535,-0.5117478510028657,0.332378223495702,-0.21011034634511222,0.08022922636103152
A0A350D019,338,90.29585798816568,0.4615384615384615,-0.36183431952662704,0.3076923076923077,-0.049218022670181646,0.10650887573964497
A0A350G4U9,321,102.64797507788161,0.4423676012461059,-0.08348909657320869,0.24299065420560745,0.19883438619424096,0.06853582554517133
A0A350JJL9,375,100.45333333333333,0.384,0.043999999999999984,0.20800000000000002,0.19883438619424101,0.06666666666666668
A0A350YFH5,354,102.09039548022598,0.4350282485875706,-0.046045197740113175,0.2033898305084746,0.0234810958495229,0.10451977401129944
A0A350YX48,305,90.16393442622952,0.3967213114754098,-0.459344262295082,0.29508196721311475,0.07572071393811834,0.0819672131147541
A0A351FXP1,667,65.80209895052474,0.3328335832083958,-0.5406296851574215,0.22788605697151426,0.11344444991779208,0.09745127436281859
A0A351WH74,468,96.64529914529915,0.4337606837606837,-0.13910256410256427,0.23076923076923078,0.047424649928138135,0.08974358974358976
A0A352AP39,799,94.4305381727159,0.3804755944931164,-0.2952440550688361,0.17772215269086358,-0.024133679716719363,0.07384230287859825
A0A352M7H9,507,99.68441814595661,0.40631163708086787,-0.1329388560157791,0.24654832347140038,0.034214100531101674,0.09664694280078895
A0A352NPC1,367,90.4359673024523,0.4059945504087193,-0.06594005449591284,0.19346049046321528,0.1563472008599241,0.10354223433242507
A0A352PAH4,554,106.10108303249099,0.42960288808664254,-0.10884476534296039,0.2184115523465704,0.021189299069938092,0.06498194945848376
A0A352VNF0,696,78.95114942528735,0.3864942528735632,-0.2683908045977013,0.21551724137931033,0.18563657696191166,0.08620689655172414
A0A352YY90,361,92.99168975069252,0.38227146814404434,-0.15318559556786712,0.22160664819944598,-0.06366907986937732,0.0664819944598338
A0A353FFI1,772,66.98186528497409,0.3562176165803108,-0.48613989637305693,0.2215025906735751,0.16773918469091534,0.13601036269430053
A0A353MD84,578,91.02076124567475,0.3719723183391004,-0.12318339100346004,0.17647058823529413,0.03342375548694964,0.08131487889273356
A0A353VLL2,748,73.79679144385027,0.38235294117647056,-0.4512032085561497,0.24866310160427807,0.04624518795263715,0.11229946524064172
A0A353XTJ6,357,86.89075630252101,0.3529411764705882,-0.3109243697478991,0.22408963585434172,0.0636690798693773,0.06442577030812326
A0A353Z743,556,96.96043165467626,0.4136690647482014,0.09046762589928056,0.1618705035971223,-0.11394335230683668,0.11690647482014388
A0A354BBE0,376,122.18085106382976,0.4175531914893617,1.0337765957446807,0.09042553191489362,0.04830467957455504,0.10638297872340424
A0A354DDR1,376,89.14893617021278,0.3882978723404255,-0.27739361702127663,0.22872340425531912,0.24303804868629444,0.07446808510638298
A0A354YAL2,467,110.29978586723767,0.43683083511777304,0.22783725910064234,0.19271948608137043,0.0,0.07494646680942184
A0A355C4U6,778,90.93830334190231,0.3393316195372751,0.04498714652956298,0.19665809768637532,-0.005603877517998608,0.05269922879177378
A0A355G120,322,81.55279503105591,0.41304347826086957,-0.5173913043478261,0.2857142857142857,0.130333768495006,0.08385093167701863
A0A356D686,351,89.51566951566952,0.37606837606837606,-0.23333333333333348,0.2022792022792023,0.1810546785872314,0.12820512820512822
A0A356J523,355,100.16901408450704,0.36338028169014086,0.16422535211267617,0.2140845070422535,0.06694678963061315,0.05070422535211268
A0A356NP90,509,73.94891944990178,0.36149312377210213,-0.41532416502946945,0.21218074656188607,0.0,0.10019646365422397
A0A357GW98,708,87.20338983050848,0.4081920903954802,-0.3425141242937853,0.3022598870056497,0.11323197707504964,0.06214689265536723
A0A357ZFP5,491,98.61507128309572,0.39918533604887985,-0.043584521384928576,0.23421588594704684,0.11197375944393234,0.038696537678207736
A0A364KSN6,533,111.61350844277673,0.4071294559099437,0.5971857410881801,0.13133208255159473,-0.024133679716719262,0.1125703564727955
A0A364LM48,423,83.73522458628841,0.3522458628841608,-0.17328605200945643,0.20567375886524825,0.0684573806558517,0.10165484633569741
A0A364MDN3,680,74.11764705882354,0.40294117647058825,-0.6398529411764706,0.2705882352941177,0.11270428019128839,0.0985294117647059
A0A364RJM7,658,74.63525835866261,0.35866261398176297,-0.5534954407294833,0.2522796352583586,-0.031034233739968737,0.10030395136778116
A0A365PD31,526,87.69961977186311,0.35361216730038025,0.010076045627376518,0.21292775665399238,0.1856365769619116,0.06273764258555133
A0A365Z6B3,345,99.68115942028986,0.3884057971014493,0.10028985507246385,0.22318840579710145,-0.010995384301463145,0.02608695652173913
A0A366W349,319,109.435736677116,0.3761755485893417,0.23761755485893415,0.21003134796238246,0.06305174574708902,0.04075235109717869
A0A366X3T2,751,81.54460719041279,0.3342210386151797,-0.11451398135818908,0.20505992010652463,0.11197375944393241,0.06524633821571238
A0A367EUH0,712,81.74157303370787,0.38764044943820225,-0.4337078651685392,0.25,0.07741222330877816,0.07443820224719101
A0A367F6P6,399,89.4736842105263,0.3408521303258145,0.012531328320802004,0.19047619047619047,-0.04458213265274049,0.03007518796992481
A0A367IQY3,441,76.96145124716554,0.3582766439909297,-0.5832199546485259,0.2222222222222222,0.017374096069422723,0.09297052154195012
A0A367IT08,532,97.72556390977442,0.40225563909774437,-0.3255639097744361,0.2894736842105263,-0.011136366117959469,0.07330827067669173
A0A367JAE1,514,118.01556420233463,0.42412451361867703,0.6992217898832683,0.10894941634241245,0.05999792967528536,0.122568093385214
A0A367KTI0,311,90.5144694533762,0.39549839228295824,-0.34019292604501605,0.24758842443729906,0.033000260102925255,0.0932475884244373
A0A367WM84,448,94.50892857142857,0.3683035714285714,0.0727678571428571,0.22098214285714285,0.11242217918630396,0.033482142857142856
A0A367XMC4,689,70.05805515239479,0.30914368650217705,-0.5561683599419448,0.19738751814223515,0.13966199342900626,0.09724238026124818
A0A367Z7U4,632,99.71518987341771,0.42088607594936706,-0.2694620253164559,0.25474683544303794,-0.026652194771440235,0.07436708860759494
A0A367ZSP5,669,102.8101644245142,0.44843049327354256,0.14603886397608368,0.17937219730941706,-4.8216373327664354e-17,0.1210762331838565
A0A368TX64,469,103.49680170575692,0.47547974413646055,-0.12579957356076737,0.26652452025586354,0.08922318434176545,0.03411513859275053
A0A368Y843,633,82.06951026856241,0.3665086887835703,-0.2107424960505529,0.2211690363349131,0.06126965673892262,0.08214849921011058
A0A369GE67,543,71.16022099447514,0.3720073664825046,-0.8252302025782687,0.3388581952117864,0.02802872360024344,0.06445672191528545
A0A369J5G0,422,101.49289099526067,0.3767772511848341,0.06872037914691928,0.1919431279620853,0.18045606445813128,0.07819905213270142
A0A369W5H0,765,87.93464052287582,0.42483660130718953,-0.4325490196078431,0.3032679738562092,-0.014849121038919123,0.04967320261437909
A0A370BTD6,333,91.6816816816817,0.3843843843843844,-0.09669669669669667,0.21921921921921922,0.1283184772596804,0.0870870870870871
A0A370FT99,475,75.13684210526317,0.39368421052631575,-0.5511578947368418,0.27157894736842103,0.07310709833543175,0.10526315789473684
A0A370PL87,687,52.037845705967975,0.3071324599708879,-1.0326055312954874,0.2780203784570597,0.004500501226676374,0.05676855895196506
A0A370Q543,585,89.04273504273503,0.43247863247863244,-0.5196581196581199,0.27350427350427353,-0.1296338578166798,0.13675213675213677
A0A370U2D8,785,59.88535031847134,0.42038216560509556,-1.2482802547770702,0.3872611464968153,-0.03407978957227538,0.0713375796178344
A0A370VPN6,442,78.82352941176471,0.2895927601809955,-0.2755656108597285,0.18099547511312217,0.021189299069938092,0.05656108597285068
A0A370X8A6,679,90.3681885125184,0.38438880706921946,-0.25891016200294564,0.2503681885125184,0.13231233447709398,0.06038291605301914
A0A371B3V9,575,84.48695652173912,0.3791304347826087,-0.21617391304347844,0.2417391304347826,0.018483405694013227,0.0608695652173913
A0A371EEU3,659,84.33990895295902,0.38239757207890746,-0.2528072837632777,0.24127465857359637,-0.005395031886706139,0.0819423368740516
A0A371Y2H9,502,78.94422310756971,0.34661354581673304,-0.37310756972111564,0.21115537848605578,0.09691001300805642,0.0597609561752988
A0A372BYR8,626,86.88498402555909,0.41373801916932906,-0.3924920127795526,0.2635782747603834,0.04685558085972717,0.06230031948881789
A0A372F9J5,430,100.7906976744186,0.4046511627906977,-0.25697674418604666,0.23953488372093024,-0.04139268515822511,0.09767441860465116
A0A372FDY5,765,74.45751633986927,0.3830065359477124,-0.5870588235294119,0.26405228758169935,0.05115252244738129,0.12287581699346405
A0A372LG29,519,97.84200385356453,0.4296724470134875,-0.11059730250481686,0.24277456647398846,0.09538349304658385,0.08285163776493257
A0A372NWQ2,447,118.27740492170022,0.4138702460850112,0.6847874720357943,0.1476510067114094,-0.15490195998574322,0.1342281879194631
A0A373A660,643,104.38569206842922,0.41368584758942456,0.1365474339035771,0.19440124416796267,-0.020521667144601727,0.05443234836702955
A0A373BB83,446,100.73991031390135,0.4282511210762332,-0.17600896860986553,0.26681614349775784,0.09368104287785792,0.05381165919282511
A0A373WS43,563,94.22735346358793,0.374777975133215,-0.030017761989342806,0.23623445825932504,0.10996158063864714,0.0674955595026643
A0A374C102,701,78.63052781740372,0.37660485021398,-0.44964336661911564,0.20114122681883023,-0.030382628993720816,0.12125534950071326
A0A374T9S2,740,79.9054054054054,0.3716216216216216,-0.49202702702702694,0.2581081081081081,0.0225073409978514,0.08648648648648649
A0A375HAQ8,562,79.78647686832741,0.3772241992882563,-0.4056939501779357,0.2526690391459075,-0.12142216288546287,0.06227758007117438
A0A376B8U8,472,81.82203389830508,0.4025423728813559,-0.5449152542372881,0.2902542372881356,0.17089006536987345,0.09745762711864406
A0A376VJJ9,350,127.82857142857142,0.4,1.0417142857142858,0.08,-0.11650556907143712,0.06857142857142857
A0A377DTK4,547,80.85923217550274,0.3692870201096892,-0.4369287020109689,0.23217550274223037,-0.02020338608828695,0.08226691042047532
A0A377FSY6,304,100.29605263157895,0.46710526315789475,-0.04605263157894712,0.22697368421052633,0.08591462870659332,0.14473684210526316
A0A377XHD8,475,100.16842105263157,0.40842105263157896,-0.17726315789473696,0.22105263157894736,0.15588787296739434,0.06526315789473684
A0A378J1C4,608,98.09210526315789,0.42269736842105265,-0.26003289473684205,0.2680921052631579,0.11115045212266661,0.054276315789473686
A0A378LPG2,503,93.26043737574552,0.4015904572564612,-0.21371769383697828,0.2286282306163022,0.08190410438309811,0.10139165009940357
A0A378SES4,615,109.04065040650406,0.4130081300813008,0.3606504065040651,0.18211382113821137,0.015239966556736814,0.08943089430894309
A0A378T203,375,98.21333333333332,0.3653333333333333,0.2034666666666668,0.184,0.135662602000073,0.058666666666666666
A0A378U6F5,380,128.57894736842104,0.41315789473684217,1.0344736842105267,0.08421052631578947,-0.26324143477458134,0.13157894736842105
A0A379B1H7,455,92.68131868131869,0.4043956043956044,-0.31780219780219754,0.23956043956043957,0.039152123962148226,0.09890109890109891
A0A379E0S2,459,86.44880174291939,0.3877995642701525,-0.2910675381263618,0.2505446623093682,0.12710479836480756,0.09586056644880174
A0A379SMY4,357,83.69747899159663,0.392156862745098,-0.4039215686274512,0.2717086834733894,-0.008773924307505199,0.0896358543417367
A0A379WIA2,520,90.4423076923077,0.4211538461538461,-0.1536538461538462,0.225,-0.02190184144782978,0.10576923076923078
A0A380MPA8,390,121.8205128205128,0.4435897435897436,0.6646153846153846,0.11025641025641025,-0.17609125905568135,0.10256410256410256
A0A380PDV6,336,103.98809523809523,0.41369047619047616,0.042261904761904834,0.20238095238095238,0.33881855655338095,0.0625
A0A380QE68,729,98.28532235939642,0.3703703703703704,0.0222222222222222,0.2139917695473251,0.033000260102925255,0.06995884773662552
A0A380X2V3,351,90.5128205128205,0.396011396011396,-0.22079772079772117,0.2564102564102564,-0.07572071393811836,0.1282051282051282
A0A380ZZU0,348,82.5574712643678,0.38505747126436785,-0.2267241379310344,0.21839080459770113,0.11197375944393226,0.08333333333333334
A0A381PAN4,606,101.23762376237624,0.40264026402640263,-0.19966996699669964,0.2508250825082508,-0.13647665000205708,0.08415841584158415
A0A381YR16,784,93.86479591836734,0.39285714285714285,-0.08367346938775516,0.20663265306122447,0.1606969315654184,0.05612244897959184
A0A382BT30,559,81.82468694096602,0.33273703041144903,-0.27853309481216465,0.20214669051878356,0.19188552623891322,0.09302325581395349
A0A382ERS4,376,78.67021276595744,0.3723404255319149,-0.1672872340425533,0.22074468085106383,0.4569178686313755,0.08244680851063829
A0A383VUS6,578,92.52595155709344,0.3581314878892733,0.0653979238754325,0.17993079584775085,0.0987541537064267,0.07612456747404844
A0A383ZB65,526,62.69961977186311,0.32509505703422054,-0.5346007604562741,0.2414448669201521,-0.006733382658968427,0.08555133079847908
A0A384HKC8,408,77.69607843137254,0.43382352941176466,-0.49044117647058777,0.2745098039215686,0.0,0.08088235294117647
A0A384J439,394,82.89340101522842,0.39593908629441626,-0.2634517766497463,0.18274111675126903,0.1908145158763876,0.11675126903553298
A0A384KU84,716,91.75977653631284,0.38407821229050276,-0.43100558659217864,0.2597765363128492,-0.01848340569401323,0.0893854748603352
A0A384KY15,396,76.23737373737373,0.33585858585858586,-0.2535353535353533,0.24494949494949494,0.1870866433571444,0.05555555555555556
A0A385YV90,459,70.10893246187364,0.3681917211328976,-0.5172113289760347,0.2832244008714597,0.11918640771920867,0.11982570806100218
A0A385Z6V8,714,94.77591036414566,0.36554621848739494,-0.006582633053221321,0.2296918767507003,0.010465433678164979,0.07142857142857142
A0A386UPS3,579,84.12780656303973,0.4231433506044905,-0.5630397236614852,0.307426597582038,-0.00965138567618078,0.0535405872193437
A0A387B430,406,81.25615763546797,0.3423645320197044,-0.24187192118226603,0.19704433497536944,0.38321675185133125,0.08866995073891626
A0A388THD0,450,110.15555555555557,0.3822222222222222,0.7528888888888889,0.11555555555555555,0.032184683371401235,0.13333333333333333
A0A395RVP6,438,101.25570776255708,0.36301369863013694,0.5404109589041095,0.1324200913242009,-0.028963695935316617,0.1187214611872146
A0A396F6N6,523,79.42638623326961,0.390057361376673,-0.3879541108986617,0.25621414913957935,0.038344992076219754,0.08795411089866156
A0A396RKG2,591,124.99153976311335,0.4450084602368866,0.6803722504230116,0.15228426395939085,0.07572071393811834,0.06429780033840947
A0A396S451,386,94.50777202072538,0.40932642487046633,-0.23134715025906744,0.24352331606217617,0.09080741402120258,0.05181347150259068
A0A397GNH5,389,76.19537275064268,0.29048843187660667,-0.46529562982005146,0.19280205655526994,-0.2188432394766311,0.07712082262210797
A0A397VJC3,778,87.96915167095115,0.30976863753213374,-0.14035989717223646,0.14524421593830333,0.12934785551335506,0.09897172236503857
A0A397VV47,312,96.53846153846153,0.38461538461538464,-0.353205128205128,0.25,-0.0871501757189002,0.05448717948717949
A0A397ZQX0,618,95.64724919093852,0.4223300970873787,-0.24158576051779923,0.24433656957928804,-0.017033339298780346,0.0663430420711974
A0A399IDK2,357,95.15406162464986,0.41456582633053224,-0.39243697478991596,0.31932773109243695,0.014977155969652838,0.05322128851540617
A0A399YTD4,629,94.03815580286168,0.3624801271860095,0.16995230524642285,0.18282988871224165,0.1423128326777227,0.0699523052464229
A0A3A0E452,787,91.37229987293519,0.4155019059720457,-0.26886912325285883,0.2681067344345616,0.09415840201727765,0.05717916137229987
A0A3A0E9A6,671,89.16542473919523,0.3412816691505216,-0.058420268256333785,0.19076005961251863,0.5228787452803375,0.0789865871833085
A0A3A0EAB3,751,78.58854860186418,0.36884154460719043,-0.20146471371504648,0.21038615179760317,-0.0871501757189002,0.07190412782956059
A0A3A1XYW8,676,103.6094674556213,0.41420118343195267,0.2252958579881656,0.17455621301775148,-0.2848432345707059,0.15236686390532544
A0A3A2HV70,581,110.8605851979346,0.42168674698795183,-0.032358003442340744,0.22891566265060243,0.13621974701798895,0.05163511187607573
A0A3A5R7T6,522,57.701149425287355,0.3256704980842912,-1.1869731800766279,0.33333333333333337,-0.039508541283673586,0.06513409961685823
A0A3A6THM3,424,89.00943396226414,0.4316037735849057,-0.39882075471698075,0.25707547169811323,0.11809931207799448,0.07311320754716981
A0A3A8JA04,440,91.49999999999999,0.3954545454545454,-0.0756818181818184,0.21818181818181817,0.1983676537668334,0.05
A0A3A8QYA6,558,81.77419354838709,0.3494623655913978,-0.27383512544802857,0.22580645161290322,0.0,0.08781362007168458
A0A3A8UHF8,522,89.90421455938697,0.40613026819923365,-0.2318007662835248,0.27203065134099613,0.19629464514396813,0.09578544061302682
A0A3A8Y8E2,672,97.03869047619048,0.41220238095238093,0.0854166666666667,0.19196428571428573,0.1678187330896913,0.1130952380952381
A0A3A8YWG6,337,141.98813056379822,0.4421364985163205,1.087833827893175,0.10682492581602374,-0.23408320603336805,0.06231454005934718
A0A3A9CCI3,627,112.5677830940989,0.4385964912280702,0.6277511961722488,0.15151515151515152,-0.008954842652926552,0.14513556618819778
A0A3A9F7V3,755,94.41059602649007,0.47019867549668876,-0.2498013245033111,0.27019867549668874,0.12739933515595672,0.11920529801324503
A0A3A9GK40,306,92.41830065359477,0.4248366013071896,-0.4114379084967318,0.2777777777777778,-0.07003786660775507,0.0718954248366013
A0A3A9SJ69,498,74.93975903614458,0.39959839357429716,-0.4094377510040161,0.26706827309236947,0.17609125905568124,0.1506024096385542
A0A3A9WXB0,363,124.29752066115702,0.5013774104683195,0.11074380165289238,0.23415977961432508,-0.02996322337744321,0.1322314049586777
A0A3B0BWW7,745,84.67114093959731,0.42818791946308726,-0.34067114093959733,0.26040268456375837,0.12493873660829992,0.08322147651006712
A0A3B0MYT3,373,69.89276139410188,0.4396782841823057,-1.0407506702412865,0.4128686327077748,0.2041199826559248,0.08579088471849866
A0A3B3BMP5,488,78.74999999999999,0.4057377049180328,-0.3725409836065571,0.2704918032786885,-0.03891806603036962,0.11885245901639344
A0A3B3H7N7,433,61.45496535796766,0.22170900692840648,-0.320323325635104,0.12702078521939955,-0.37161106994968846,0.05080831408775982
A0A3B3R0W7,352,48.80681818181818,0.28409090909090906,-0.7863636363636365,0.21875,-0.07716595481229929,0.08238636363636363
A0A3B3T3C0,564,69.84042553191489,0.36879432624113473,-0.41436170212765955,0.2358156028368794,-0.01930515519538668,0.09929078014184398
A0A3B3T7G8,415,82.72289156626506,0.3373493975903614,-0.2200000000000002,0.19759036144578312,0.06214790674884452,0.08674698795180723
A0A3B4AEC8,650,89.18461538461537,0.41384615384615386,-0.14923076923076922,0.18923076923076923,0.0069488599553278255,0.13076923076923078
A0A3B4T3Y6,699,75.59370529327612,0.3934191702432046,-0.48783977110157384,0.23462088698140202,0.05238806945968822,0.06151645207439199
A0A3B4U0X5,677,88.68537666174298,0.4387001477104875,-0.4924667651403251,0.2466765140324963,0.07729710217307331,0.07090103397341212
A0A3B4VA62,665,86.70676691729322,0.3458646616541353,-0.2657142857142858,0.2285714285714286,-0.033858267260967426,0.07969924812030074
A0A3B4WA84,795,87.55974842767296,0.45786163522012574,-0.833333333333333,0.349685534591195,0.08088770986164197,0.04025157232704402
A0A3B4WQH8,306,67.54901960784314,0.35947712418300654,-0.3777777777777778,0.19607843137254902,0.02802872360024353,0.11437908496732026
A0A3B4XB35,487,78.06981519507185,0.37782340862423003,-0.4616016427104723,0.23203285420944558,0.0986097978859508,0.06365503080082136
A0A3B4Y3K8,789,75.34854245880862,0.3675538656527249,-0.4538656527249684,0.22053231939163498,0.15970084286751182,0.08998732572877059
A0A3B4Z389,626,58.62619808306708,0.35463258785942486,-0.9201277955271566,0.2699680511182108,-0.05595140532914997,0.0670926517571885
A0A3B5ALA7,645,82.31007751937985,0.3891472868217054,-0.18635658914728687,0.2124031007751938,0.08147304282720963,0.11007751937984496
A0A3B5LX32,730,86.54794520547945,0.37945205479452054,-0.06986301369863002,0.19041095890410958,0.018483405694013133,0.08356164383561644
A0A3B5QPA0,727,82.84731774415405,0.40715268225584594,-0.39546079779917476,0.24209078404401652,0.0782867153875951,0.08665749656121044
A0A3B5YPR3,543,101.03130755064456,0.43462246777163904,-0.1705340699815837,0.23756906077348067,0.03316836325265459,0.08287292817679559
A0A3B6E9Z9,457,79.25601750547047,0.34354485776805255,-0.0700218818380745,0.18599562363238514,0.0700378666077551,0.11159737417943108
A0A3B6NJC5,412,90.36407766990291,0.37621359223300965,-0.12014563106796106,0.2063106796116505,-0.02996322337744326,0.0849514563106796
A0A3B6TYY3,400,83.10000000000001,0.375,-0.05450000000000005,0.20249999999999999,0.05238806945968822,0.12
A0A3B7DI89,526,101.86311787072242,0.4011406844106464,0.030798479087452424,0.20722433460076045,0.0234810958495229,0.030418250950570342
A0A3B8RLK4,682,97.65395894428153,0.42228739002932547,-0.2565982404692083,0.2932551319648094,0.025807263606285432,0.06304985337243402
A0A3B8W7M6,695,104.0,0.4446043165467625,-0.15913669064748193,0.2517985611510791,0.02454294107752592,0.09208633093525179
A0A3B9HNW7,456,94.75877192982455,0.40570175438596495,-0.28925438596491215,0.28728070175438597,0.006530867158957755,0.039473684210526314
A0A3B9IR91,429,135.82750582750583,0.4428904428904428,1.1356643356643357,0.08857808857808858,-0.13127891463931893,0.08624708624708624
A0A3B9LGB6,615,87.21951219512195,0.3495934959349593,-0.17837398373983746,0.1967479674796748,-0.07788677569462597,0.0910569105691057
A0A3B9T6Q1,304,88.88157894736842,0.3552631578947369,-0.40131578947368435,0.2368421052631579,-0.19081451587638765,0.0625
A0A3B9YT20,375,73.76,0.31733333333333336,-0.17306666666666654,0.208,-4.8216373327664354e-17,0.07200000000000001
A0A3C0IWG7,369,106.82926829268294,0.3739837398373983,0.5498644986449864,0.13279132791327913,-0.42207368838875703,0.07317073170731708
A0A3C0PIB5,409,91.1246943765281,0.36185819070904646,-0.22078239608801947,0.24205378973105135,-0.00860017176191753,0.06601466992665037
A0A3C0T8I6,534,87.15355805243445,0.38576779026217234,-0.2840823970037454,0.2397003745318352,-4.8216373327664354e-17,0.10486891385767791
A0A3C1A6D9,544,84.77941176470588,0.41544117647058826,-0.42555147058823534,0.29411764705882354,0.0752509524191923,0.10477941176470588
A0A3C1E2I4,340,95.02941176470588,0.40882352941176475,0.11705882352941166,0.2,0.07463361829690418,0.06764705882352941
A0A3C1ESI0,316,60.85443037974685,0.3037974683544304,-0.49398734177215176,0.17405063291139242,0.1072099696478683,0.1329113924050633
A0A3C1IVR1,639,80.32863849765258,0.3489827856025039,-0.3197183098591551,0.2237871674491393,0.17609125905568124,0.09233176838810642
A0A3D0CZU8,523,93.90057361376674,0.42447418738049714,-0.07648183556405347,0.22753346080305925,0.0791812460476249,0.0841300191204589
A0A3D0D1X0,687,95.37117903930131,0.49053857350800584,-0.46317321688500734,0.31004366812227074,0.12611728409384257,0.07569141193595343
A0A3D0D9E5,697,97.17360114777618,0.4275466284074605,-0.015781922525107572,0.22238163558106167,0.10563358141291336,0.07604017216642754
A0A3D0DRF8,679,89.64653902798231,0.38144329896907214,-0.1541973490427101,0.23564064801178203,0.053684858962776354,0.0780559646539028
A0A3D0S1Y0,685,113.16788321167883,0.4496350364963504,0.35562043795620446,0.18394160583941604,-0.10914446942506803,0.08321167883211679
A0A3D1BY06,767,89.23076923076923,0.4067796610169492,-0.4367666232073014,0.28292046936114734,-0.027772578218649528,0.0743155149934811
A0A3D1DNX8,744,67.33870967741935,0.36693548387096775,-0.4969086021505376,0.2594086021505376,-0.0759158586198575,0.10618279569892472
A0A3D2CVG3,502,89.40239043824701,0.38645418326693226,-0.20657370517928286,0.22111553784860555,0.08482151340031756,0.05776892430278885
A0A3D2RSU1,450,82.46666666666667,0.3844444444444444,-0.4382222222222222,0.2777777777777778,0.20189852266196673,0.08444444444444445
A0A3D2XB73,499,90.14028056112224,0.3807615230460922,-0.20040080160320656,0.23647294589178355,0.08715017571890013,0.08817635270541083
A0A3D2Z2M3,666,95.58558558558558,0.3813813813813814,0.04459459459459447,0.21621621621621623,0.1563472008599241,0.04654654654654655
A0A3D2ZAD6,412,92.30582524271844,0.3786407766990291,0.029368932038834894,0.20145631067961164,0.26324143477458145,0.05825242718446602
A0A3D3E706,702,107.33618233618233,0.3746438746438746,-0.004843304843304919,0.19658119658119658,0.0871501757189002,0.03276353276353276
A0A3D3IUA0,440,98.70454545454544,0.4159090909090909,-0.2370454545454545,0.23863636363636365,-0.07323191353442361,0.04772727272727273
A0A3D3URV9,693,83.60750360750362,0.41558441558441556,-0.4480519480519479,0.27849927849927847,0.08490110553504107,0.09668109668109667
A0A3D4CIJ1,770,88.6103896103896,0.37792207792207794,-0.27259740259740267,0.2038961038961039,0.21748394421390627,0.12987012987012986
A0A3D8JTK5,338,87.78106508875739,0.3816568047337278,-0.046745562130177554,0.18934911242603547,-0.052706350516002864,0.07100591715976332
A0A3D8PUZ9,724,90.13812154696133,0.41022099447513816,-0.2850828729281768,0.2430939226519337,0.09800810330710842,0.10082872928176795
A0A3D8SDI4,772,69.1839378238342,0.33549222797927464,-0.6930051813471504,0.27849740932642486,0.02802872360024362,0.054404145077720206
A0A3D8YA78,407,83.83292383292384,0.4029484029484029,-0.5132678132678135,0.27518427518427513,-0.04575749056067506,0.08108108108108109
A0A3D8YSZ7,647,115.74961360123648,0.44204018547140655,0.29752704791344664,0.2024729520865533,-0.006530867158957731,0.080370942812983
A0A3D9CHC4,368,94.83695652173914,0.42391304347826086,-0.15951086956521737,0.2690217391304348,0.04303463222520185,0.09510869565217392
A0A3D9FFV4,356,117.30337078651685,0.4016853932584269,0.7884831460674158,0.12640449438202248,-0.055517327849831426,0.12640449438202248
A0A3D9FZB5,740,90.4189189189189,0.3418918918918919,-0.1593243243243243,0.23108108108108108,0.07550076230925712,0.07162162162162163
A0A3D9I6A4,432,84.9074074074074,0.40972222222222227,-0.35925925925925917,0.24074074074074073,-0.0656787756439778,0.09953703703703703
A0A3D9T2J0,681,81.58590308370044,0.3700440528634361,-0.33333333333333326,0.24522760646108666,-0.005139639652411056,0.06461086637298091
A0A3D9XG88,754,80.39787798408487,0.37135278514588854,-0.256763925729443,0.2254641909814324,-0.010100326904325779,0.07692307692307693
A0A3E0J8G5,394,127.33502538071066,0.4390862944162436,0.8776649746192893,0.11675126903553298,0.109144469425068,0.1319796954314721
A0A3E0P3V5,729,85.29492455418381,0.38683127572016457,-0.3296296296296299,0.22359396433470508,0.08980967259011736,0.09053497942386832
A0A3E0R1V2,498,85.3012048192771,0.3674698795180723,-0.060040160642570284,0.2108433734939759,0.12257200332919299,0.09437751004016065
A0A3E1BD21,479,101.64926931106473,0.40292275574112735,-0.050104384133611624,0.24843423799582465,0.021539677856109718,0.029227557411273485
A0A3E1Q964,486,80.80246913580247,0.3477366255144033,-0.2691358024691359,0.19135802469135804,0.17609125905568124,0.1111111111111111
A0A3E2N264,350,101.74285714285713,0.3657142857142857,0.07657142857142857,0.19142857142857142,0.037788560889399844,0.05714285714285715
A0A3E2V761,420,96.66666666666666,0.42142857142857143,-0.045000000000000095,0.2285714285714286,0.08894108333678101,0.07380952380952381
A0A3E3DSQ0,584,99.6404109589041,0.47431506849315064,-0.20599315068493157,0.2688356164383562,0.060187205983316554,0.0976027397260274
A0A3E3E7S1,784,87.90816326530613,0.38137755102040816,-0.39770408163265314,0.26658163265306123,0.0370713113755825,0.09693877551020408
A0A3E3IB57,471,74.01273885350318,0.3673036093418259,-0.4673036093418259,0.2484076433121019,0.11007145906602724,0.12101910828025478
A0A3E4EC10,642,104.57943925233644,0.3348909657320872,0.44221183800623054,0.17757009345794392,0.0449671455165232,0.06386292834890965
A0A3E4UVC6,469,81.08742004264391,0.39232409381663114,-0.4720682302771856,0.27505330490405117,0.03316836325265459,0.10021321961620469
A0A3E5BRL3,454,126.07929515418502,0.4118942731277533,0.8308370044052864,0.11894273127753303,-0.2218487496163563,0.10572687224669605
A0A3F2UCD0,522,92.22222222222223,0.40229885057471265,-0.1509578544061305,0.23754789272030652,0.08297423506476384,0.08045977011494253
A0A3F3GYA1,705,83.14893617021275,0.37163120567375885,-0.42397163120567366,0.28085106382978725,0.0696359281413944,0.0723404255319149
A0A3G5UB79,476,98.00420168067225,0.3823529411764706,-0.04915966386554632,0.20798319327731093,0.14760272124424376,0.0546218487394958
A0A3G8GHP4,522,95.80459770114942,0.3448275862068966,0.23448275862068974,0.15708812260536398,0.0,0.044061302681992334
A0A3L6MWR7,420,76.42857142857142,0.3619047619047619,-0.45571428571428596,0.2261904761904762,0.06279082985945544,0.11666666666666667
A0A3L6P7L0,774,60.0516795865633,0.3217054263565891,-0.9481912144702845,0.2571059431524548,0.012964977164367635,0.06330749354005169
A0A3L7AMC1,705,102.93617021276596,0.3971631205673759,0.2734751773049646,0.20425531914893616,0.07155228858961503,0.04822695035460993
A0A3L7SE07,446,98.7443946188341,0.4170403587443946,0.004484304932735328,0.2443946188340807,0.07058107428570728,0.06950672645739911
A0A3L7Y6G6,799,91.45181476846057,0.4130162703379224,-0.15719649561952442,0.22528160200250313,0.0861861476162833,0.09261576971214018
A0A3L8S7Q9,703,113.01564722617354,0.42247510668563304,0.5900426742532006,0.15362731152204837,-0.07918124604762487,0.12091038406827881
A0A3M0KL98,647,90.41731066460588,0.3941267387944359,-0.15625965996908797,0.23956723338485314,-0.02767142659785832,0.09428129829984544
A0A3M0KVB1,613,86.15008156606851,0.38499184339314846,-0.267536704730832,0.24469820554649263,0.10334412301346627,0.08156606851549755
A0A3M0L9N7,730,82.8082191780822,0.37123287671232874,-0.3257534246575341,0.20958904109589044,-0.08432088570003592,0.07397260273972603
A0A3M0NKL4,465,85.59139784946237,0.34408602150537637,-0.3113978494623655,0.21720430107526884,0.14468279480405705,0.06451612903225806
A0A3M0XXS7,438,79.10958904109589,0.3744292237442922,-0.3643835616438357,0.2420091324200913,-0.04830467957455503,0.1050228310502283
A0A3M0XZ77,715,70.47552447552448,0.3356643356643357,-0.38419580419580424,0.23776223776223776,0.18452442659254414,0.055944055944055944
A0A3M1AYK5,594,86.07744107744107,0.39057239057239057,-0.26313131313131327,0.21717171717171718,-0.033168363252654647,0.08754208754208755
A0A3M1BHN6,622,92.41157556270096,0.46141479099678456,-0.37909967845659154,0.2765273311897106,-0.05999792967528548,0.07234726688102894
A0A3M1H462,621,102.9951690821256,0.465378421900161,-0.18647342995169094,0.28019323671497587,-0.019744058195757135,0.11755233494363929
A0A3M1RIS0,325,92.12307692307692,0.4523076923076923,-0.24861538461538474,0.27076923076923076,0.136219747017989,0.08
A0A3M1UFX3,600,88.3,0.44666666666666666,-0.27099999999999985,0.26166666666666666,-0.016390416188169273,0.09166666666666667
A0A3M2ALV2,545,94.29357798165138,0.47889908256880737,-0.5519266055045873,0.29908256880733947,0.0052642399923572185,0.10825688073394496
A0A3M2DDZ7,650,88.60000000000001,0.3861538461538462,-0.17353846153846153,0.20923076923076922,0.08842190278253749,0.07538461538461538
A0A3M2F5Y9,470,90.31914893617021,0.40638297872340423,-0.12553191489361715,0.2531914893617021,0.10823304310544726,0.07872340425531915
A0A3M2FI30,415,98.65060240963854,0.42891566265060244,-0.24313253012048192,0.2578313253012048,0.13658271777200764,0.0746987951807229
A0A3M2TFC4,320,85.03125,0.45312500000000006,-0.5881249999999999,0.259375,-0.26324143477458145,0.078125
A0A3M4L8E5,342,112.95321637426898,0.4122807017543859,-0.023099415204678342,0.21637426900584794,-0.06871581236945987,0.03216374269005848
A0A3M6GQF8,392,72.70408163265306,0.3801020408163265,-0.46071428571428563,0.26785714285714285,0.089610774266557,0.10714285714285715
A0A3M6J6W7,766,73.38120104438642,0.3302872062663185,-0.36827676240208873,0.17754569190600522,0.08842190278253749,0.10443864229765012
A0A3M7AKH6,402,94.12935323383084,0.37064676616915426,0.0539800995024875,0.1865671641791045,-0.07918124604762487,0.05223880597014925
A0A3M7FGU9,352,97.58522727272727,0.36079545454545453,0.3147727272727273,0.13068181818181818,0.10914446942506793,0.11363636363636365
A0A3M7H3U5,675,93.67407407407407,0.4162962962962963,-0.14059259259259282,0.24000000000000002,-0.021189299069938047,0.07703703703703704
A0A3M7IXG1,400,74.15,0.34750000000000003,-0.41174999999999995,0.2275,0.009340026254143338,0.0775
A0A3M8GRD8,760,104.74999999999999,0.3868421052631579,0.224736842105263,0.16842105263157894,0.06694678963061323,0.13421052631578947
A0A3N0G0G7,409,84.88997555012226,0.37163814180929094,-0.4092909535452323,0.2616136919315403,0.03987151203769237,0.05378973105134474
A0A3N0W7T6,513,85.57504873294346,0.32748538011695905,-0.3555555555555555,0.24366471734892786,-0.061656901064092114,0.08966861598440545
A0A3N0WMK4,608,67.20394736842105,0.3305921052631579,-0.43898026315789457,0.1907894736842105,-0.08863748704206648,0.16776315789473684
A0A3N0Y0G9,659,63.990895295902895,0.34901365705614573,-0.7769347496206372,0.3232169954476479,0.3825030384911908,0.07890743550834597
A0A3N1KPT0,318,102.57861635220127,0.42138364779874216,0.055974842767295474,0.22327044025157233,-0.1563472008599241,0.04088050314465409
A0A3N1S435,763,77.07732634338139,0.34469200524246396,-0.213499344692005,0.1887287024901704,0.05958568998424405,0.09829619921363042
A0A3N1XDX0,425,101.2,0.4541176470588235,0.21741176470588242,0.17882352941176471,-0.08940041122931096,0.12941176470588237
A0A3N2DD69,715,89.80419580419581,0.4251748251748252,-0.11958041958041954,0.23076923076923078,0.05729540395443236,0.06293706293706294
A0A3N2H4K9,415,84.2409638554217,0.36385542168674695,-0.04698795180722898,0.14939759036144581,-0.1091444694250681,0.10120481927710843
A0A3N2M3U2,738,68.78048780487805,0.34417344173441733,-0.3184281842818429,0.1951219512195122,0.14408909070352577,0.13008130081300812
A0A3N2PPT2,654,70.48929663608563,0.30733944954128445,-0.475993883792049,0.20489296636085627,-0.02555410447238822,0.05657492354740061
A0A3N4KE01,599,68.34724540901502,0.3672787979966611,-0.4732888146911518,0.25041736227045075,0.4181433947603246,0.09849749582637729
A0A3N4L9D2,372,66.63978494623656,0.31989247311827956,-0.4440860215053761,0.18548387096774194,-0.13566260200007302,0.06720430107526881
A0A3N4MM48,772,91.60621761658031,0.4145077720207254,-0.31891191709844546,0.25259067357512954,0.0574014717243827,0.07253886010362694
A0A3N4ZL99,562,87.9715302491103,0.3718861209964413,-0.14483985765124557,0.22064056939501778,0.05522279105868219,0.06761565836298933
A0A3N5H2U6,391,97.62148337595907,0.3836317135549872,0.054475703324808,0.20204603580562658,0.09691001300805642,0.04603580562659847
A0A3N5JLL9,738,100.29810298102981,0.4092140921409214,0.2681571815718157,0.1585365853658537,-0.09526806594107971,0.15989159891598917
A0A3N5RH04,754,95.10610079575596,0.4668435013262599,-0.5070291777188327,0.3129973474801061,0.0658172844896433,0.042440318302387266
A0A3N5X704,650,85.1846153846154,0.3938461538461539,-0.20738461538461533,0.2246153846153846,0.11809931207799448,0.07076923076923078
A0A3N6GSN6,530,79.47169811320755,0.4,-0.30811320754717003,0.23018867924528302,-0.0561159419789314,0.08113207547169812
A0A3N7EE50,746,117.5603217158177,0.43699731903485256,0.3230563002680966,0.16621983914209115,-0.12493873660829995,0.052278820375335114
A0A3N7EHA8,300,63.06666666666667,0.36,-0.7163333333333335,0.28,0.0,0.12333333333333334
A0A3N7EV75,598,42.525083612040135,0.3511705685618729,-1.3575250836120398,0.34615384615384615,-0.012468640559598032,0.08862876254180603
A0A3N9MWA7,419,93.0310262529833,0.41288782816229114,-0.20763723150357988,0.26968973747016706,0.007553137890445908,0.08114558472553698
A0A3N9THU9,684,98.65497076023391,0.3976608187134503,-0.1748538011695907,0.22660818713450293,0.07208642928302429,0.0804093567251462
A0A3N9X935,326,97.69938650306749,0.4049079754601227,0.05398773006134966,0.24233128834355827,-0.010723865391773113,0.04294478527607362
A0A3P1Y6T6,764,98.90052356020942,0.412303664921466,-0.07015706806282718,0.21596858638743455,0.17392519729917352,0.049738219895287955
A0A3P3XE60,746,113.3378016085791,0.41152815013404825,0.5644772117962464,0.1193029490616622,-0.1641920357559735,0.16353887399463807
A0A3P6CA09,493,48.742393509127794,0.2535496957403651,-0.9399594320486812,0.16835699797160242,0.07169322465507488,0.06693711967545639
A0A3P6CXT2,498,81.82730923694778,0.3855421686746988,-0.19477911646586343,0.23092369477911645,0.05202900000401,0.09036144578313253
A0A3P6QAN8,684,90.5701754385965,0.4064327485380117,-0.07967836257309935,0.2046783625730994,0.048986460690873576,0.09502923976608187
A0A3P6V9L7,758,65.36939313984168,0.3179419525065963,-0.5852242744063325,0.21635883905013192,-0.020933906835643012,0.06596306068601583
A0A3P7C6E4,652,79.14110429447854,0.348159509202454,-0.4608895705521474,0.24693251533742333,0.0373243230238122,0.05061349693251534
A0A3P8RHY1,680,66.07352941176471,0.35,-0.5823529411764701,0.2529411764705882,0.1307682802690237,0.0838235294117647
A0A3P8TL14,721,88.55755894590845,0.4119278779472954,-0.2714285714285716,0.2510402219140083,0.0047464350244616526,0.08044382801664354
A0A3P8VU75,315,97.11111111111111,0.4063492063492064,-0.27777777777777785,0.2634920634920635,0.010219165181686028,0.05714285714285715
A0A3P8Y6Q4,422,78.8388625592417,0.3791469194312796,-0.32535545023696677,0.22748815165876776,-0.017728766960431654,0.08056872037914692
A0A3P9AJF0,714,62.84313725490196,0.3165266106442577,-0.7100840336134453,0.2184873949579832,-0.055047566330905476,0.07282913165266106
A0A3P9DFE8,304,78.22368421052632,0.41447368421052627,-0.6059210526315788,0.319078947368421,0.06151803791921497,0.07894736842105263
A0A3P9DGT7,498,96.5261044176707,0.4417670682730924,-0.050000000000000155,0.2429718875502008,0.1938200260161128,0.09437751004016064
A0A3P9GYA4,592,66.875,0.3581081081081081,-0.8619932432432433,0.2516891891891892,0.05183163827286832,0.060810810810810814
A0A3P9H5V3,611,82.97872340425532,0.4108019639934533,-0.5543371522094926,0.28968903436988547,0.014558720170924916,0.062193126022913256
A0A3P9Q2C5,753,94.11686586985391,0.3944223107569721,-0.010756972111553964,0.20185922974767595,0.10198953853733146,0.08100929614873838
A0A3Q0KYB7,520,85.4423076923077,0.37115384615384617,-0.3621153846153844,0.2153846153846154,0.09177037335564536,0.06153846153846154
A0A3Q1BVY2,496,62.62096774193549,0.3245967741935484,-0.6715725806451613,0.2782258064516129,0.062147906748844434,0.08266129032258064
A0A3Q1CTH6,741,50.0944669365722,0.25371120107962214,-0.8615384615384611,0.16869095816464239,0.034214100531101584,0.0553306342780027
A0A3Q1GGA0,406,101.5024630541872,0.45073891625615764,0.22167487684729073,0.16502463054187194,-0.2184951076087685,0.14285714285714285
A0A3Q1IEF4,631,94.770206022187,0.4072900158478605,-0.32805071315372447,0.2694136291600634,-0.020203386088286902,0.03803486529318542
A0A3Q1M6F6,748,76.93850267379679,0.37165775401069523,-0.5586898395721926,0.2727272727272727,-0.008433167536862813,0.07754010695187166
A0A3Q2C7X3,612,75.42483660130718,0.3594771241830066,-0.40294117647058847,0.22385620915032678,-0.018749436012838943,0.10620915032679738
A0A3Q2Y6H7,400,80.925,0.3925,-0.587,0.31250000000000006,0.034214100531101584,0.09
A0A3Q3BVY0,669,50.95665171898356,0.3303437967115097,-1.2877428998505234,0.351270553064275,-0.06978347170724479,0.026905829596412557
A0A3Q3CY62,572,66.81818181818183,0.34440559440559443,-0.5569930069930071,0.2447552447552448,0.06126965673892262,0.06468531468531469
A0A3Q3G459,746,75.58981233243966,0.36997319034852544,-0.5989276139410189,0.28820375335120646,0.04406762663130037,0.08981233243967829
A0A3Q3IV01,637,82.63736263736263,0.37833594976452123,-0.4772370486656201,0.23861852433281006,0.05648135595244821,0.10518053375196232
A0A3Q3KJW9,543,88.17679558011051,0.39779005524861877,-0.24825046040515664,0.2136279926335175,-0.04420366249205347,0.07182320441988951
A0A3Q3X7N8,694,88.60230547550432,0.38760806916426516,-0.41368876080691663,0.23919308357348704,-0.06214790674884446,0.08357348703170028
A0A3Q7J2C7,450,81.80000000000001,0.34444444444444444,-0.005333333333333273,0.18888888888888888,-0.3944516808262163,0.11777777777777779
A0A3Q7J3F4,749,68.11748998664886,0.32977303070761016,-0.33765020026702286,0.13618157543391188,-0.03342375548694965,0.16154873164218958
A0A3Q7N132,787,70.01270648030496,0.3672172808132147,-0.36848792884371034,0.21728081321473952,0.13667713987954414,0.06734434561626429
A0A3Q7QN71,557,93.3931777378815,0.37342908438061045,0.07468581687612219,0.1867145421903052,0.0,0.05026929982046679
A0A3Q7RT14,786,53.600508905852415,0.2735368956743003,-1.1474554707379134,0.35877862595419846,0.048986460690873576,0.020356234096692113
A0A3R0XQ13,382,73.84816753926702,0.33246073298429313,-0.16570680628272244,0.20680628272251309,0.14061894089346239,0.10732984293193717
A0A3R6DHG2,662,80.52870090634441,0.37915407854984895,-0.2762839879154077,0.24471299093655588,0.06366907986937721,0.11933534743202417
A0A3R6I3A5,434,67.53456221198158,0.3018433179723502,-0.37764976958525337,0.22580645161290322,-0.05217801166507157,0.08986175115207373
A0A3R6M6A5,710,105.90140845070421,0.4056338028169014,0.3794366197183098,0.1619718309859155,-0.08190410438309807,0.11549295774647887
A0A3R6PTC6,477,78.90985324947589,0.3584905660377358,-0.28134171907756816,0.21593291404612158,0.024823583725032145,0.09643605870020965
A0A3R7FKZ0,688,80.18895348837209,0.43459302325581395,-0.7702034883720934,0.34156976744186046,0.2684426284603892,0.09302325581395349
A0A3R9Y591,522,93.2758620689655,0.4099616858237547,0.018965517241379404,0.210727969348659,0.07775965891283074,0.05938697318007663
A0A3S0DXK4,543,94.29097605893186,0.3885819521178637,0.0786372007366482,0.2044198895027624,0.195396414251068,0.05156537753222836
A0A3S0HEI7,578,109.29065743944636,0.42733564013840825,0.19186851211072667,0.19550173010380625,0.052936075187798574,0.0847750865051903
A0A3S0HY64,362,97.76243093922652,0.4171270718232044,-0.08784530386740341,0.24585635359116023,0.0861861476162833,0.052486187845303865
A0A3S0LTF6,469,89.87206823027718,0.38592750533049036,-0.1070362473347547,0.21748400852878463,0.10067016188136316,0.08742004264392324
A0A3S1HTU0,307,97.8827361563518,0.4267100977198697,-0.1951140065146581,0.2671009771986971,0.02068459885985105,0.06188925081433225
A0A3S3AAA9,513,82.3391812865497,0.4093567251461988,-0.3157894736842105,0.2475633528265107,0.10145764075877704,0.0935672514619883
A0A3S3QRU8,698,93.51002865329512,0.38968481375358166,-0.2851002865329514,0.23352435530085958,-0.026328938722349208,0.0988538681948424
A0A3S3RGC4,307,90.91205211726384,0.44625407166123776,-0.2087947882736158,0.2703583061889251,-0.010219165181686082,0.09120521172638436
A0A3S4GVU0,386,101.86528497409326,0.4430051813471503,-0.16036269430051825,0.23575129533678757,0.08432088570003603,0.05958549222797928
A0A3S4MIF5,730,105.16438356164383,0.42876712328767125,-0.04589041095890417,0.22191780821917806,0.11722459983485976,0.06575342465753425
A0A3S4TNY0,543,79.41068139963167,0.36832412523020264,-0.42173112338858204,0.24677716390423574,0.05115252244738129,0.10128913443830571
A0A3S4UPT2,435,91.65517241379311,0.38850574712643676,-0.36183908045977,0.2850574712643678,-0.013788284485633398,0.07816091954022988
A0A3S4YQU7,303,91.0891089108911,0.37293729372937295,-0.0359735973597361,0.19801980198019803,-0.08432088570003599,0.056105610561056105
A0A3S5F8S1,697,78.66571018651362,0.37446197991391683,-0.4068866571018652,0.22094691535150646,0.07816057699521743,0.12338593974175036
A0A3S9CC13,717,86.55509065550906,0.3668061366806137,-0.09093444909344489,0.22454672245467225,0.026652194771440187,0.06555090655509066
A0A3T0VXS8,434,95.64516129032258,0.4009216589861751,-0.2506912442396315,0.2603686635944701,-0.022663984635943765,0.10138248847926268
A0A3T2ZTL3,335,90.29850746268657,0.426865671641791,-0.3868656716417911,0.25970149253731345,0.1478016195678041,0.08656716417910448
A0A3U1G130,732,97.58196721311475,0.4112021857923498,-0.19931693989071037,0.20491803278688525,-0.04575749056067517,0.07240437158469945
A0A3U4IR17,685,78.7883211678832,0.3007299270072993,-0.4976642335766424,0.23357664233576642,0.053684858962776354,0.0364963503649635
A0A3V4SSE7,601,117.03826955074874,0.45257903494176366,0.4524126455906823,0.18801996672212978,0.037788560889399754,0.08652246256239601
A0A3V5VRN6,434,84.10138248847927,0.3847926267281106,-0.3165898617511521,0.21658986175115208,0.109144469425068,0.08525345622119816
A0A3V8D469,796,86.18090452261306,0.3454773869346734,-0.03366834170854266,0.17085427135678394,0.0630517457470891,0.10175879396984924
A0A401S3X6,695,74.46043165467626,0.38273381294964026,-0.6025899280575538,0.2992805755395683,0.016546552980037522,0.11366906474820143
A0A401S468,576,80.85069444444444,0.3819444444444445,-0.30902777777777785,0.22743055555555552,0.13830269816628152,0.08159722222222222
A0A401Z889,404,91.23762376237623,0.43564356435643564,-0.19801980198019814,0.22029702970297033,0.18406018872695656,0.08663366336633663
A0A402C6X2,571,122.66199649737301,0.4203152364273205,0.7567425569176882,0.15061295971978983,0.18020782525051346,0.07355516637478109
A0A402CAC6,791,87.48419721871049,0.37926675094816686,-0.08242730720606822,0.2275600505689001,0.2041199826559248,0.06321112515802782
A0A402WBP8,539,81.0760667903525,0.3543599257884972,-0.3291280148423006,0.23562152133580705,0.07424602837211271,0.09833024118738404
A0A409VGQ5,516,76.56976744186046,0.2558139534883721,0.025193798449612337,0.10465116279069768,0.12493873660829992,0.0755813953488372
A0A411HFB6,335,119.16417910447761,0.4417910447761194,0.3850746268656716,0.16119402985074627,-0.22184874961635637,0.08059701492537313
A0A411YI65,591,80.20304568527918,0.35532994923857875,-0.2913705583756346,0.20304568527918782,0.20296340545598257,0.06091370558375635
A0A411ZX99,659,101.32018209408193,0.39453717754172996,-0.23793626707132015,0.2610015174506829,0.0700378666077551,0.0637329286798179
A0A412CGG1,753,90.8499335989376,0.3665338645418327,-0.12908366533864538,0.2217795484727756,0.01542035886749382,0.09827357237715803
A0A413SDW2,766,94.26892950391645,0.41383812010443866,-0.2737597911227152,0.2610966057441253,0.09497551323085675,0.10052219321148825
A0A413VIR5,570,77.56140350877195,0.4052631578947368,-0.46929824561403494,0.2719298245614035,0.0944212126043617,0.12456140350877193
A0A415KGW2,404,102.62376237623762,0.4430693069306931,0.11311881188118811,0.22277227722772278,-0.0757207139381183,0.12871287128712872
A0A415N744,776,79.54896907216494,0.36082474226804123,-0.42603092783505137,0.21391752577319587,-0.02068459885985107,0.11597938144329897
A0A416GAS9,571,95.81436077057793,0.39054290718038526,0.027320490367775785,0.169877408056042,0.008773924307505154,0.12959719789842383
A0A416HJQ7,673,73.41753343239226,0.4219910846953937,-0.4233283803863298,0.2555720653789004,0.0499739749618387,0.12927191679049033
A0A416PAN2,402,90.69651741293534,0.4353233830845771,-0.24925373134328355,0.291044776119403,0.0365168338257625,0.0945273631840796
A0A418URP7,743,74.9528936742934,0.3930013458950202,-0.35047106325706584,0.20861372812920592,0.28044346488220373,0.1224764468371467
A0A419F958,678,101.2094395280236,0.4395280235988201,-0.08805309734513261,0.25663716814159293,0.01974405819575728,0.07374631268436578
A0A419GYU6,601,88.10316139767055,0.410981697171381,-0.5705490848585688,0.31780366056572373,0.058594715265847384,0.064891846921797
A0A420I4N7,420,98.9047619047619,0.38571428571428573,-0.13380952380952382,0.21904761904761905,0.0,0.06666666666666667
A0A420NVL6,576,82.46527777777779,0.38888888888888884,-0.29999999999999993,0.22569444444444442,-0.052706350516002975,0.08506944444444445
A0A421B4J5,711,70.90014064697608,0.3080168776371308,-0.25794655414908574,0.16455696202531647,0.007299238741499424,0.07594936708860758
A0A421DK85,451,105.09977827050999,0.45454545454545464,-0.33592017738359214,0.2439024390243902,-0.10914446942506797,0.08647450110864745
A0A421JDN2,699,69.38483547925608,0.3490701001430615,-0.9675250357653793,0.3605150214592275,0.05478680710247534,0.034334763948497854
A0A423XPA1,366,70.98360655737704,0.29508196721311475,-0.32759562841530065,0.20491803278688522,0.05648135595244821,0.07923497267759563
A0A424TLI0,377,115.72944297082228,0.4350132625994695,0.3137931034482759,0.16180371352785144,-0.12493873660829995,0.0636604774535809
A0A424YKN9,397,98.4382871536524,0.4030226700251889,-0.08664987405541585,0.21158690176322417,0.2272437815030626,0.0579345088161209
A0A425WAH5,606,109.42244224422444,0.3795379537953795,0.34092409240924076,0.19966996699669964,0.07788677569462601,0.0627062706270627
A0A425WKR6,420,77.45238095238095,0.3523809523809524,-0.27928571428571464,0.2357142857142857,0.21955695283677157,0.07142857142857144
A0A426GAF9,531,89.66101694915254,0.36534839924670437,-0.32843691148775916,0.23728813559322035,0.23638716094293227,0.09792843691148777
A0A426RJ43,368,75.24456521739131,0.33423913043478265,-0.4722826086956522,0.22282608695652173,0.04139268515822508,0.10597826086956522
A0A426VHM3,338,93.2544378698225,0.39940828402366857,-0.17810650887573964,0.21005917159763313,0.03571555226653458,0.07396449704142011
A0A428QFJ3,717,82.11994421199442,0.3751743375174338,-0.35048814504881437,0.23988842398884241,0.1104124834117036,0.07531380753138076
A0A428TA88,545,85.70642201834863,0.3834862385321101,-0.06880733944954143,0.1834862385321101,0.06826483155852639,0.10458715596330276
A0A428UFV9,605,70.41322314049586,0.3933884297520661,-0.5671074380165291,0.24297520661157024,0.1351579017899861,0.11239669421487603
A0A429CAI1,521,111.80422264875239,0.41842610364683297,0.3829174664107486,0.15930902111324377,-0.03066881976645196,0.04798464491362764
A0A429GPZ5,344,98.8953488372093,0.47383720930232553,-0.11220930232558135,0.26453488372093026,0.009340026254143338,0.09011627906976744
A0A429I3N9,402,72.96019900497512,0.3383084577114428,-0.6253731343283585,0.2810945273631841,0.09860979788595088,0.024875621890547265
A0A430LV59,484,108.09917355371901,0.4276859504132232,0.30847107438016524,0.15702479338842976,-0.022276394711152305,0.13016528925619836
A0A430S8Q8,302,88.11258278145695,0.4403973509933775,-0.2894039735099339,0.26158940397350994,-0.07525095241919241,0.09933774834437087
A0A431JWQ4,423,127.82505910165484,0.44208037825059104,0.8018912529550827,0.11347517730496454,-0.1760912590556813,0.08274231678486998
A0A431KDQ8,395,88.48101265822785,0.3468354430379747,-0.10708860759493666,0.179746835443038,-0.035715552266534535,0.053164556962025315
A0A431QDF3,772,96.3860103626943,0.40932642487046633,-0.18069948186528512,0.2849740932642487,0.007825337511956621,0.046632124352331605
A0A431TXW1,442,65.13574660633483,0.3122171945701358,-0.7192307692307691,0.1990950226244344,-0.038629402356130944,0.038461538461538464
A0A432GWP8,431,85.10440835266822,0.41299303944315546,-0.17238979118329467,0.23201856148491878,0.1549019599857432,0.08120649651972157
A0A432K9Q5,591,84.01015228426397,0.38747884940778343,-0.2189509306260575,0.25888324873096447,0.09564936050631248,0.07106598984771573
A0A432M7R7,761,79.0932982917214,0.35611038107752957,-0.24940867279894868,0.22076215505913271,0.040904987766263036,0.07490144546649145
A0A433BCK3,537,110.6703910614525,0.4338919925512104,0.39999999999999997,0.1340782122905028,-0.11809931207799444,0.1042830540037244
A0A433EJ47,507,83.62919132149901,0.4003944773175543,-0.25996055226824455,0.19526627218934914,0.11242217918630404,0.08086785009861933
A0A435YJ25,308,86.42857142857142,0.36688311688311687,-0.31493506493506507,0.2857142857142857,-0.038629402356130944,0.10389610389610389
A0A437A499,360,83.91666666666666,0.41388888888888886,-0.3719444444444443,0.2611111111111111,0.14612803567823798,0.10277777777777777
A0A437DF32,563,87.44227353463587,0.3765541740674956,-0.46003552397868575,0.24156305506216694,-0.11394335230683668,0.06039076376554174
A0A437JUT0,689,104.16545718432513,0.43686502177068215,-0.07547169811320747,0.22060957910014514,0.11344444991779208,0.03047895500725689
A0A438E4B7,583,78.19897084048026,0.3910806174957119,-0.5974271012006861,0.29845626072041165,-0.1191864077192087,0.08233276157804459
A0A438HLS6,427,50.5152224824356,0.24590163934426226,-0.7372365339578454,0.18501170960187352,-0.010723865391773064,0.058548009367681494
A0A438MQV7,678,87.9203539823009,0.3539823008849558,-0.1038348082595868,0.16814159292035397,0.18234020833268277,0.08112094395280237
A0A438XPA8,452,78.69469026548673,0.29424778761061954,-0.3464601769911503,0.165929203539823,0.01128101040968899,0.07964601769911506
A0A439D362,594,91.21212121212122,0.36026936026936024,0.09276094276094271,0.12289562289562289,0.12831847725968062,0.1111111111111111
A0A439PQB4,574,85.01742160278745,0.3588850174216027,-0.08675958188153327,0.2264808362369338,0.052706350516002996,0.0627177700348432
A0A439SCU4,752,92.4468085106383,0.4002659574468085,-0.18856382978723407,0.2393617021276596,0.05735280855195209,0.0625
A0A442BEC2,735,83.91836734693877,0.40408163265306113,-0.380272108843537,0.291156462585034,0.056376466570969154,0.06938775510204082
A0A442F8V2,643,82.59720062208397,0.4121306376360808,-0.5667185069984448,0.28149300155520995,-0.1681947782096475,0.05443234836702955
A0A442H2C6,302,79.13907284768213,0.3841059602649007,-0.27715231788079475,0.2152317880794702,-0.14390657568428,0.12582781456953643
A0A444S869,734,85.36784741144415,0.3760217983651226,-0.3356948228882834,0.279291553133515,-0.004196114593608232,0.0762942779291553
A0A444VPX8,582,129.48453608247422,0.46219931271477666,0.6532646048109965,0.15292096219931273,-0.06694678963061322,0.1013745704467354
A0A444VVK2,672,76.97916666666667,0.3452380952380953,-0.44732142857142854,0.23660714285714285,0.005395031886706144,0.11160714285714285
A0A444WPK5,648,70.83333333333333,0.3287037037037037,-0.2929012345679011,0.19598765432098764,0.03368311320257244,0.10339506172839505
A0A444X980,445,89.03370786516854,0.40224719101123596,-0.2737078651685393,0.26292134831460673,0.021901841447829747,0.09213483146067415
A0A444ZFJ8,561,88.25311942959001,0.374331550802139,-0.12067736185383243,0.21746880570409982,0.056115941978931494,0.0837789661319073
A0A444ZR85,704,67.4715909090909,0.390625,-0.5813920454545454,0.2471590909090909,0.1292601103909425,0.109375
A0A445AV91,501,91.09780439121757,0.39520958083832336,-0.226746506986028,0.24550898203592814,0.020850138973120068,0.07584830339321358
A0A445AVH5,756,99.93386243386243,0.3571428571428571,-0.009523809523809462,0.1865079365079365,0.0182248201061991,0.082010582010582
A0A445D0K1,761,77.20105124835742,0.37713534822601835,-0.5060446780551906,0.25098554533508544,0.11314721187874208,0.051248357424441525
A0A445E718,551,71.5426497277677,0.32667876588021777,-0.6462794918330309,0.27586206896551724,0.011281010409689086,0.07441016333938294
A0A445FKV2,474,93.41772151898734,0.40717299578059074,-0.267721518987342,0.23839662447257384,0.052936075187798574,0.08860759493670886
A0A445I2F9,751,86.71105193075898,0.3941411451398136,-0.277896138482024,0.2529960053262317,0.04527998146154908,0.07456724367509987
A0A445IJ55,357,93.78151260504201,0.3865546218487395,-0.16638655462184881,0.2296918767507003,0.0,0.056022408963585436
A0A445JDI1,743,74.25302826379543,0.33781965006729475,-0.5803499327052489,0.26244952893674295,-0.048550390744845164,0.07402422611036338
A0A449IRI8,534,76.23595505617978,0.35580524344569286,-0.33258426966292154,0.19475655430711608,-0.016390416188169273,0.10112359550561797
A0A451AQ83,532,96.14661654135337,0.40037593984962405,-0.11710526315789466,0.2612781954887218,0.05551732784983133,0.05075187969924812
A0A452DYR2,593,85.91905564924114,0.4080944350758854,-0.1561551433389543,0.2209106239460371,0.032669116753368144,0.07588532883642496
A0A452H6H4,779,80.23106546854942,0.33119383825417203,-0.5922978177150191,0.220795892169448,0.1512676753306491,0.06161745827984595
A0A452RR19,625,99.72800000000001,0.384,0.18991999999999995,0.1664,-0.06567877564397767,0.10239999999999999
A0A452SPK7,588,90.85034013605441,0.39285714285714285,-0.16853741496598618,0.21598639455782312,-0.04717907769546922,0.10204081632653061
A0A453BHM8,550,85.45454545454545,0.4181818181818182,-0.3687272727272729,0.27090909090909093,-0.13333927863473144,0.06909090909090909
A0A453CQF8,711,84.86638537271449,0.3614627285513361,-0.149085794655415,0.18424753867791843,0.006530867158957755,0.09423347398030943
A0A453LPN1,576,66.59722222222221,0.375,-0.834027777777778,0.3142361111111111,-0.0713559085356683,0.0625
A0A453LVV3,373,88.15013404825737,0.39678284182305634,-0.21179624664879348,0.23860589812332442,-0.06694678963061322,0.06166219839142091
A0A480WGK4,710,80.70422535211267,0.380281690140845,-0.3323943661971831,0.23380281690140844,0.11440074516839183,0.12535211267605634
A0A482T8Y4,355,62.112676056338024,0.29577464788732394,-0.4016901408450704,0.2112676056338028,0.7337321105952306,0.07887323943661972
A0A483M8Y2,765,82.83660130718954,0.3464052287581699,-0.2312418300653593,0.2196078431372549,0.040904987766263036,0.07712418300653595
A0A484CX90,344,60.52325581395348,0.25290697674418605,-0.32558139534883723,0.1569767441860465,-0.15678610386029457,0.05813953488372093
A0A484KSA2,690,70.231884057971,0.3695652173913043,-0.7355072463768119,0.2898550724637681,-0.03441756480369325,0.09855072463768116
A0A484QA10,628,89.74522292993629,0.41560509554140124,-0.2656050955414014,0.2611464968152866,0.05238806945968822,0.07484076433121019
A0A484QNM5,456,99.58333333333333,0.3486842105263158,0.1712719298245613,0.16228070175438597,0.0687158123694598,0.05482456140350877
A0A485LH15,708,104.8587570621469,0.40254237288135597,0.3176553672316384,0.1440677966101695,0.06694678963061323,0.11864406779661016
A0A485LHE5,465,73.41935483870967,0.3634408602150538,-0.5262365591397851,0.24731182795698925,-0.1271047983648076,0.09247311827956989
A0A485MAV3,483,99.648033126294,0.3643892339544513,0.11801242236024845,0.15942028985507245,-0.1217335967330885,0.07867494824016563
A0A493TD16,455,65.03296703296704,0.2879120879120879,-0.42351648351648374,0.15164835164835164,-0.0367228070247399,0.07912087912087912
A0A495B268,424,95.44811320754717,0.37735849056603776,-0.035613207547169845,0.22169811320754718,0.03621217265444471,0.04716981132075471
A0A495E8V8,502,91.09561752988047,0.350597609561753,-0.25119521912350606,0.17928286852589642,0.17216096542724887,0.10557768924302788
A0A495PWQ8,759,97.40447957839262,0.4479578392621871,-0.3109354413702242,0.2516469038208169,0.07670662691976943,0.14492753623188406
A0A495QVR2,486,71.02880658436214,0.36008230452674894,-0.34176954732510273,0.24691358024691357,0.23327821139713822,0.102880658436214
A0A495TQN3,336,129.82142857142858,0.43154761904761907,0.954464285714286,0.10714285714285714,-0.38997107900076233,0.09226190476190477
A0A496CFL7,323,86.656346749226,0.31578947368421056,-0.11114551083591329,0.15170278637770898,0.11997531707674983,0.058823529411764705
A0A496EA66,751,86.6577896138482,0.3715046604527297,-0.20505992010652474,0.22636484687083885,0.05055637344244389,0.08388814913448736
A0A496V7G0,792,90.83333333333333,0.36616161616161613,-0.1273989898989899,0.21338383838383837,0.10720996964786839,0.061868686868686865
A0A497C429,382,83.48167539267016,0.3089005235602094,-0.046596858638743466,0.15968586387434552,0.33243845991560533,0.07853403141361257
A0A497DCX0,478,94.8326359832636,0.399581589958159,-0.32133891213389115,0.25523012552301255,-0.042061345000711445,0.09623430962343096
A0A497FLK7,367,114.22343324250683,0.4877384196185286,0.1664850136239782,0.22343324250681196,-0.02068459885985102,0.10354223433242507
A0A497L4S5,379,119.84168865435356,0.46437994722955145,0.666754617414248,0.13192612137203166,-0.1006701618813632,0.1266490765171504
A0A497LJU1,600,127.93333333333332,0.4733333333333334,0.5901666666666666,0.16166666666666668,-0.0791812460476248,0.08499999999999999
A0A498D5P6,513,88.96686159844054,0.39766081871345027,-0.22884990253411314,0.25925925925925924,0.07093117062220206,0.07602339181286549
A0A498NUU9,769,73.83615084525357,0.3667100130039012,-0.728998699609883,0.28738621586475943,-0.08203845689210558,0.07022106631989597
A0A498S7P5,743,87.92732166890983,0.3889636608344549,-0.12059219380888292,0.18977119784656796,-0.05473878957996499,0.12920592193808883
A0A499REX6,503,85.90457256461232,0.3976143141153082,-0.37932405566600386,0.2524850894632207,0.006733382658968497,0.0874751491053678
A0A4D5YB38,690,93.6376811594203,0.45507246376811594,-0.30260869565217396,0.24492753623188407,-0.05595140532915002,0.09999999999999999
A0A4D6LMJ0,442,81.9683257918552,0.4072398190045249,-0.5332579185520362,0.3167420814479638,-0.0367228070247398,0.06561085972850679
A0A4J1MG62,461,100.17353579175703,0.41648590021691967,-0.13145336225596527,0.2234273318872017,0.04139268515822508,0.08459869848156182
A0A4P2QLQ3,647,82.84389489953632,0.42194744976816073,-0.3587326120556414,0.2287480680061824,0.03476210625921191,0.0973724884080371
A0A4P5RUZ6,464,74.15948275862067,0.3987068965517242,-0.49719827586206883,0.25646551724137934,0.15228834438305638,0.10991379310344827
A0A4P5T4N2,345,89.07246376811592,0.3797101449275362,-0.19884057971014482,0.23768115942028983,-0.02068459885985107,0.09855072463768116
A0A4P5TP83,482,96.2863070539419,0.37136929460580914,-0.17551867219917,0.2116182572614108,0.05016660946573015,0.07883817427385892
A0A4P5TSD8,445,112.15730337078651,0.44719101123595506,0.004269662921348338,0.2359550561797753,-0.008117890222179498,0.0853932584269663
A0A4P5US57,516,96.55038759689923,0.3488372093023256,-0.042829457364341184,0.20348837209302326,0.07323191353442363,0.07751937984496124
A0A4P5X1G1,582,101.27147766323023,0.38659793814432986,-0.006529209621993326,0.22852233676975947,-0.0579919469776867,0.05154639175257732
A0A4P6B2R7,410,102.92682926829269,0.3853658536585366,0.07121951219512179,0.2292682926829268,-0.036212172654444715,0.04878048780487805
A0A4P6KVM5,494,99.39271255060729,0.4068825910931174,-0.13967611336032404,0.24291497975708498,0.07135590853566819,0.05465587044534413
A0A4P6MM72,704,78.19602272727273,0.3423295454545454,-0.7241477272727272,0.2315340909090909,0.036871359953126306,0.10511363636363635
A0A4P6UWL6,328,117.71341463414635,0.4481707317073171,0.3896341463414635,0.1676829268292683,-0.07638834586345469,0.11890243902439024
A0A4P6WVT6,328,102.28658536585367,0.35670731707317077,0.20945121951219514,0.20121951219512196,0.07684003023272243,0.03658536585365854
A0A4P6XD06,585,92.03418803418802,0.38974358974358975,-0.18051282051282044,0.2239316239316239,0.04575749056067514,0.0905982905982906
A0A4P7D2S3,605,77.17355371900827,0.33719008264462813,-0.20479338842975203,0.21487603305785125,0.052706350516002996,0.07603305785123968
A0A4P7D2T7,662,86.49546827794562,0.3851963746223565,-0.11873111782477341,0.22205438066465255,0.04083625397140506,0.06948640483383686
A0A4P7YZ11,314,100.76433121019109,0.4299363057324841,0.13280254777070072,0.21019108280254778,0.0,0.05732484076433121
A0A4P8F731,473,96.51162790697674,0.40591966173361527,0.27293868921775893,0.14799154334038056,0.024133679716719276,0.14376321353065538
A0A4P8GRN2,479,120.04175365344464,0.4196242171189979,0.8453027139874739,0.10229645093945719,0.01703333929878037,0.11064718162839249
A0A4P8LBM0,703,69.61593172119488,0.337126600284495,-0.44935988620199147,0.21906116642958748,-4.8216373327664354e-17,0.08677098150782361
A0A4P9T582,513,96.39376218323585,0.4249512670565302,-0.22358674463937633,0.23976608187134502,0.0766340570337449,0.0682261208576998
A0A4P9X469,616,96.55844155844157,0.4025974025974026,-0.15730519480519473,0.24025974025974023,0.08130493967748036,0.06818181818181818
A0A4P9ZS83,751,95.07323568575234,0.39813581890812244,-0.16071904127829556,0.18242343541944075,-0.08147304282720963,0.0918774966711052
A0A4Q0GJM6,359,99.6100278551532,0.38718662952646243,0.26406685236768807,0.18384401114206128,0.10266234189714771,0.061281337047353765
A0A4Q0VEJ9,429,83.14685314685315,0.3822843822843823,-0.6417249417249419,0.296037296037296,-0.047179077695469376,0.11655011655011656
A0A4Q0VS30,359,117.01949860724234,0.456824512534819,0.10501392757660163,0.24512534818941506,-0.11650556907143718,0.10027855153203342
A0A4Q0ZJ34,436,130.61926605504587,0.426605504587156,0.8587155963302753,0.12844036697247707,-0.05999792967528537,0.10550458715596331
A0A4Q1Q905,663,95.32428355957767,0.39819004524886875,0.03076923076923077,0.18099547511312217,0.05703850097036417,0.12518853695324283
A0A4Q1RT16,422,105.49763033175354,0.42180094786729855,0.03862559241706176,0.23459715639810425,0.09497551323085683,0.042654028436018954
A0A4Q2K861,301,77.17607973421927,0.34551495016611294,-0.23953488372093024,0.23588039867109634,0.03571555226653449,0.10299003322259137
A0A4Q2KFN0,332,57.80120481927711,0.39156626506024095,-0.8430722891566265,0.32228915662650603,-0.10408859763517989,0.12349397590361445
A0A4Q2Y5V6,624,71.24999999999999,0.36217948717948717,-0.5762820512820516,0.2676282051282051,0.04630001965296922,0.08653846153846154
A0A4Q4DK25,609,68.12807881773399,0.3201970443349753,-0.5185550082101806,0.21182266009852216,0.11335686405848482,0.08210180623973727
A0A4Q4NT04,769,77.75032509752926,0.3602080624187256,-0.21976592977893378,0.18985695708712613,0.24073409377673013,0.11183355006501952
A0A4Q4SY88,478,79.4560669456067,0.36192468619246865,-0.2594142259414226,0.2217573221757322,0.032184683371401235,0.08577405857740586
A0A4Q5N2N9,462,95.99567099567099,0.41125541125541126,-0.03268398268398259,0.21645021645021645,0.06826483155852639,0.04112554112554113
A0A4Q6AZL6,442,104.16289592760182,0.4095022624434389,-0.09276018099547506,0.25565610859728505,0.007553137890445813,0.06108597285067873
A0A4Q6GJU5,611,99.5253682487725,0.4271685761047463,-0.01931260229132542,0.22749590834697214,0.15565009881313666,0.060556464811783964
A0A4Q6JEX1,548,76.53284671532847,0.32481751824817523,-0.3386861313868614,0.22262773722627738,0.17026171539495738,0.08941605839416059
A0A4Q7PM84,453,118.21192052980132,0.37748344370860926,0.7891832229580573,0.12141280353200884,-0.13830269816628146,0.09271523178807947
A0A4Q7Q2H6,534,78.12734082397003,0.3558052434456928,-0.4367041198501874,0.25842696629213485,0.0871501757189002,0.03932584269662921
A0A4Q7Z0J0,799,77.88485607008762,0.36295369211514394,-0.44943679599499364,0.20775969962453064,-0.09342168516223505,0.0951188986232791
A0A4Q7ZQS7,352,109.11931818181819,0.38352272727272724,0.29829545454545453,0.20170454545454544,0.08354605145007493,0.025568181818181816
A0A4Q8AD52,413,96.56174334140435,0.4552058111380145,-0.16731234866828104,0.25423728813559326,-0.024359345859444645,0.053268765133171914
A0A4Q9FL44,728,114.86263736263736,0.4340659340659341,0.07788461538461544,0.22115384615384615,-0.05870566033782721,0.10164835164835165
A0A4Q9G5I2,333,101.0810810810811,0.4444444444444445,-0.15135135135135136,0.22222222222222224,-0.045757490560675226,0.03903903903903904
A0A4Q9L3I2,763,121.20576671035383,0.45478374836173,0.1520314547837484,0.2346002621231979,-0.11097308047147611,0.14154652686762778
A0A4Q9MV95,609,61.39573070607553,0.2857142857142857,-0.6816091954022989,0.23973727422003283,-0.09426991684184799,0.047619047619047616
A0A4Q9XM27,759,104.1897233201581,0.43873517786561267,0.004479578392621697,0.2173913043478261,0.13101288432049318,0.05928853754940711
A0A4R0MKX2,329,97.56838905775076,0.3465045592705167,0.0036474164133739606,0.2066869300911854,-0.024823583725032152,0.10030395136778116
A0A4R0YWR0,518,121.77606177606177,0.45366795366795365,0.455019305019305,0.20463320463320464,0.17944490106326905,0.06563706563706564
A0A4R1F856,720,94.94444444444444,0.4111111111111111,0.02513888888888871,0.2263888888888889,0.06857641436412143,0.0625
A0A4R1JM08,735,75.34693877551021,0.40816326530612246,-0.42802721088435375,0.2068027210884354,0.2188432394766312,0.15510204081632653
A0A4R2BI58,600,89.86666666666666,0.4166666666666667,-0.3263333333333335,0.2316666666666667,0.05551732784983141,0.11
A0A4R2N2T1,435,134.04597701149424,0.40229885057471265,1.0181609195402297,0.08735632183908046,-0.0434656937810903,0.0735632183908046
A0A4R2T9X6,681,91.27753303964758,0.3876651982378855,0.002790014684287828,0.21145374449339208,0.1076338783998296,0.08663729809104259
A0A4R2TDF8,309,92.71844660194174,0.3786407766990291,-0.2213592233009709,0.21682847896440127,-0.037788560889399754,0.0744336569579288
A0A4R3ABZ4,555,110.57657657657658,0.4306306306306306,-0.20990990990990982,0.2684684684684685,0.12158509460071212,0.05405405405405406
A0A4R3GPG0,597,85.66164154103852,0.3534338358458961,-0.19380234505862648,0.21105527638190957,0.09538349304658385,0.07035175879396985
A0A4R3IBB5,482,116.3070539419087,0.4232365145228215,0.7356846473029045,0.12033195020746888,-0.0871501757189002,0.14315352697095435
A0A4R3N9Y9,430,92.06976744186046,0.3674418604651163,-0.07651162790697674,0.2255813953488372,0.09691001300805642,0.053488372093023255
A0A4R4IH26,621,116.24798711755233,0.45893719806763283,0.4072463768115941,0.17552334943639292,-0.07058107428570734,0.0966183574879227
A0A4R4XHI6,348,92.32758620689656,0.3448275862068966,-0.02586206896551707,0.21264367816091956,0.09177037335564536,0.05172413793103448
A0A4R4Y5J0,551,89.98185117967333,0.3992740471869328,-0.10635208711433736,0.21597096188747733,0.15228834438305652,0.06533575317604357
A0A4R4Y7H8,495,86.0808080808081,0.3474747474747475,0.011515151515151534,0.19191919191919193,0.172363386536438,0.06060606060606061
A0A4R5AXI0,454,116.16740088105726,0.42070484581497797,0.6709251101321586,0.11894273127753305,-0.36061568564822527,0.09030837004405287
A0A4R5AY12,380,80.68421052631578,0.38684210526315793,-0.2094736842105263,0.24736842105263157,0.14612803567823807,0.09473684210526316
A0A4R5M598,791,86.03034134007585,0.3919089759797725,-0.35726927939317327,0.2515802781289507,0.0823512928371315,0.09102402022756004
A0A4R5YKN2,380,94.6842105263158,0.40263157894736845,-0.14236842105263142,0.22894736842105262,-0.02928937610198753,0.039473684210526314
A0A4R6C5V5,308,107.27272727272728,0.4675324675324675,0.005844155844155929,0.24675324675324675,0.11197375944393241,0.10064935064935066
A0A4R7GLJ9,493,79.35091277890466,0.3671399594320487,-0.26044624746450307,0.22920892494929004,0.0986097978859508,0.09939148073022312
A0A4R7I090,310,106.3225806451613,0.44838709677419364,0.03870967741935505,0.24838709677419357,0.14424389180368669,0.04838709677419355
A0A4R8DVP9,449,82.4944320712695,0.3028953229398664,0.0329621380846325,0.15144766146993321,-0.024823583725032152,0.060133630289532294
A0A4R8FFW9,573,58.30715532286212,0.22338568935427572,-0.5122164048865618,0.20593368237347295,0.17609125905568138,0.013961605584642234
A0A4R8IHL0,683,92.92825768667643,0.42313323572474376,-0.26910688140556394,0.24597364568081992,0.040904987766263036,0.05417276720351391
A0A4R8Q1C8,670,90.44776119402985,0.3850746268656716,-0.04447761194029842,0.16716417910447762,-0.09177037335564546,0.10746268656716418
A0A4R8UEM4,574,127.54355400696863,0.43554006968641124,0.7329268292682927,0.15156794425087108,0.0684573806558517,0.07317073170731708
A0A4R9BFF4,311,90.9967845659164,0.3987138263665595,-0.053376205787781295,0.202572347266881,0.17609125905568124,0.08681672025723472
A0A4S0JMV2,644,91.73913043478261,0.39751552795031053,-0.07965838509316764,0.25931677018633537,0.056615418148883476,0.07919254658385094
A0A4S0LBB2,632,79.73101265822785,0.4082278481012659,-0.6580696202531644,0.33544303797468356,0.1391791757229101,0.04272151898734178
A0A4S1X9E8,394,96.47208121827411,0.39593908629441626,0.016751269035533006,0.21065989847715735,0.11303951330859226,0.07614213197969544
A0A4S2MJX5,393,93.05343511450381,0.4223918575063613,-0.14122137404580148,0.20101781170483463,0.07525095241919239,0.0737913486005089
A0A4S3JUH7,556,44.478417266187044,0.29856115107913667,-1.1366906474820144,0.2589928057553957,-0.03571555226653448,0.06115107913669064
A0A4S8V1T9,620,87.61290322580645,0.3822580645161291,-0.25774193548387125,0.25483870967741934,0.08715017571890013,0.07258064516129033
A0A4S9V935,615,97.30081300813008,0.40975609756097564,0.19430894308943092,0.16260162601626016,-0.017033339298780346,0.11707317073170731
A0A4S9WIV1,603,74.66003316749585,0.4112769485903814,-0.713101160862355,0.28689883913764513,0.282546589969968,0.08789386401326699
A0A4S9ZBW6,695,62.70503597122301,0.3755395683453237,-0.9258992805755395,0.31798561151079136,0.0663440213424526,0.04028776978417266
A0A4T0C051,679,85.77319587628865,0.3946980854197349,-0.36465390279823284,0.2665684830633284,-0.042751980420949943,0.07363770250368189
A0A4T0FUJ3,750,99.2,0.39999999999999997,-0.1061333333333333,0.216,0.1172245998348599,0.06933333333333333
A0A4T0WVJ3,317,81.67192429022082,0.444794952681388,-0.47476340694006297,0.2712933753943218,0.18020782525051346,0.13249211356466878
A0A4U0X287,605,68.16528925619836,0.32066115702479336,-0.7616528925619832,0.3322314049586777,-0.07290973660428987,0.03636363636363636
A0A4U0XX00,483,83.7888198757764,0.3685300207039337,-0.29316770186335395,0.20289855072463767,-0.08715017571890009,0.11387163561076605
A0A4U0Z543,305,98.19672131147541,0.43934426229508194,-0.04819672131147529,0.25573770491803277,-0.06526673151259149,0.05573770491803279
A0A4U1BJC5,554,124.90974729241877,0.40794223826714804,0.6348375451263538,0.11732851985559567,-0.03891806603036962,0.07942238267148014
A0A4U1FU74,757,70.07926023778072,0.3500660501981506,-0.8153236459709378,0.2998678996036988,-0.05697605298953849,0.059445178335535004
A0A4U1GLP0,673,89.30163447251114,0.40118870728083206,-0.3649331352154533,0.21396731054977713,-0.13188759656362783,0.1277860326894502
A0A4U1HDH9,317,131.13564668769715,0.42902208201892744,0.7962145110410095,0.12618296529968454,-0.25527250510330596,0.05993690851735016
A0A4U1I8N9,468,100.59829059829059,0.42735042735042733,-0.07713675213675236,0.25213675213675213,0.04346569378109026,0.04914529914529915
A0A4U1JKY2,683,67.81844802342607,0.3060029282576867,-0.4174231332357247,0.18448023426061494,0.15078539379091097,0.10395314787701318
A0A4U5Q913,684,52.25146198830408,0.29678362573099415,-0.7967836257309943,0.23245614035087717,0.037788560889399754,0.07456140350877193
A0A4U6VCI5,389,74.03598971722364,0.3624678663239075,-0.38714652956298196,0.2390745501285347,0.00914337943986972,0.10282776349614395
A0A4U6VN64,553,59.72875226039782,0.29294755877034356,-0.6723327305605789,0.24954792043399637,0.04968778418910756,0.0379746835443038
A0A4U6WQC6,569,99.2794376098418,0.36555360281195076,0.45834797891036905,0.15114235500878737,0.07918124604762482,0.11423550087873463
A0A4U6X7C3,495,91.7979797979798,0.38585858585858585,0.1903030303030302,0.16565656565656567,-0.10389613386872253,0.13131313131313133
A0A4U7CBM7,509,88.19253438113948,0.41060903732809434,-0.26267190569744614,0.25736738703339884,0.3357921019231931,0.09430255402750493
A0A4U7DV17,602,122.20930232558138,0.46179401993355484,0.7868770764119601,0.14451827242524917,-0.0881360887005512,0.0830564784053156
A0A4U8S022,364,70.85164835164835,0.2967032967032967,-0.1593406593406593,0.14835164835164835,0.15678610386029457,0.10164835164835165
A0A4U8SA63,465,107.11827956989247,0.43010752688172044,-0.06860215053763441,0.24731182795698925,0.05202900000401009,0.06881720430107527
A0A4U9F3Q9,357,75.7983193277311,0.3753501400560224,-0.5551820728291317,0.2801120448179272,0.017033339298780276,0.06162464985994398
A0A4U9XYM4,326,83.77300613496932,0.39263803680981596,-0.39294478527607374,0.2883435582822086,0.1836443969461271,0.0950920245398773
A0A4V1DDC0,638,107.8526645768025,0.4231974921630094,0.28197492163009397,0.19278996865203762,-0.048691923899724494,0.050156739811912224
A0A4V1X7U7,613,81.95758564437195,0.3360522022838499,-0.1500815660685153,0.17128874388254486,0.17271151840430063,0.10277324632952692
A0A4V1Y0Y6,676,55.428994082840234,0.272189349112426,-0.6965976331360946,0.19822485207100593,-0.08973142838093301,0.05917159763313609
A0A4V2F5T5,558,85.08960573476702,0.3763440860215054,-0.32562724014336925,0.1881720430107527,-0.008117890222179546,0.11111111111111112
A0A4V3AMC7,475,122.2315789473684,0.4126315789473684,0.5879999999999999,0.15789473684210525,0.07918124604762482,0.05894736842105263
A0A4V3C8F9,705,89.61702127659575,0.38723404255319155,-0.07560283687943253,0.20851063829787234,0.08773904968289017,0.04964539007092199
A0A4V3FI54,442,129.97737556561086,0.4095022624434389,0.9825791855203623,0.10633484162895926,-0.053245511953224994,0.06108597285067874
A0A4V3HEE3,664,96.41566265060241,0.36746987951807236,0.05466867469879522,0.22740963855421686,0.0854301953246263,0.045180722891566265
A0A4V3I9K1,682,100.05865102639295,0.3988269794721408,0.30410557184750736,0.15102639296187684,0.04139268515822508,0.11730205278592375
A0A4V4LK88,585,77.74358974358975,0.34871794871794876,-0.25264957264957266,0.15384615384615383,0.05672762444892714,0.08888888888888888
A0A4V5N3F3,784,78.40561224489797,0.36734693877551017,-0.4429846938775509,0.23979591836734693,0.2638303087385715,0.06760204081632654
A0A4V6DWD8,499,110.42084168336672,0.3907815631262525,0.6248496993987975,0.14428857715430862,-0.21559980033935489,0.21442885771543085
A0A4V6P8W3,702,83.76068376068376,0.3789173789173789,-0.241025641025641,0.23504273504273504,0.015605073330575965,0.05698005698005698
A0A4V6WL74,707,79.42008486562942,0.37623762376237624,-0.47553041018387554,0.25884016973125884,-0.023481095849522866,0.06506364922206506
A0A4W2DMM2,358,77.31843575418993,0.40502793296089384,-0.5628491620111732,0.2597765363128492,-0.1760912590556813,0.10335195530726257
A0A4W2FEA2,306,54.705882352941174,0.35294117647058826,-0.6967320261437911,0.20915032679738563,0.052706350516002996,0.12091503267973856
A0A4W2IAZ4,710,90.47887323943661,0.3929577464788732,-0.4535211267605635,0.252112676056338,0.024000276403766424,0.07464788732394366
A0A4W3H513,607,88.83031301482703,0.385502471169687,-0.24925864909390455,0.2652388797364086,0.026652194771440187,0.08896210873146623
A0A4W4G0U1,673,78.8855869242199,0.3432392273402674,-0.16879643387815746,0.23922734026745912,0.015988105384130355,0.09212481426448738
A0A4W5NZQ2,789,69.10012674271229,0.3384030418250951,-0.6022813688212926,0.21799746514575413,-0.08009651399840632,0.06590621039290241
A0A4W5RXE3,658,76.59574468085107,0.3966565349544073,-0.6214285714285712,0.27811550151975684,0.014086461278605104,0.06231003039513677
A0A4W6BSJ5,769,119.25877763328998,0.42912873862158646,0.5724317295188556,0.13394018205461639,0.024823583725032055,0.11183355006501952
A0A4W6EXL2,769,96.11183355006503,0.40962288686605985,-0.15448634590377125,0.23667100130039012,0.21180681132221574,0.07672301690507152
A0A4X1SDA9,439,70.09111617312074,0.37357630979498857,-0.5583143507972665,0.2437357630979499,0.023912157405411454,0.0683371298405467
A0A4X2LCT6,691,86.19392185238785,0.40086830680173663,-0.3089725036179451,0.23733719247467439,0.0839801289293935,0.09117221418234442
A0A4X2LVF7,669,75.4559043348281,0.40956651718983555,-0.8097159940209268,0.28998505231689087,0.04435427615123714,0.08968609865470853
A0A4Y1S2B1,432,105.46296296296296,0.36574074074074076,0.06111111111111127,0.17592592592592593,0.11197375944393226,0.0625
A0A4Y2L5E2,424,82.00471698113208,0.32547169811320753,-0.31014150943396224,0.205188679245283,-0.1679733688335018,0.05188679245283019
A0A4Y3VB07,324,93.76543209876542,0.3611111111111111,-0.1345679012345679,0.2037037037037037,0.1549019599857432,0.037037037037037035
A0A4Y5WW28,551,94.13793103448278,0.3702359346642468,0.04446460980036304,0.2250453720508167,0.09691001300805642,0.07985480943738657
A0A4Y6R7V3,430,93.34883720930232,0.33720930232558144,0.1432558139534884,0.13953488372093023,0.17026171539495738,0.04186046511627907
A0A4Y6UVX0,455,72.96703296703298,0.33406593406593404,-0.40065934065934056,0.21318681318681318,0.1687920203141817,0.0989010989010989
A0A4Y7JGH8,526,101.93916349809884,0.4486692015209125,-0.3378326996197718,0.27756653992395436,0.16633142176652502,0.049429657794676805
A0A4Y7NLY9,764,72.61780104712041,0.306282722513089,-0.5633507853403141,0.1701570680628272,0.07918124604762482,0.049738219895287955
A0A4Y7RZC0,304,108.02631578947368,0.4342105263157895,-0.07631578947368406,0.23026315789473684,-0.048304679574554976,0.042763157894736836
A0A4Y8HYK9,433,99.12240184757505,0.3741339491916859,-0.29745958429561214,0.30946882217090066,0.012774288036428919,0.03695150115473441
A0A4Y8VB30,692,74.76878612716762,0.37716763005780346,-0.47124277456647384,0.18352601156069365,-0.08783035515613806,0.13872832369942198
A0A4Y9FTR3,442,79.90950226244344,0.3552036199095022,-0.3882352941176469,0.251131221719457,0.08482151340031747,0.0497737556561086
A0A4Y9PDE4,589,93.51443123938878,0.45840407470288624,-0.3735144312393889,0.3022071307300509,0.10669428249220113,0.05602716468590832
A0A4Y9TMV5,365,104.54794520547945,0.410958904109589,0.07123287671232864,0.2136986301369863,0.0871501757189002,0.05205479452054794
A0A4Z0JLF3,319,89.87460815047022,0.4012539184952978,-0.406269592476489,0.2601880877742947,-0.030668819766452013,0.11598746081504702
A0A4Z0M2W1,400,100.82499999999999,0.4600000000000001,-0.13975000000000015,0.245,0.10473535052001307,0.07
A0A4Z0ZEN0,653,69.05053598774884,0.3537519142419602,-0.5211332312404287,0.22052067381316998,-0.08354605145007488,0.09035222052067382
A0A4Z1BVW9,500,90.94,0.4160000000000001,-0.5217999999999999,0.264,-0.06494080693301456,0.14800000000000002
A0A4Z1C960,386,83.75647668393782,0.3549222797927461,-0.13575129533678765,0.21761658031088085,0.0,0.06994818652849741
A0A4Z1FA35,623,93.0658105939005,0.41894060995184595,-0.3208667736757623,0.2680577849117175,0.025705400234901855,0.0449438202247191
A0A4Z1FX51,586,69.35153583617748,0.2969283276450512,-0.1967576791808875,0.13822525597269625,0.36548798489089973,0.11945392491467577
A0A4Z1KH72,642,67.63239875389408,0.35669781931464173,-0.5961059190031152,0.22585669781931464,-0.041392685158225,0.09657320872274143
A0A4Z2GJ42,482,70.37344398340248,0.3775933609958506,-0.7825726141078837,0.26556016597510373,-0.1760912590556812,0.035269709543568464
A0A501X4S7,511,92.44618395303326,0.4187866927592955,-0.7755381604696674,0.3131115459882583,0.032184683371401235,0.03913894324853229
A0A502MY31,501,90.27944111776446,0.4291417165668663,-0.2546906187624749,0.26147704590818366,0.08517160973681223,0.09181636726546907
A0A502W839,595,88.82352941176471,0.41680672268907565,-0.3253781512605042,0.2773109243697479,0.06775178426684307,0.10756302521008404
A0A502YNY4,627,112.20095693779903,0.4385964912280702,0.2763955342902711,0.19457735247208932,0.04206134500071136,0.08771929824561403
A0A505DKT8,796,90.66582914572865,0.36809045226130654,-0.08831658291457306,0.21984924623115576,0.06390975290513104,0.05276381909547739
A0A506UF83,752,93.77659574468085,0.4122340425531915,-0.23324468085106367,0.261968085106383,0.04806144547023945,0.0651595744680851
A0A507QZU0,716,76.35474860335195,0.35055865921787704,-0.6067039106145251,0.2807262569832402,-0.0042787979792750196,0.055865921787709494
A0A510UUV6,687,113.33333333333333,0.4075691411935954,0.4721979621542941,0.17176128093158657,0.13127891463931896,0.05531295487627365
A0A510V121,530,93.39622641509433,0.42830188679245285,-0.13849056603773602,0.2320754716981132,0.0766340570337449,0.06603773584905662
A0A511BKM5,624,89.99999999999999,0.3974358974358974,-0.16137820512820528,0.20192307692307693,0.13683795990800765,0.0608974358974359
A0A511MLK9,316,105.75949367088609,0.47151898734177217,-0.053164556962025544,0.2468354430379747,0.0,0.0379746835443038
A0A512C9C9,710,92.59154929577464,0.3915492957746479,-0.24366197183098587,0.2830985915492958,0.09883593404409492,0.06338028169014084
A0A512J5T0,784,97.13010204081631,0.4056122448979592,0.17640306122448987,0.19132653061224486,-0.011429461780781828,0.10204081632653061
A0A512THH6,632,92.38924050632912,0.389240506329114,-0.19999999999999998,0.22468354430379744,0.07255066714861176,0.10126582278481013
A0A514XNW3,364,95.27472527472527,0.42857142857142855,-0.3153846153846156,0.2664835164835165,0.04390548569908171,0.06593406593406594
A0A516KCI1,479,87.66179540709813,0.3987473903966597,-0.44091858037578274,0.3068893528183716,0.08773904968289017,0.043841336116910226
A0A516NSN8,317,72.3659305993691,0.33753943217665616,-0.282334384858044,0.21135646687697163,0.19188552623891322,0.08832807570977919
A0A516WI08,471,91.93205944798302,0.3588110403397028,-0.04352441613588098,0.19108280254777069,0.2523380717642567,0.06369426751592357
A0A517SUI6,474,89.64135021097046,0.40717299578059063,-0.2835443037974686,0.26371308016877637,0.17324341618285494,0.06751054852320676
A0A519BJ57,488,134.50819672131146,0.43852459016393447,1.0545081967213115,0.1127049180327869,-0.10720996964786837,0.1598360655737705
A0A519BZC3,681,90.55800293685756,0.41997063142437596,-0.3411160058737151,0.2599118942731277,0.024268574726936852,0.054331864904552135
A0A519D3B3,356,91.71348314606742,0.4241573033707865,-0.36938202247191,0.29775280898876405,-0.06445798922691845,0.12640449438202248
A0A519H3V3,672,88.09523809523809,0.34672619047619047,0.014136904761904878,0.16666666666666666,-0.2177898931394887,0.05505952380952381
A0A519HEM8,550,83.76363636363637,0.33999999999999997,-0.057454545454545536,0.19636363636363638,0.015794267183231885,0.06909090909090909
A0A519JYA9,509,92.20039292730846,0.39096267190569745,-0.11473477406679755,0.25736738703339884,0.032669116753368234,0.045186640471512766
A0A520ECP1,557,83.4290843806104,0.414721723518851,-0.5409335727109513,0.3393177737881508,0.05921016511700474,0.06104129263913824
A0A520G901,589,89.66044142614601,0.3735144312393888,-0.08132427843803053,0.20033955857385402,-0.0434656937810903,0.06451612903225806
A0A520IRX0,413,66.82808716707022,0.31476997578692495,-0.508958837772397,0.17191283292978207,-0.05958568998424408,0.13801452784503632
A0A520Q6S1,711,82.32067510548524,0.35302390998593525,-0.18045007032348803,0.13642756680731366,0.15064413684320177,0.1209563994374121
A0A520YNM4,690,91.8840579710145,0.34347826086956523,-0.1352173913043478,0.2202898550724638,0.11344444991779208,0.03913043478260869
A0A520ZSF1,536,81.52985074626866,0.40298507462686567,-0.39888059701492556,0.2574626865671642,0.06214790674884452,0.08768656716417911
A0A521AWN8,640,86.6875,0.353125,-0.004531249999999987,0.2296875,0.0291582287412134,0.065625
A0A521BVU1,657,88.47792998477931,0.4703196347031963,-0.28645357686453576,0.3013698630136986,0.07838510561953002,0.0791476407914764
A0A521HMB5,579,85.52677029360967,0.35924006908462863,-0.12573402417961999,0.20552677029360966,0.06472532963665519,0.06390328151986183
A0A521HZ66,466,118.6695278969957,0.42060085836909866,0.6849785407725322,0.13948497854077252,-0.17069622716897506,0.11158798283261803
A0A521NNU7,500,135.02,0.438,0.8599999999999999,0.118,-0.014240439114610282,0.052000000000000005
A0A522CY70,778,95.6555269922879,0.3766066838046272,-0.06426735218509011,0.2493573264781491,-0.026597768493794832,0.05912596401028278
A0A522P7R3,501,80.99800399201597,0.31137724550898205,-0.2095808383233531,0.17365269461077842,-0.06845738065585169,0.057884231536926144
A0A523K6S1,395,94.60759493670886,0.4,-0.07012658227848084,0.24303797468354432,0.2171281109437721,0.04810126582278481
A0A523QE13,733,97.17598908594816,0.46111869031377895,-0.1950886766712141,0.27830832196452937,-9.643274665532872e-17,0.061391541609822645
A0A523WAU7,577,99.01213171577123,0.43500866551126516,-0.2564991334488735,0.2755632582322357,0.037788560889399844,0.0710571923743501
A0A523ZPQ4,710,77.59154929577464,0.39295774647887327,-0.5138028169014084,0.2802816901408451,0.021611149012677234,0.13380281690140844
A0A524ERP7,417,97.26618705035972,0.407673860911271,-0.1405275779376499,0.23501199040767384,0.017374096069422723,0.08633093525179855
A0A524ISZ6,319,92.69592476489028,0.40752351097178685,-0.12382445141065826,0.23510971786833854,0.17139613784730146,0.10031347962382445
A0A532TI29,720,80.52777777777779,0.4,-0.4326388888888889,0.22638888888888886,0.18708664335714445,0.14166666666666666
A0A532UVJ1,710,85.5774647887324,0.3802816901408451,-0.18929577464788755,0.21971830985915494,0.0993846321359118,0.07605633802816901
A0A534BLE6,368,79.67391304347827,0.41032608695652173,-0.3328804347826089,0.25,0.0,0.08695652173913043
A0A534UYC5,729,110.83676268861453,0.4705075445816187,-0.010150891632372983,0.24691358024691357,0.038204352670229376,0.07270233196159123
A0A534WC62,337,108.63501483679525,0.4213649851632047,0.15133531157270017,0.20771513353115728,-0.04830467957455509,0.07418397626112759
A0A534YHG3,743,83.74158815612383,0.3593539703903096,-0.17604306864064606,0.2126514131897712,-0.054357662322592704,0.05652759084791387
A0A535DMY1,756,98.49206349206348,0.43386243386243384,-0.07619047619047636,0.2208994708994709,0.08766935627314375,0.07142857142857142
A0A535HT19,437,113.93592677345539,0.41647597254004576,0.6878718535469108,0.12585812356979406,-0.10720996964786843,0.08466819221967964
A0A535JD72,537,83.83612662942272,0.3296089385474861,-0.21154562383612663,0.20670391061452512,-0.03845825181917563,0.08752327746741154
A0A535JTS6,309,85.9546925566343,0.4110032362459547,-0.22071197411003218,0.24919093851132684,0.033000260102925255,0.048543689320388356
A0A535L7K9,450,98.86666666666666,0.4622222222222222,-0.2526666666666667,0.3044444444444444,0.03125769373044211,0.07333333333333333
A0A535LDL3,499,85.45090180360721,0.39278557114228463,-0.11302605210420819,0.218436873747495,0.0863598306747483,0.0781563126252505
A0A535LL14,575,97.30434782608695,0.4295652173913044,0.08139130434782604,0.22434782608695653,-0.046457401239001446,0.11130434782608696
A0A535NVM1,334,91.37724550898204,0.38622754491017963,0.01047904191616772,0.23952095808383234,0.021189299069937998,0.08383233532934131
A0A535SAV3,774,104.36692506459949,0.45219638242894056,-0.03604651162790706,0.2558139534883721,0.034762106259212,0.046511627906976744
A0A535Y4H5,547,82.70566727605119,0.4040219378427788,-0.24314442413162718,0.2486288848263254,0.12677507964829737,0.08957952468007313
A0A535ZPW9,379,94.82849604221634,0.36939313984168864,-0.09050131926121391,0.1503957783641161,-0.10354059190706953,0.07915567282321899
A0A536D8G9,607,89.88467874794071,0.4398682042833608,-0.211367380560132,0.2504118616144975,0.011281010409689086,0.07578253706754531
A0A536GTJ1,318,79.24528301886792,0.4339622641509434,-0.3757861635220126,0.2830188679245283,0.0,0.08805031446540881
A0A536XLY9,300,128.9,0.4333333333333333,0.7473333333333333,0.12666666666666665,0.0,0.07
A0A536ZTV1,350,62.34285714285714,0.33142857142857135,-0.3114285714285715,0.17142857142857143,-0.02802872360024354,0.12857142857142856
A0A537E0H9,528,88.7310606060606,0.38636363636363635,-0.07746212121212126,0.21212121212121213,-0.015239966556736848,0.08143939393939394
A0A537J848,543,76.96132596685082,0.3130755064456722,-0.3729281767955801,0.20626151012891344,-0.030489322147900365,0.09392265193370167
A0A537KWK0,706,84.1643059490085,0.37818696883852687,-0.1633144475920679,0.21813031161473087,9.64327466553287e-17,0.0934844192634561
A0A537RT26,387,89.27648578811369,0.37726098191214463,0.0033591731266152114,0.19638242894056845,0.06694678963061323,0.06718346253229975
A0A537SQZ2,319,99.34169278996866,0.4043887147335423,0.021003134796238165,0.225705329153605,0.0,0.0658307210031348
A0A537VJY0,338,85.44378698224851,0.29585798816568043,0.21597633136094677,0.11538461538461539,0.10645533091428679,0.07396449704142012
A0A538BNA6,342,71.87134502923976,0.30409356725146197,-0.5777777777777778,0.18128654970760233,-0.1368379599080077,0.11695906432748537
A0A538N4Y2,331,58.670694864048336,0.3504531722054381,-0.7885196374622359,0.32326283987915405,0.4007329088562077,0.030211480362537766
A0A538RI32,416,75.5048076923077,0.27884615384615385,-0.28365384615384615,0.22596153846153846,-0.07255066714861168,0.04807692307692307
A0A538S0Q6,466,71.60944206008584,0.34549356223175964,-0.566952789699571,0.23819742489270387,0.03845825181917567,0.08798283261802575
A0A538UD38,365,101.26027397260273,0.4438356164383562,-0.18328767123287665,0.23013698630136986,0.04042865705560813,0.03835616438356164
A0A540VYV3,347,81.78674351585015,0.38616714697406335,-0.17809798270893368,0.20172910662824206,0.07255066714861176,0.09221902017291067
A0A540WLK3,627,104.75279106858055,0.44019138755980863,-0.035406698564593164,0.24401913875598086,-0.05049099226326079,0.06379585326953748
A0A542BBE6,558,81.98924731182795,0.33333333333333326,-0.0392473118279571,0.2007168458781362,0.06105396540997806,0.08243727598566308
A0A542DAL0,305,115.37704918032787,0.46885245901639344,0.4222950819672131,0.16065573770491803,-0.1903316981702914,0.12131147540983607
A0A542ELH0,355,103.74647887323944,0.4197183098591549,0.020000000000000018,0.2140845070422535,0.044582132652740414,0.05352112676056338
A0A542JDU7,376,96.17021276595744,0.3936170212765958,-0.0077127659574467156,0.22872340425531917,0.07918124604762482,0.05319148936170213
A0A542Q261,536,85.29850746268656,0.38992537313432835,-0.07686567164179092,0.21828358208955223,0.11007145906602724,0.08022388059701492
A0A543FD61,322,99.44099378881988,0.4503105590062111,-0.38167701863354064,0.30124223602484473,0.008773924307505154,0.043478260869565216
A0A543NK40,736,88.46467391304348,0.3967391304347826,-0.24497282608695675,0.24864130434782605,0.14693303031446783,0.05842391304347826
A0A543Q5S4,457,92.03501094091904,0.42450765864332607,-0.11531728665207883,0.19912472647702406,0.16057909287743372,0.11816192560175055
A0A544TQY9,585,79.38461538461539,0.3623931623931624,-0.34000000000000014,0.24615384615384617,0.09557166223579426,0.08717948717948718
A0A545TAE8,331,82.29607250755288,0.3202416918429003,-0.18006042296072508,0.20241691842900306,0.012589127308020562,0.08761329305135952
A0A545UHP9,699,107.03862660944206,0.43776824034334766,-0.04835479256080116,0.24177396280400573,0.11754001453526863,0.07296137339055794
A0A547L2I8,678,88.80530973451329,0.38495575221238937,-0.21976401179941002,0.24631268436578171,0.07729710217307346,0.06342182890855458
A0A550CPL9,686,78.39650145772596,0.3760932944606414,-0.5400874635568511,0.2740524781341108,0.05493136713772983,0.05393586005830904
A0A550D3G4,380,73.05263157894737,0.43947368421052635,-0.6357894736842105,0.2763157894736842,0.00811789022217946,0.16842105263157894
A0A550HPF5,550,94.89090909090909,0.45272727272727276,-0.273090909090909,0.24363636363636365,0.07684003023272243,0.03818181818181818
A0A550I7G1,437,92.63157894736842,0.4096109839816934,-0.3144164759725402,0.24713958810068654,0.1434221423023131,0.08924485125858123
A0A550IF16,751,71.99733688415446,0.3501997336884155,-0.6019973368841546,0.25699067909454065,-0.04904939735961697,0.07323568575233022
A0A552FBD7,422,92.86729857819904,0.438388625592417,-0.4210900473933649,0.25829383886255924,0.039152123962148316,0.12085308056872038
A0A552HYV1,716,100.48882681564247,0.45251396648044695,-0.22164804469273724,0.22625698324022347,0.13887451455159242,0.11173184357541899
A0A552UW36,798,74.07268170426065,0.3333333333333333,-0.3353383458646618,0.19047619047619047,0.011281010409689086,0.14035087719298245
A0A553ES82,551,83.19419237749545,0.3865698729582577,-0.2834845735027222,0.24682395644283123,0.10116089016171487,0.10707803992740472
A0A553HPP9,344,98.72093023255813,0.39244186046511625,0.05145348837209307,0.18604651162790697,0.0,0.08139534883720931
A0A553IC58,553,94.57504520795659,0.3905967450271248,-0.1323688969258589,0.2332730560578662,-0.059768205003489845,0.05786618444846293
A0A553MRQ9,528,70.85227272727272,0.3920454545454545,-0.7892045454545455,0.26704545454545453,-0.06694678963061317,0.05303030303030303
A0A554R7G7,590,86.20338983050846,0.39152542372881355,-0.23084745762711872,0.25254237288135595,0.19293581570341112,0.07796610169491526
A0A554X8G0,760,102.63157894736842,0.43157894736842106,-0.09618421052631598,0.2131578947368421,0.11722459983485983,0.06315789473684211
A0A556TT61,702,88.43304843304843,0.3817663817663817,-0.16424501424501425,0.2207977207977208,-0.005532488599961056,0.06837606837606838
A0A557SE94,335,74.23880597014924,0.3492537313432835,-0.3194029850746267,0.2298507462686567,0.0993846321359118,0.11343283582089553
A0A558BX00,505,92.77227722772277,0.3069306930693069,-0.019405940594059368,0.13861386138613863,0.07255066714861176,0.0495049504950495
A0A558D2A5,500,95.55999999999999,0.468,-0.273,0.314,0.3010299956639812,0.048
A0A560JK37,416,89.1826923076923,0.35096153846153844,-0.08822115384615392,0.2283653846153846,0.09892530424338192,0.05048076923076923
A0A560QRB2,442,88.43891402714932,0.40723981900452494,-0.4859728506787327,0.22171945701357465,0.0696359281413944,0.07239819004524886
A0A560V1Q3,425,82.70588235294119,0.34823529411764703,-0.22400000000000003,0.24,0.08377699773677397,0.06117647058823529
A0A560VDH0,770,92.53246753246754,0.37922077922077924,0.055454545454545395,0.21688311688311687,0.04630001965296913,0.06363636363636363
A0A561SF36,538,89.68401486988847,0.35687732342007433,0.061524163568773216,0.19516728624535315,0.20676007882213315,0.055762081784386616
A0A561TVD8,588,72.26190476190476,0.27891156462585037,-0.10119047619047628,0.11224489795918366,0.3203351508593678,0.09183673469387754
A0A561WYK3,538,118.81040892193306,0.49256505576208176,0.4390334572490706,0.16171003717472118,-0.14780161956780422,0.08550185873605948
A0A562EQZ9,380,89.23684210526316,0.3473684210526316,0.052368421052631675,0.19210526315789472,0.35427550761720633,0.047368421052631574
A0A563ENF8,358,106.50837988826815,0.4720670391061453,-0.08687150837988833,0.2681564245810056,0.07106335582544539,0.055865921787709494
A0A5A5RPM2,403,109.2803970223325,0.37965260545905705,0.3866004962779156,0.1315136476426799,-0.0791812460476248,0.07196029776674938
A0A5A7M8G7,451,126.65188470066519,0.39911308203991136,1.0598669623059866,0.08647450110864745,-0.021189299069938047,0.0598669623059867
A0A5A7V8Q6,593,93.05227655986509,0.403035413153457,-0.26087689713322093,0.25463743676222594,-0.039767126871487646,0.09949409780775717
A0A5A8A6N4,357,65.40616246498598,0.3389355742296919,-0.5036414565826332,0.24369747899159666,0.08813608870055123,0.07563025210084034
A0A5A8AB76,436,75.36697247706424,0.30733944954128445,-0.14220183486238538,0.20642201834862384,-0.018885344160373765,0.11467889908256881
A0A5A8E8Y5,544,87.92279411764706,0.4025735294117648,-0.12334558823529418,0.24080882352941174,0.01959555606338077,0.08272058823529412
A0A5A9FHK2,414,102.68115942028986,0.4154589371980676,0.0031400966183576795,0.2246376811594203,0.08253488805521261,0.050724637681159424
A0A5A9FNL3,438,88.31050228310502,0.38584474885844744,-0.12602739726027407,0.21232876712328766,0.027438248346939614,0.0730593607305936
A0A5A9NQ56,733,91.74624829467942,0.43519781718963163,-0.42687585266029987,0.2878581173260573,0.020393158641843302,0.0723055934515689
A0A5B0CB84,331,99.15407854984895,0.37462235649546827,-0.09546827794561946,0.20845921450151056,0.1106982974936897,0.05740181268882175
A0A5B0G0C5,454,111.27753303964758,0.447136563876652,0.022026431718061734,0.19823788546255508,0.07572071393811843,0.07048458149779735
A0A5B0R8B1,646,70.91331269349845,0.40092879256965946,-0.7515479876160993,0.3297213622291022,0.18452442659254414,0.08823529411764705
A0A5B0WK74,753,80.2390438247012,0.3253652058432935,-0.1875166002656043,0.1646746347941567,0.04139268515822508,0.07835325365205843
A0A5B2UN73,643,83.37480559875583,0.38880248833592534,-0.20575427682737163,0.25038880248833595,0.026652194771440367,0.09020217729393468
A0A5B2V8T3,306,93.16993464052288,0.4281045751633987,-0.009803921568627472,0.22875816993464052,-0.024133679716719363,0.0784313725490196
A0A5B2WTM8,378,87.27513227513228,0.283068783068783,-0.16243386243386232,0.21428571428571427,0.05238806945968822,0.04497354497354497
A0A5B2YUY2,488,82.8688524590164,0.42008196721311475,-0.49241803278688534,0.29098360655737704,0.0362121726544448,0.11270491803278687
A0A5B7TSC2,589,104.97453310696096,0.38030560271646857,0.601867572156197,0.11035653650254668,0.03891806603036975,0.1494057724957555
A0A5B7UUU3,372,79.73118279569891,0.40322580645161293,-0.27930107526881737,0.23387096774193547,0.16797336883350175,0.10483870967741934
A0A5B8BP04,469,94.09381663113005,0.3603411513859275,0.0040511727078891835,0.2025586353944563,0.008954842652926412,0.053304904051172705
A0A5B8J1K3,365,82.35616438356163,0.35890410958904106,-0.13232876712328773,0.2136986301369863,0.5371191843949479,0.07945205479452055
A0A5B9DEC2,645,100.4186046511628,0.4077519379844961,-0.21488372093023272,0.2527131782945736,-0.03687135995312636,0.09457364341085271
A0A5C1I8M6,728,89.53296703296702,0.3159340659340659,0.06799450549450553,0.15796703296703296,-0.022276394711152257,0.06868131868131869
A0A5C1Y847,313,89.90415335463257,0.3929712460063897,-0.2559105431309904,0.22683706070287538,-0.08354605145007493,0.054313099041533544
A0A5C3EMV7,798,63.496240601503764,0.3458646616541353,-0.7719298245614036,0.2606516290726817,0.1333953636715373,0.05137844611528822
A0A5C3KEF8,593,77.82462057335582,0.38448566610455315,-0.572512647554806,0.2748735244519393,0.047424649928138135,0.0775716694772344
A0A5C3LXG3,729,74.26611796982168,0.29080932784636493,-0.3289437585733881,0.15775034293552812,0.022276394711152298,0.056241426611796985
A0A5C3MEF7,380,93.94736842105264,0.40789473684210525,-0.1036842105263156,0.22894736842105262,0.04884856753781701,0.05
A0A5C3R0N3,357,92.85714285714283,0.40336134453781514,-0.061344537815125944,0.23529411764705882,0.22724378150306246,0.08403361344537816
A0A5C4IRF7,678,95.25073746312684,0.3731563421828909,-0.08746312684365765,0.22713864306784662,0.1233152039440863,0.06047197640117994
A0A5C4IUK3,589,81.35823429541597,0.3837011884550085,-0.3351443123938881,0.22241086587436332,0.24817768833870552,0.10186757215619693
A0A5C4QD12,541,103.56746765249538,0.40665434380776344,0.12680221811460263,0.2088724584103512,0.1760912590556813,0.07024029574861368
A0A5C4TBD1,389,83.18766066838046,0.3676092544987147,-0.3051413881748071,0.2262210796915167,0.03862940235613092,0.07455012853470436
A0A5C4VAX9,613,73.115823817292,0.4061990212071778,-0.3225122349102774,0.24959216965742254,0.18779801858893155,0.09298531810766722
A0A5C5BGQ1,300,116.16666666666666,0.38,0.79,0.08666666666666667,-0.06214790674884446,0.07666666666666666
A0A5C5FZY6,352,75.9659090909091,0.36363636363636365,-0.2835227272727273,0.21022727272727273,0.11495451570169904,0.11079545454545454
A0A5C5SC75,376,77.26063829787235,0.3776595744680851,-0.4226063829787233,0.24468085106382978,0.0,0.06648936170212766
A0A5C5T7K3,543,79.61325966850829,0.3775322283609577,-0.48526703499079205,0.2688766114180479,-0.07058107428570727,0.09760589318600368
A0A5C5YKQ1,705,96.18439716312056,0.37446808510638296,0.11191489361702123,0.19574468085106383,0.1376330072365055,0.075177304964539
A0A5C6AEM8,362,98.0110497237569,0.3867403314917126,0.013535911602209849,0.17955801104972374,0.012964977164367635,0.06629834254143646
A0A5C6AI76,622,113.39228295819935,0.41961414790996787,0.3779742765273311,0.1897106109324759,0.028963695935316648,0.05144694533762058
A0A5C6B9F0,446,110.22421524663677,0.42376681614349776,0.0800448430493273,0.23318385650224213,0.0987541537064267,0.042600896860986545
A0A5C6PNH8,473,90.29598308668076,0.39323467230443976,-0.11923890063424952,0.21775898520084566,-0.008272525965989885,0.06553911205073995
A0A5C6RTM4,584,82.96232876712328,0.410958904109589,-0.5866438356164383,0.28082191780821913,0.1587171629862586,0.14383561643835616
A0A5C7ER95,514,101.10894941634241,0.3949416342412451,0.11108949416342406,0.1945525291828794,-0.017033339298780394,0.04669260700389105
A0A5C7HHD5,707,80.36775106082037,0.3536067892503536,-0.24059405940594075,0.21640735502121644,0.12984607110304408,0.09618104667609617
A0A5C7K719,469,74.0724946695096,0.33049040511727085,-0.3061833688699362,0.23667377398720685,0.14744607760615122,0.10660980810234541
A0A5C7LAA6,608,86.57894736842105,0.4046052631578947,-0.29144736842105273,0.23848684210526316,-0.017728766960431554,0.09046052631578946
A0A5C7ZMD8,395,108.05063291139238,0.4,0.6984810126582278,0.09620253164556962,-0.08715017571890014,0.1518987341772152
A0A5C8QIL4,510,90.19607843137256,0.4137254901960784,-0.27254901960784317,0.2549019607843137,0.0,0.06274509803921569
A0A5C8TBU7,304,105.85526315789473,0.3980263157894737,0.24835526315789475,0.18421052631578946,0.059997929675285444,0.0625
A0A5D2CIM1,300,93.03333333333335,0.31666666666666665,0.42366666666666664,0.13,-0.10645533091428673,0.07666666666666666
A0A5D2IGV0,486,82.09876543209876,0.3662551440329218,-0.24794238683127576,0.21810699588477367,-0.06445798922691845,0.1440329218106996
A0A5D2T1W8,663,87.17948717948718,0.39668174962292607,-0.21342383107088986,0.20361990950226244,0.01902323731343036,0.09351432880844646
A0A5D2VWQ6,595,81.78151260504202,0.37478991596638656,-0.2569747899159664,0.23361344537815126,-0.006160308704818446,0.1042016806722689
A0A5D2X112,728,72.08791208791209,0.2980769230769231,-0.6748626373626375,0.16208791208791207,-0.07255066714861168,0.05631868131868132
A0A5D2Z4W9,781,70.99871959026888,0.3559539052496799,-0.862996158770807,0.29449423815621,0.0449671455165232,0.06530089628681178
A0A5D3A4K7,795,93.45911949685535,0.4150943396226415,-0.10000000000000003,0.24150943396226415,0.09892530424338199,0.08679245283018869
A0A5D3D6C0,587,95.50255536626918,0.4054514480408859,-0.2262350936967633,0.27597955706984667,-0.06366907986937732,0.06473594548551959
A0A5D4NUC8,661,82.90468986384265,0.3903177004538578,-0.4768532526475038,0.2859304084720121,0.04095860767890635,0.07413010590015129
A0A5D5AHJ3,360,88.3888888888889,0.4027777777777778,-0.04638888888888881,0.23055555555555557,0.26324143477458134,0.06111111111111111
A0A5D6UUW4,377,85.25198938992042,0.376657824933687,-0.18938992042440317,0.19363395225464192,0.08130493967748036,0.07692307692307693
A0A5D9CMB9,531,97.75894538606403,0.36534839924670426,0.1097928436911487,0.1902071563088512,0.19728055812561934,0.05649717514124293
A0A5E4CYR3,599,34.257095158597664,0.25876460767946574,-1.1530884808013355,0.2420701168614357,-0.24885198399890962,0.08848080133555927
A0A5E4J143,368,92.36413043478262,0.4266304347826087,-0.6239130434782609,0.32608695652173914,0.0,0.024456521739130432
A0A5E6MWM0,362,100.52486187845302,0.419889502762431,-0.23093922651933693,0.2292817679558011,0.0716932246550748,0.0856353591160221
A0A5E7PFC5,315,95.33333333333334,0.42539682539682544,-0.13238095238095215,0.25396825396825395,0.12802981358544172,0.05714285714285714
A0A5F0K7K0,342,96.60818713450291,0.39473684210526316,-0.1947368421052631,0.20760233918128654,0.10763387839982952,0.08771929824561403
A0A5F5XIF8,734,75.47683923705722,0.35422343324250677,-0.3889645776566756,0.22615803814713897,0.031034233739968727,0.12261580381471389
A0A5F7ZJP7,773,72.58732212160413,0.3169469598965071,-0.41021992238033633,0.16558861578266496,0.05351925572648825,0.07632600258732213
A0A5F8GAV9,321,85.98130841121494,0.3862928348909657,-0.19781931464174468,0.22429906542056072,-0.09426991684184806,0.08099688473520249
A0A5H5K1X0,677,80.28064992614476,0.361890694239291,-0.29069423929098975,0.24224519940915806,0.09455610761457907,0.10782865583456425
A0A5H8NQA6,546,87.98534798534799,0.3351648351648352,-0.11428571428571438,0.20146520146520147,0.10914446942506809,0.0695970695970696
A0A5I9SBZ9,698,70.08595988538681,0.3667621776504298,-0.4929799426934096,0.2148997134670487,0.05722667015957447,0.12750716332378223
A0A5J4E326,773,96.15782664941784,0.3958602846054333,0.03415265200517453,0.21862871927554983,-0.05595140532915002,0.11642949547218628
A0A5J4J235,569,83.60281195079085,0.3198594024604569,-0.05834797891036925,0.14762741652021089,0.5772364076029303,0.08084358523725835
A0A5J4JL56,314,87.26114649681529,0.40127388535031844,-0.21146496815286647,0.26751592356687903,0.08103325090921833,0.08280254777070063
A0A5J4VA87,776,106.34020618556701,0.3969072164948454,-0.2510309278350515,0.2435567010309278,0.0500788643433177,0.05412371134020618
A0A5J4VCL7,783,56.44955300127714,0.2528735632183908,-0.5448275862068964,0.21455938697318008,0.16547228304538722,0.06002554278416347
A0A5J4YLK8,539,83.87755102040815,0.37662337662337664,-0.21020408163265342,0.24118738404452691,-0.052706350516002975,0.06307977736549165
A0A5J5JSN2,373,93.45844504021447,0.3914209115281502,-0.02439678284182306,0.21179624664879357,0.14061894089346233,0.05630026809651474
A0A5J5LN38,442,76.19909502262443,0.3710407239819004,-0.3656108597285066,0.2647058823529412,0.3802112417116059,0.06334841628959276
A0A5J5U3D7,523,96.88336520076483,0.38432122370936905,-0.1521988527724663,0.2084130019120459,-0.10219560946974018,0.08795411089866156
A0A5J5UA18,519,75.20231213872832,0.3468208092485549,-0.4616570327552988,0.1984585741811175,0.024823583725032145,0.06936416184971098
A0A5J5V7G8,367,80.76294277929155,0.4359673024523161,-0.5610354223433244,0.30517711171662126,0.0,0.111716621253406
A0A5J5VVM5,568,75.88028169014083,0.3873239436619718,-0.6205985915492959,0.301056338028169,0.015063746435875934,0.06514084507042253
A0A5J6F8K9,487,82.25872689938399,0.3470225872689939,-0.1634496919917865,0.2032854209445585,0.1476027212442437,0.047227926078028754
A0A5J6LCE8,675,82.80000000000001,0.3851851851851852,-0.29303703703703704,0.18666666666666665,0.2218487496163564,0.09333333333333334
A0A5J6N5L3,644,113.16770186335403,0.44099378881987583,0.2515527950310559,0.20496894409937888,-0.06494080693301467,0.052795031055900624
A0A5J9SS24,464,91.44396551724137,0.40086206896551724,-0.17672413793103436,0.22844827586206895,-0.14612803567823796,0.07974137931034483
A0A5J9UMM6,647,72.90571870170015,0.36321483771251933,-0.6349304482225654,0.2627511591962906,0.01010032690432585,0.06491499227202473
A0A5J9VKY6,609,93.21839080459769,0.37110016420361247,-0.18834154351395727,0.22495894909688013,0.10676476767971348,0.05747126436781609
A0A5K1ATS0,480,102.74999999999999,0.4166666666666667,0.07770833333333324,0.20208333333333334,-0.09691001300805646,0.09583333333333334
A0A5K1ULU4,704,73.74999999999999,0.3948863636363636,-0.8551136363636367,0.3125,0.1180993120779944,0.08664772727272727
A0A5K8AKI1,737,85.61736770691995,0.3731343283582089,-0.10597014925373144,0.23066485753052918,0.13231233447709403,0.08955223880597016
A0A5L1D195,514,80.27237354085604,0.37743190661478593,-0.5908560311284049,0.26653696498054474,0.006248949277001447,0.07198443579766536
A0A5M3XWM0,575,81.3913043478261,0.40347826086956523,-0.22782608695652162,0.2173913043478261,0.08922318434176545,0.07999999999999999
A0A5M9HZW6,343,71.37026239067056,0.4227405247813411,-0.6825072886297374,0.326530612244898,-0.06105396540997795,0.14285714285714285
A0A5N4AFU6,537,74.05959031657356,0.35940409683426444,-0.7372439478584729,0.26256983240223464,0.04255235068546376,0.05027932960893855
A0A5N5IWL5,583,112.02401372212691,0.38250428816466553,0.665008576329331,0.11149228130360206,-0.03891806603036973,0.09777015437392797
A0A5N5K478,798,87.03007518796993,0.37468671679197996,-0.4385964912280702,0.2731829573934837,-0.0791812460476248,0.07518796992481203
A0A5N5KMS1,601,78.58569051580699,0.33610648918469216,-0.21946755407653906,0.20133111480865223,-0.03532796234174293,0.08818635607321132
A0A5N5KQZ3,504,64.2063492063492,0.3829365079365079,-0.7509920634920635,0.2976190476190476,-0.02286288295950428,0.10317460317460317
A0A5N5LSA9,402,72.03980099502488,0.3407960199004975,-0.700497512437811,0.25870646766169153,0.20012949992312004,0.0845771144278607
A0A5N5Q5A8,436,93.44036697247707,0.42431192660550465,-0.3568807339449539,0.26605504587155965,-0.014723256820706448,0.05963302752293578
A0A5N6DW54,598,89.5819397993311,0.3712374581939799,-0.08528428093645485,0.17391304347826086,0.1321173212354233,0.09364548494983278
A0A5N6KRQ2,587,47.08688245315162,0.2708688245315162,-0.7277683134582622,0.21635434412265758,0.1151348331142555,0.07666098807495741
A0A5N6Q6C9,525,75.08571428571429,0.35619047619047617,-0.3108571428571427,0.2476190476190476,0.22888201234756028,0.12571428571428572
A0A5N6QSK4,751,98.04260985352865,0.4034620505992011,0.27456724367509994,0.17043941411451397,0.08040633707693107,0.10386151797603196
A0A5N6U073,691,85.03617945007235,0.37337192474674386,-0.2729377713458756,0.1968162083936324,0.10116089016171487,0.0824891461649783
A0A5N6WAU6,587,82.58943781942078,0.4003407155025554,-0.4582623509369676,0.252129471890971,0.0,0.10391822827938671
A0A5N6WM08,337,98.72403560830861,0.3798219584569733,0.011275964391691373,0.21068249258160238,0.03571555226653449,0.06231454005934718
A0A5N6Z1X1,773,85.36869340232859,0.4191461836998706,-0.478783958602846,0.2729624838292367,0.004077912420439447,0.08538163001293661
A0A5N7B4S8,675,88.51851851851852,0.38814814814814813,-0.1278518518518519,0.2177777777777778,0.05252905127618459,0.09037037037037038
A0A5N7CP73,719,81.7941585535466,0.37134909596662036,-0.19193324061196101,0.21974965229485396,-4.8216373327664354e-17,0.09874826147426982
A0A5N7CXZ7,686,84.3731778425656,0.38629737609329445,-0.11516034985422746,0.2084548104956268,0.029963223377443293,0.09912536443148688
A0A5N7MZI6,553,78.17359855334539,0.2911392405063291,-0.235985533453888,0.2115732368896926,0.13987908640123647,0.09403254972875226
A0A5N9C4L6,319,95.0783699059561,0.3605015673981191,-0.27523510971786846,0.21316614420062696,-0.12493873660829989,0.09090909090909091
A0A5N9DR18,565,90.63716814159292,0.34513274336283184,0.0038938053097344327,0.2141592920353982,0.03532796234174298,0.04424778761061947
A0A5N9HBF1,629,123.7360890302067,0.4276629570747218,0.8470588235294119,0.11605723370429252,-0.011581872549815197,0.12559618441971385
A0A5N9HSG3,478,95.8786610878661,0.3765690376569038,-0.056903765690376695,0.19665271966527198,0.018098222092796223,0.05230125523012552
A0A5P1FQB0,667,83.41829085457272,0.38080959520239877,-0.34737631184407797,0.239880059970015,0.0,0.0944527736131934
A0A5P2DXF7,442,66.83257918552036,0.30769230769230765,-0.4183257918552036,0.25791855203619907,0.10534318054491919,0.08371040723981901
A0A5P8GM32,734,93.76021798365122,0.3692098092643052,0.1252043596730244,0.11716621253405994,0.0593140012159821,0.14986376021798364
A0A5P9H7H2,327,84.4954128440367,0.327217125382263,-0.003669724770642313,0.20183486238532108,0.2914846777577508,0.0672782874617737
A0A5P9HW16,436,86.0091743119266,0.44954128440366975,-0.45435779816513794,0.29357798165137616,0.05351925572648825,0.11467889908256881
A0A5Q0TTR7,798,101.00250626566417,0.449874686716792,-0.1350877192982458,0.2794486215538847,0.042498229620915706,0.07518796992481203
A0A5Q2TNE5,396,105.15151515151516,0.38636363636363635,0.04065656565656561,0.20202020202020204,0.10645533091428679,0.04292929292929293
A0A5Q6S3A6,441,94.03628117913831,0.39682539682539686,-0.1904761904761904,0.24263038548752835,0.25403343298775777,0.03401360544217687
A0A5R9KBG7,788,70.35532994923858,0.3147208121827411,-0.41256345177664977,0.18781725888324874,0.0,0.12944162436548223
A0A5R9KJ86,339,100.7079646017699,0.41297935103244837,-0.16401179941002958,0.26843657817109146,-0.028028723600243593,0.0943952802359882
A0A5R9RAJ4,378,89.07407407407408,0.3915343915343915,-0.1314814814814816,0.24338624338624337,0.07410172051834989,0.09523809523809523
A0A5S3TTM9,765,97.66013071895424,0.3699346405228758,-0.1600000000000001,0.257516339869281,0.3141914417219521,0.03398692810457516
A0A5S3W4A9,596,81.34228187919463,0.2684563758389262,-0.09362416107382554,0.1459731543624161,1.4573771965239053,0.028523489932885907
A0A5S3Y1F9,382,86.282722513089,0.40052356020942403,-0.3083769633507855,0.22774869109947646,-0.08813608870055138,0.12827225130890052
A0A5S6Q4B4,522,76.62835249042146,0.36590038314176243,-0.5440613026819925,0.25862068965517243,0.06989117027739451,0.07279693486590039
A0A5S9XZX3,609,66.25615763546799,0.3497536945812808,-0.539901477832512,0.26436781609195403,0.005328833505066964,0.08374384236453203
A0A5T2ZQS6,366,85.43715846994535,0.36612021857923494,-0.393169398907104,0.2459016393442623,-0.018885344160373813,0.1174863387978142
A0A5T3JH29,404,126.509900990099,0.4257425742574258,0.8027227722772277,0.10643564356435643,-0.34523365815603463,0.10148514851485149
A0A5T5G929,540,86.25925925925925,0.3907407407407408,-0.23814814814814805,0.2185185185185185,0.0,0.07407407407407407
A0A5U5BMR7,658,77.46200607902736,0.3753799392097264,-0.4193009118541031,0.2127659574468085,0.13566260200007307,0.10334346504559269
A0A5U6M9A3,431,87.03016241299302,0.382830626450116,-0.3097447795823667,0.21809744779582366,0.018098222092796223,0.08352668213457076
A0A5U9GNI9,783,82.83524904214559,0.42273307790549164,-0.4431673052362708,0.243933588761175,0.022507340997851125,0.10472541507024266
A0A5V4MUF4,628,100.70063694267515,0.375796178343949,0.25079617834394885,0.15605095541401276,-0.03476210625921192,0.09394904458598727
A0A5W0W3H6,337,116.973293768546,0.42433234421364985,0.6857566765578634,0.10385756676557864,-0.11809931207799444,0.11869436201780416
A0A5W2B806,562,94.7153024911032,0.3380782918149466,0.03274021352313161,0.16548042704626337,0.15712341997970114,0.05338078291814947
A0A5Y3X7V4,655,114.50381679389312,0.45496183206106877,0.3160305343511451,0.1847328244274809,-0.09214622321199248,0.08396946564885496
A0A602RV74,534,118.89513108614231,0.4438202247191011,0.8333333333333334,0.11423220973782772,-0.153228376096177,0.12546816479400746
A0A610YXT9,483,134.1407867494824,0.432712215320911,0.9370600414078674,0.10144927536231885,-0.15490195998574322,0.09523809523809523
A0A625CGW2,719,96.98191933240612,0.4200278164116829,-0.03588317107093192,0.21974965229485396,-0.10914446942506803,0.09318497913769123
A0A640UR75,664,95.07530120481927,0.3795180722891566,-0.09382530120481936,0.25150602409638556,0.09806659020799857,0.049698795180722885
A0A640XP68,423,92.17494089834516,0.3900709219858156,-0.3470449172576832,0.2624113475177305,0.08482151340031747,0.08983451536643025
A0A642UUE6,747,57.46987951807229,0.2824631860776439,-0.6736278447121817,0.23025435073627842,0.224513141297768,0.07630522088353414
A0A643FFC3,522,93.67816091954025,0.35823754789272033,-0.023563218390804552,0.2011494252873563,0.089610774266557,0.028735632183908046
A0A643JRY1,316,69.05063291139241,0.3322784810126582,-0.3566455696202533,0.20253164556962022,-0.2717406195619936,0.07594936708860758
A0A644U7H1,402,124.90049751243784,0.43034825870646765,0.8800995024875623,0.11691542288557213,-0.12493873660829995,0.12189054726368159
A0A651G0K2,728,91.62087912087912,0.42719780219780223,-0.11140109890109906,0.24862637362637363,-0.004746435024461642,0.06318681318681318
A0A651GH88,565,87.46902654867256,0.415929203539823,-0.4056637168141595,0.25309734513274335,0.30553049689065764,0.10265486725663717
A0A655ITY1,459,82.98474945533768,0.4161220043572985,-0.4047930283224403,0.289760348583878,0.07093117062220197,0.07407407407407407
A0A657APD4,692,78.90173410404624,0.3569364161849711,-0.351878612716763,0.2630057803468208,0.10435220582652258,0.09971098265895953
A0A659RA04,723,75.5878284923928,0.3789764868603043,-0.5164591977869983,0.26002766251728904,-0.07331797208655365,0.08298755186721993
A0A660L6C4,548,106.78832116788321,0.5109489051094891,-0.0678832116788321,0.28102189781021897,9.64327466553287e-17,0.05474452554744526
A0A660MZE1,349,69.25501432664757,0.3467048710601719,-0.5899713467048711,0.1862464183381089,-0.14390657568428006,0.10028653295128939
A0A660NDJ2,327,104.3119266055046,0.42813455657492355,-0.01498470948012226,0.23547400611620792,-0.18987954354131442,0.11926605504587157
A0A660QBM4,311,84.72668810289389,0.43729903536977494,-0.5437299035369776,0.3247588424437299,0.008433167536862764,0.05787781350482315
A0A660V4N4,356,96.48876404494382,0.41011235955056186,-0.003370786516853963,0.23314606741573035,0.11303951330859217,0.08426966292134831
A0A661CMB4,559,70.30411449016101,0.3899821109123435,-1.0198568872987481,0.33452593917710194,-0.05060999335508721,0.02504472271914132
A0A661FP35,376,76.56914893617022,0.32446808510638303,-0.4664893617021277,0.21808510638297873,-0.10389613386872246,0.11968085106382978
A0A661M7X9,503,104.31411530815109,0.46719681908548705,-0.29165009940357883,0.2882703777335984,0.029555243561716116,0.049701789264413515
A0A661NMM2,534,90.187265917603,0.3595505617977528,-0.10617977528089895,0.24157303370786515,0.19551981089400722,0.03745318352059925
A0A661QF44,687,103.1004366812227,0.4279475982532751,-0.02751091703056774,0.2590975254730713,0.0871501757189002,0.07714701601164484
A0A661ULD4,460,100.95652173913044,0.4043478260869564,-0.19978260869565206,0.23695652173913043,0.08635983067474823,0.10434782608695653
A0A662LL66,493,125.65922920892496,0.48681541582150106,0.7,0.13995943204868155,-0.012234456417011635,0.16835699797160242
A0A662VYV1,560,100.73214285714288,0.44642857142857145,-0.13124999999999998,0.24821428571428572,0.0679002356379358,0.09464285714285714
A0A662Z3S0,724,91.91988950276242,0.41988950276243087,-0.41229281767955794,0.2969613259668508,0.03604510418463933,0.07734806629834254
A0A663EJM4,662,65.87613293051359,0.3595166163141994,-0.606948640483384,0.25528700906344415,-0.11754001453526869,0.03927492447129909
A0A663FK75,724,105.4558011049724,0.42817679558011046,-0.011740331491712802,0.1837016574585635,0.10996158063864714,0.09392265193370165
A0A665VJ50,705,101.34751773049646,0.46099290780141844,0.10695035460992933,0.1900709219858156,-0.02555410447238822,0.1404255319148936
A0A667GJL7,554,89.42238267148015,0.4025270758122744,-0.10830324909747296,0.22202166064981949,0.09066106373105492,0.09747292418772563
A0A667J5J2,750,80.41333333333331,0.4053333333333333,-0.5500000000000003,0.268,0.0815351514411021,0.096
A0A668SYL5,422,104.9052132701422,0.40995260663507105,0.285308056872038,0.15165876777251183,9.64327466553287e-17,0.07819905213270142
A0A668VAE5,640,83.734375,0.3546875,-0.288125,0.2390625,-0.01681349900965012,0.05
A0A668VK39,537,75.62383612662941,0.37057728119180633,-0.7761638733705775,0.29981378026070765,0.04800772607108582,0.037243947858473
A0A669BPC8,551,68.8747731397459,0.3611615245009074,-0.7662431941923773,0.31215970961887474,-0.009984220906600895,0.06896551724137931
A0A669DRP2,567,71.74603174603173,0.37566137566137564,-0.6432098765432098,0.2716049382716049,0.03342375548694973,0.09700176366843033
A0A669DVQ6,757,85.86525759577279,0.42007926023778075,-0.3202113606340818,0.22985468956406874,-0.039508541283673634,0.11624834874504623
A0A669DYJ8,761,88.25229960578186,0.480946123521682,-0.310249671484888,0.28383705650459923,-0.13658271777200773,0.08278580814717476
A0A669EGG1,377,95.41114058355437,0.3819628647214854,-0.13687002652519903,0.24403183023872677,0.018483405694013133,0.0716180371352785
A0A669EJP1,709,81.07193229901269,0.3906911142454161,-0.5533145275035263,0.2482369534555712,0.0,0.09026798307475317
A0A669PLK3,729,76.66666666666666,0.3882030178326475,-0.618792866941015,0.2674897119341564,0.11979909695588895,0.05898491083676269
A0A670J1I5,715,68.25174825174825,0.35944055944055947,-0.6606993006993007,0.2671328671328671,-0.07670662691976944,0.07972027972027972
A0A671DQJ0,765,92.23529411764706,0.4,-0.3921568627450981,0.2823529411764706,0.04786061564843946,0.06143790849673203
A0A671E8R4,471,69.93630573248409,0.37154989384288745,-0.42675159235668797,0.22717622080679406,0.007968929671275375,0.08704883227176222
A0A671EHY7,502,72.50996015936255,0.3864541832669322,-0.6370517928286851,0.2729083665338645,-0.06888128940781285,0.07569721115537849
A0A671FBZ7,382,89.37172774869109,0.4083769633507853,-0.11361256544502635,0.2225130890052356,-0.07003786660775507,0.0706806282722513
A0A671LY04,519,78.15028901734105,0.33333333333333337,-0.3163776493256261,0.2157996146435453,-0.015239966556736899,0.10404624277456646
A0A671MLB5,564,114.43262411347517,0.39361702127659576,0.45070921985815604,0.16843971631205673,0.08082319311460164,0.07624113475177305
A0A671NKU1,664,77.12349397590361,0.3599397590361446,-0.5013554216867468,0.24397590361445784,-0.053028527446136585,0.07981927710843373
A0A672HQU0,330,63.242424242424235,0.36969696969696964,-0.5075757575757573,0.2393939393939394,-0.16272729749769968,0.08484848484848484
A0A672K1R6,589,92.24108658743633,0.3616298811544992,0.000848896434634816,0.20882852292020374,-0.03476210625921192,0.07130730050933787
A0A672ME46,754,71.6445623342175,0.3342175066312997,-0.43713527851458894,0.23342175066312998,0.01952213970247505,0.09681697612732096
A0A672NJ39,691,86.28075253256151,0.3820549927641099,-0.2694645441389292,0.2199710564399421,0.0,0.08972503617945007
A0A672TD81,739,76.68470906630583,0.35453315290933696,-0.515832205683356,0.2476319350473613,0.004695121208379868,0.05548037889039242
A0A673AXN4,787,64.80304955527319,0.37357052096569254,-0.5237611181702669,0.2655654383735705,0.004116566194832249,0.10165184243964423
A0A673FKW5,676,82.89940828402366,0.4068047337278107,-0.3994082840236686,0.2455621301775148,0.06214790674884452,0.09171597633136094
A0A673L9E6,350,111.02857142857141,0.4314285714285714,0.5002857142857141,0.14857142857142858,-0.1296338578166798,0.1057142857142857
A0A673T386,755,64.67549668874173,0.3086092715231788,-0.8059602649006622,0.23311258278145697,-0.058645512912773895,0.04503311258278146
A0A673UXM1,474,61.77215189873417,0.3649789029535866,-1.0607594936708864,0.37341772151898733,0.03398449731036745,0.06118143459915612
A0A674AYS9,735,60.63945578231292,0.3306122448979592,-0.7979591836734693,0.24897959183673468,-0.014086461278605108,0.054421768707483
A0A674CI16,645,71.03875968992249,0.3581395348837209,-0.5682170542635658,0.2651162790697674,0.15734182304284236,0.07441860465116279
A0A674ER63,754,75.0397877984085,0.33819628647214856,-0.43209549071618025,0.2453580901856764,0.0791812460476249,0.04774535809018568
A0A674MK68,417,79.6882494004796,0.36211031175059955,-0.41294964028776987,0.2565947242206235,-0.039871512037692264,0.06235011990407674
A0A674MNA3,502,78.08764940239044,0.4063745019920319,-0.6298804780876497,0.2749003984063745,-0.024823583725032104,0.08964143426294821
A0A674NQP2,798,66.17794486215539,0.3208020050125313,-0.5895989974937345,0.24185463659147868,0.07591585861985747,0.06390977443609022
A0A679HY16,495,91.87878787878788,0.36363636363636365,-0.023838383838383825,0.20404040404040405,-0.12739933515595675,0.048484848484848485
A0A699H395,703,81.5362731152205,0.37126600284495026,-0.6258890469416786,0.23470839260312942,0.09925122882295886,0.08108108108108109
A0A699HDF1,343,76.99708454810495,0.33819241982507287,-0.532944606413994,0.22740524781341107,0.17609125905568124,0.07871720116618075
A0A699IWN1,661,84.17549167927383,0.3903177004538578,-0.337216338880484,0.23600605143721634,0.0993846321359118,0.08774583963691376
A0A6A0IJ00,606,91.78217821782178,0.35808580858085803,0.15891089108910889,0.15676567656765675,0.1723633865364381,0.05775577557755775
A0A6A0QVU9,570,73.80701754385966,0.31578947368421056,-0.14228070175438584,0.17894736842105263,0.5228787452803375,0.11052631578947368
A0A6A2WZS7,565,88.58407079646018,0.3734513274336283,-0.23203539823008854,0.2141592920353982,-0.09214622321199248,0.06902654867256637
A0A6A2XTU8,796,102.01005025125629,0.3944723618090452,0.17788944723618094,0.21105527638190955,-0.06141430103065216,0.10678391959798994
A0A6A3A4Y5,539,41.855287569573285,0.35250463821892386,-1.2873840445269014,0.35064935064935066,-0.040958607678906384,0.061224489795918366
A0A6A3CSL1,514,78.67704280155641,0.3657587548638132,-0.25389105058365746,0.19066147859922178,0.0,0.1264591439688716
A0A6A4MLD3,359,109.74930362116993,0.35654596100278557,0.5139275766016713,0.1309192200557103,0.05324551195322505,0.08913649025069638
A0A6A5EBE0,784,79.63010204081633,0.2869897959183674,0.07104591836734697,0.07780612244897958,0.04139268515822508,0.07780612244897958
A0A6A5SUH1,685,76.23357664233576,0.381021897810219,-0.4424817518248176,0.23795620437956205,0.08980967259011736,0.10072992700729927
A0A6A6CYP4,614,60.749185667752435,0.1905537459283388,0.030781758957654726,0.048859934853420196,0.47712125471966244,0.03745928338762215
A0A6A6HHN1,559,58.908765652951686,0.48658318425760283,-1.2518783542039356,0.3828264758497317,-0.04024121877824753,0.057245080500894455
A0A6A6IKI3,754,78.6604774535809,0.3925729442970822,-0.4441644562334216,0.24270557029177717,0.08004208772076098,0.09549071618037135
A0A6A6JXY1,655,100.54961832061069,0.40305343511450387,0.19908396946564888,0.1465648854961832,-0.03547231816221887,0.11145038167938931
A0A6A6KEI1,617,90.77795786061587,0.39870340356564016,-0.19043760129659665,0.24311183144246354,0.022862882959504165,0.06482982171799027
A0A6A6NGQ9,549,102.65938069216757,0.3970856102003643,0.13132969034608377,0.22950819672131148,0.06799707909511113,0.03642987249544627
A0A6A6PDR8,708,84.32203389830508,0.4081920903954802,-0.5730225988700564,0.2980225988700565,0.044896648887538984,0.0635593220338983
A0A6A6R924,554,74.49458483754513,0.37364620938628157,-0.508664259927798,0.24368231046931407,-0.04441913978841283,0.08483754512635379
A0A6A6W7V8,392,43.214285714285715,0.2857142857142857,-1.1586734693877552,0.18112244897959184,0.10763387839982952,0.07653061224489796
A0A6A6ZPS5,464,82.39224137931033,0.3793103448275862,-0.19762931034482756,0.21982758620689655,-0.03342375548694965,0.09267241379310345
A0A6A7KJ35,624,89.21474358974358,0.44551282051282054,-0.3485576923076923,0.27724358974358976,0.05466909617021839,0.10096153846153846
A0A6B0HAD4,357,91.9327731092437,0.380952380952381,-0.02352941176470591,0.226890756302521,0.3409015077016734,0.04481792717086835
A0A6B0RE14,394,78.4771573604061,0.37309644670050757,-0.3753807106598984,0.23604060913705582,0.13830269816628152,0.09644670050761422
A0A6B0RQW0,676,80.48816568047337,0.3594674556213018,-0.4161242603550296,0.24260355029585798,-0.06289928147243097,0.0621301775147929
A0A6B0X473,769,81.74252275682704,0.3485045513654096,-0.12756827048114427,0.20676202860858256,0.19188552623891317,0.06631989596879063
A0A6B1GNQ8,380,88.57894736842105,0.37368421052631584,-0.16763157894736844,0.21842105263157893,0.05115252244738129,0.05526315789473684
A0A6B1GQA3,517,76.46034816247581,0.36170212765957444,-0.4843326885880077,0.230174081237911,0.1820816227448686,0.10251450676982592
A0A6B2EI58,452,48.650442477876105,0.252212389380531,-0.6449115044247788,0.1261061946902655,0.07378621416091873,0.07743362831858407
A0A6B2TNY9,385,95.50649350649351,0.43376623376623374,-0.18727272727272726,0.23116883116883113,-0.08618614761628322,0.04935064935064935
A0A6B2YU34,700,69.74285714285713,0.37142857142857144,-0.496857142857143,0.23285714285714285,-0.005264239992357182,0.09714285714285714
A0A6B3LPD7,383,94.46475195822455,0.412532637075718,-0.18041775456919068,0.2245430809399478,0.039508541283673565,0.0835509138381201
A0A6B3M4X4,547,88.42778793418647,0.3912248628884826,-0.2570383912248629,0.2212065813528336,0.10645533091428686,0.09140767824497259
A0A6B3RIJ4,774,80.93023255813954,0.35917312661498707,-0.34987080103359186,0.28036175710594313,0.3746073641936076,0.021963824289405687
A0A6B3RRK1,798,85.32581453634084,0.35964912280701744,-0.1610275689223059,0.21428571428571427,0.03516441706325094,0.08521303258145363
A0A6B7ERI0,500,116.8,0.42600000000000005,0.6977999999999999,0.11599999999999999,-0.057991946977686754,0.14800000000000002
A0A6C0FBQ8,644,74.45652173913044,0.3866459627329193,-0.6822981366459626,0.32763975155279507,-0.004077912420439401,0.10869565217391304
A0A6C0LQ22,489,77.13701431492842,0.3476482617586912,-0.7811860940695298,0.2740286298568507,-0.06398231066687425,0.07770961145194274
A0A6C0PWG4,406,102.36453201970441,0.44827586206896547,0.028571428571428525,0.19458128078817735,-0.05368485896277636,0.0665024630541872
A0A6C1SV73,758,94.1160949868074,0.46701846965699206,-0.18496042216358827,0.2783641160949868,0.08591462870659324,0.09894459102902375
A0A6C9QI37,512,74.51171874999999,0.37890625,-0.47734375000000007,0.26171875,0.012774288036428919,0.095703125
A0A6D2GDM4,416,103.89423076923077,0.4038461538461538,-0.011778846153846334,0.23076923076923078,0.0710633558254453,0.03365384615384616
A0A6D2KH38,706,82.56373937677054,0.41359773371104813,-0.6283286118980169,0.35694050991501414,0.12394150429435126,0.08073654390934845
A0A6D2WVQ8,391,81.73913043478261,0.40920716112531974,-0.47621483375959106,0.2506393861892583,0.0,0.10485933503836317
A0A6D2X7Q5,451,79.35698447893571,0.3725055432372506,-0.24900221729490035,0.21507760532150777,0.18708664335714453,0.08647450110864745
A0A6E8W0E1,519,80.48169556840078,0.3892100192678227,-0.7990366088631984,0.27552986512524086,0.17609125905568124,0.03468208092485549
A0A6F8UXB3,635,93.18110236220473,0.3984251968503937,-0.047559055118110316,0.22204724409448817,0.12848401737294957,0.08031496062992126
A0A6F9DX49,712,77.79494382022472,0.32724719101123595,-0.5811797752808989,0.25,-0.057991946977686865,0.05056179775280899
A0A6F9XP33,616,68.78246753246754,0.2922077922077922,-0.7772727272727271,0.22564935064935066,0.018483405694013133,0.08116883116883117
A0A6G0QJF9,787,57.166454891994924,0.32020330368487926,-0.7855146124523509,0.2782719186785261,0.003930293628432466,0.05717916137229987
A0A6G0UTC0,788,73.81979695431473,0.37944162436548223,-0.582741116751269,0.2652284263959391,0.02058653078177749,0.10406091370558376
A0A6G1D7H0,695,85.13669064748201,0.339568345323741,-0.29741007194244606,0.17985611510791366,-0.020521667144601678,0.07482014388489208
A0A6G1DX36,541,105.95194085027725,0.3807763401109057,0.4406654343807764,0.15526802218114602,0.02020338608828699,0.07208872458410351
A0A6G1FEW2,707,87.12871287128714,0.37623762376237624,-0.2128712871287129,0.21074964639321075,-0.017259005441505586,0.06789250353606789
A0A6G1JQM7,578,72.8719723183391,0.3702422145328719,-0.8458477508650522,0.3062283737024221,-0.024268574726936703,0.032871972318339104
A0A6G1LPT6,365,118.46575342465755,0.4356164383561643,0.45534246575342474,0.16986301369863016,-0.1648102486459922,0.1232876712328767
A0A6G1PHH5,662,72.64350453172203,0.35196374622356497,-0.7900302114803628,0.2854984894259819,0.0958869395504776,0.055891238670694864
A0A6G1PKS6,795,76.49056603773585,0.3723270440251572,-0.5583647798742138,0.25660377358490566,0.1533664446021573,0.06415094339622641
A0A6G1WEI2,441,78.45804988662131,0.3242630385487528,-0.1839002267573697,0.19727891156462585,0.08813608870055131,0.10657596371882086
A0A6G2QV02,315,112.12698412698413,0.4031746031746032,0.6361904761904761,0.12380952380952381,-0.06366907986937727,0.08253968253968254
A0A6G3QI69,359,101.3649025069638,0.39275766016713093,0.17632311977715875,0.22562674094707522,0.2246416498005265,0.04735376044568246
A0A6G3RJ08,407,93.53808353808354,0.4004914004914005,0.016707616707616557,0.22604422604422603,0.1114920128810535,0.0687960687960688
A0A6G4A474,758,96.06860158311346,0.39182058047493407,-0.14445910290237474,0.18997361477572558,0.09557166223579418,0.10026385224274406
A0A6G4AKW8,358,95.97765363128492,0.4301675977653631,-0.05195530726256975,0.2569832402234637,0.11149201288105365,0.03910614525139665
A0A6G6WSN2,526,91.80608365019012,0.3916349809885932,-0.10133079847908744,0.2224334600760456,-0.0952680659410796,0.07604562737642585
A0A6G7BPR9,343,91.07871720116619,0.43731778425655976,-0.21720116618075813,0.24198250728862974,0.010219165181685934,0.10787172011661808
A0A6G7VCN5,526,93.57414448669202,0.40684410646387836,-0.18992395437262358,0.21482889733840305,0.007553137890445908,0.049429657794676805
A0A6G7XRL2,621,96.36070853462158,0.4347826086956522,-0.16473429951690827,0.249597423510467,0.23220720103461268,0.037037037037037035
A0A6G8JJB2,411,99.53771289537713,0.3600973236009733,0.5963503649635037,0.121654501216545,-0.06694678963061322,0.1411192214111922
A0A6G9AQ63,403,92.35732009925557,0.4094292803970223,-0.25955334987593054,0.250620347394541,0.07609016907048302,0.1141439205955335
A0A6G9QK64,404,86.98019801980197,0.38366336633663367,-0.30866336633663377,0.25,0.07609016907048302,0.06435643564356436
A0A6H0FZC7,701,117.03281027104137,0.37232524964336655,0.4476462196861628,0.1355206847360913,1.109144469425068,0.008559201141226819
A0A6H0S169,373,105.41554959785522,0.46380697050938335,-0.12680965147453105,0.23860589812332442,0.04777278179600068,0.06166219839142091
A0A6H0S2X1,481,82.82744282744284,0.3471933471933472,-0.16673596673596686,0.18295218295218296,0.09691001300805642,0.06860706860706861
A0A6H1XI35,497,73.94366197183098,0.358148893360161,-0.3973843058350103,0.20925553319919515,0.0656787756439778,0.12072434607645875
A0A6H2H8G8,342,80.05847953216374,0.33333333333333337,-0.35964912280701744,0.23684210526315788,0.07342891715853349,0.05263157894736842
A0A6H9I2X9,351,95.81196581196582,0.45584045584045585,-0.32022792022792024,0.2792022792022792,-0.06963592814139448,0.10541310541310542
A0A6I0BXI9,366,88.1967213114754,0.37431693989071035,-0.2901639344262298,0.2814207650273224,0.008272525965989857,0.07923497267759563
A0A6I2FP88,646,93.97832817337462,0.3653250773993808,0.09473684210526306,0.2198142414860681,0.13374825736530677,0.04179566563467492
A0A6I2GGA5,428,86.56542056074765,0.4042056074766355,-0.28785046728971975,0.22429906542056072,0.2943994167649681,0.12149532710280372
A0A6I2IAA0,790,67.36708860759492,0.35696202531645566,-0.6403797468354431,0.210126582278481,0.10389613386872244,0.1278481012658228
A0A6I2IJT0,788,92.53807106598984,0.3819796954314721,-0.306218274111675,0.20812182741116753,0.11579535716843022,0.06979695431472081
A0A6I2MDW9,577,93.37954939341422,0.4038128249566725,-0.3800693240901215,0.2720970537261698,-0.08218675618735012,0.09705372616984402
A0A6I2XSG3,327,102.32415902140674,0.3761467889908257,0.06666666666666674,0.1926605504587156,0.04011722320798241,0.04892966360856269
A0A6I3JDX9,523,108.39388145315488,0.43403441682600385,0.18852772466539208,0.21032504780114725,0.07775965891283074,0.019120458891013385
A0A6I3MCG9,342,95.17543859649122,0.3888888888888889,-0.19649122807017566,0.2631578947368421,0.07572071393811834,0.09064327485380116
A0A6I3X0V3,499,104.06813627254508,0.37675350701402804,0.24549098196392782,0.1723446893787575,0.09913147300201453,0.0501002004008016
A0A6I3ZG33,487,100.26694045174538,0.41067761806981523,0.11293634496919924,0.22176591375770022,-0.047424649928138114,0.061601642710472276
A0A6I4UM84,456,78.94736842105263,0.40350877192982454,-0.40109649122807,0.26535087719298245,0.10645533091428686,0.09210526315789473
A0A6I5RNG1,316,110.82278481012659,0.46518987341772156,-0.023101265822784933,0.2088607594936709,0.07684003023272226,0.06329113924050633
A0A6I5ZVQ2,682,117.08211143695016,0.3973607038123168,0.6991202346041056,0.14222873900293254,0.008773924307505248,0.09090909090909091
A0A6I6EF97,511,115.4794520547945,0.4090019569471624,0.6839530332681018,0.09784735812133072,0.0,0.11154598825831702
A0A6I6GQ99,744,86.70698924731182,0.375,-0.29422043010752696,0.2567204301075269,0.13150912640294077,0.06989247311827956
A0A6I6LCP8,393,91.93384223918575,0.3638676844783715,0.06946564885496181,0.19338422391857507,0.11197375944393234,0.06870229007633588
A0A6I7YPK9,432,94.42129629629629,0.3796296296296296,-0.06319444444444428,0.2337962962962963,0.23312976002604546,0.05092592592592592
A0A6I7Z2R4,360,102.44444444444443,0.3916666666666667,0.40444444444444444,0.17222222222222222,0.08167004645131955,0.03611111111111111
A0A6I9IM31,663,88.56711915535445,0.41779788838612375,-0.37119155354449485,0.2579185520361991,0.03516441706325094,0.0889894419306184
A0A6I9MH23,312,101.12179487179485,0.40064102564102566,-0.15416666666666656,0.2564102564102564,-0.06366907986937727,0.03205128205128205
A0A6I9N7M9,411,89.09975669099757,0.4282238442822385,-0.29221411192214114,0.24087591240875914,0.07760485781266976,0.097323600973236
A0A6I9QI82,670,91.13432835820895,0.3895522388059702,-0.0968656716417911,0.2253731343283582,0.017033339298780276,0.07164179104477611
A0A6I9SCY8,480,59.583333333333336,0.35000000000000003,-0.8250000000000002,0.3,0.1686672409764743,0.07708333333333334
A0A6I9SL65,481,89.002079002079,0.3866943866943867,-0.267983367983368,0.21413721413721415,0.05799194697768673,0.1101871101871102
A0A6I9TLD6,395,101.16455696202532,0.4329113924050633,-0.11670886075949366,0.25316455696202533,-0.13738355606255778,0.0810126582278481
A0A6I9XYL2,621,69.48470209339774,0.35748792270531404,-0.964412238325282,0.31723027375201285,-0.154372009362445,0.07729468599033816
A0A6J0CSC1,792,53.16919191919192,0.3143939393939394,-0.9935606060606065,0.2828282828282828,-0.17929639893089266,0.07954545454545454
A0A6J0LQG5,488,88.87295081967213,0.39959016393442626,-0.12950819672131136,0.22745901639344263,0.1316721192672683,0.08811475409836066
A0A6J0UGH7,633,83.71248025276462,0.36334913112164297,-0.3175355450236967,0.23380726698262244,0.023167865052025966,0.06951026856240126
A0A6J0UTZ6,727,91.04539202200826,0.4291609353507565,-0.38184319119669874,0.29023383768913347,0.16930526971238918,0.0907840440165062
A0A6J0XQN9,676,75.72485207100593,0.3816568047337278,-0.3464497041420118,0.2337278106508876,0.010857927588208286,0.09467455621301775
A0A6J0Y0B8,688,62.06395348837208,0.3212209302325581,-0.49491279069767447,0.21656976744186046,0.08656917966983763,0.0683139534883721
A0A6J0Y4K3,558,77.49103942652332,0.3351254480286739,-0.3603942652329749,0.22580645161290322,0.054357662322592676,0.10752688172043011
A0A6J1F0L4,521,79.75047984644912,0.3666026871401151,-0.3635316698656429,0.23032629558541268,0.02848853781143744,0.07677543186180422
A0A6J1FSN4,732,86.85792349726778,0.3633879781420765,-0.5075136612021858,0.29508196721311475,-0.06386448796351916,0.06284153005464481
A0A6J1J5E4,784,113.11224489795917,0.4400510204081633,0.4854591836734693,0.149234693877551,-0.0952680659410796,0.12244897959183673
A0A6J1J622,400,96.55,0.42249999999999993,-0.09749999999999992,0.225,0.037788560889399754,0.10750000000000001
A0A6J1MZC5,437,73.84439359267733,0.32036613272311215,-0.5217391304347826,0.2196796338672769,0.0,0.059496567505720827
A0A6J1NB04,632,86.15506329113924,0.3623417721518988,-0.2143987341772152,0.21360759493670886,-0.03171441317720668,0.09018987341772153
A0A6J1RFQ1,640,50.171875,0.32499999999999996,-1.1803125000000003,0.2734375,-0.054049761223624815,0.040625
A0A6J1TL31,567,89.08289241622575,0.3985890652557319,-0.23633156966490293,0.24867724867724866,-0.018224820106199097,0.09876543209876543
A0A6J1VAY4,589,109.93208828522923,0.43463497453310695,0.08438030560271637,0.24108658743633277,0.14612803567823798,0.05772495755517827
A0A6J1VJR1,638,102.21003134796238,0.4137931034482758,0.4664576802507837,0.13166144200626959,0.08103325090921816,0.14890282131661442
A0A6J2IQF2,617,54.959481361426256,0.3273905996758508,-0.5897893030794166,0.18800648298217182,0.10354059190706957,0.0680713128038898
A0A6J2KEQ9,421,80.59382422802851,0.3254156769596199,-0.33990498812351544,0.19239904988123513,-0.01046543367816498,0.07125890736342043
A0A6J2QJ93,798,94.67418546365913,0.38721804511278196,-0.13283208020050136,0.21052631578947367,0.16547228304538728,0.06892230576441102
A0A6J2R4B5,794,90.11335012594459,0.397984886649874,-0.21813602015113348,0.2027707808564232,0.09091964931886891,0.10579345088161209
A0A6J2TFK0,712,90.28089887640449,0.38202247191011235,-0.22373595505617971,0.21348314606741575,0.05648135595244829,0.0898876404494382
A0A6J2VN15,555,72.82882882882882,0.4054054054054055,-0.6282882882882882,0.27927927927927926,0.016599261819461673,0.07927927927927927
A0A6J2XPV0,561,91.37254901960785,0.4135472370766488,-0.5347593582887702,0.303030303030303,0.11171047087454485,0.08912655971479501
A0A6J2XVX1,426,95.93896713615023,0.3896713615023474,-0.10633802816901394,0.2276995305164319,-0.026328938722349156,0.08215962441314555
A0A6J3DPY0,618,84.2556634304207,0.4045307443365696,-0.5334951456310681,0.27184466019417475,0.020441160242544595,0.0663430420711974
A0A6J3DWX1,442,91.58371040723982,0.45022624434389147,-0.7337104072398191,0.3393665158371041,0.13830269816628152,0.027149321266968326
A0A6J3EHQ4,412,74.51456310679612,0.3203883495145631,-0.6072815533980584,0.2354368932038835,0.06151803791921497,0.058252427184466014
A0A6J3KX93,758,68.43007915567283,0.341688654353562,-0.8763852242744061,0.2546174142480211,-0.06694678963061311,0.06464379947229551
A0A6J4L119,581,55.662650602409634,0.4612736660929432,-1.5025817555938037,0.39242685025817553,-0.5563025007672873,0.0
A0A6J4LVW1,435,121.83908045977012,0.4183908045977011,0.7763218390804596,0.13793103448275862,-0.1127042801912883,0.09195402298850575
A0A6J4QHS6,313,95.97444089456869,0.44408945686900947,-0.21405750798722034,0.2939297124600639,0.13033376849500608,0.038338658146964855
A0A6J4ZKL8,491,85.9266802443992,0.3767820773930754,-0.09796334012219965,0.20773930753564157,0.03342375548694964,0.07739307535641547
A0A6J5UH08,578,100.08650519031144,0.39965397923875434,0.352076124567474,0.16782006920415224,-0.09691001300805639,0.1055363321799308
A0A6J5VE89,685,78.26277372262774,0.3605839416058394,-0.3950364963503649,0.2525547445255475,0.03476210625921191,0.072992700729927
A0A6J5XQB0,477,85.84905660377358,0.35639412997903563,-0.0685534591194969,0.1970649895178197,0.018098222092796223,0.09643605870020965
A0A6J6C4U4,361,98.36565096952907,0.4293628808864266,-0.14847645429362877,0.25761772853185594,0.3357921019231932,0.0664819944598338
A0A6J7FTU7,362,109.33701657458563,0.4530386740331492,0.1560773480662983,0.23756906077348067,0.13936845203094134,0.04419889502762431
A0A6J8A5F7,744,74.13978494623656,0.3763440860215054,-0.5475806451612903,0.2889784946236559,0.03604510418463942,0.09811827956989248
A0A6J8ALK8,649,91.29429892141758,0.4021571648690293,-0.32973805855161814,0.24807395993836673,-0.12338490853967835,0.08628659476117104
A0A6J8BMX6,688,90.15988372093022,0.379360465116279,-0.03095930232558125,0.14534883720930233,0.10266234189714771,0.08430232558139536
A0A6J8E9G7,682,78.59237536656892,0.37829912023460416,-0.40703812316715543,0.24926686217008798,0.10145764075877696,0.1099706744868035
A0A6L2JRP2,566,98.19787985865725,0.4098939929328622,-0.13038869257950525,0.2756183745583039,0.15556959191107955,0.02473498233215548
A0A6L2MJ59,742,80.76819407008085,0.36927223719676555,-0.7088948787061996,0.30727762803234504,-0.007553137890445948,0.05121293800539083
A0A6L2PTN7,674,97.55192878338279,0.40207715133531163,0.04243323442136493,0.18991097922848665,0.12104369272477576,0.09050445103857567
A0A6L3A6Z4,755,113.11258278145695,0.4344370860927152,0.489271523178808,0.1642384105960265,-0.18184358794477246,0.07947019867549668
A0A6L3EL84,434,88.80184331797236,0.43317972350230416,-0.2764976958525348,0.25115207373271886,0.02348109584952281,0.08986175115207373
A0A6L3EUT1,450,87.08888888888889,0.4711111111111111,-0.4591111111111113,0.28222222222222226,0.02020338608828699,0.06888888888888889
A0A6L3VXV1,661,78.53252647503783,0.40544629349470496,-0.49304084720121005,0.2934947049924357,0.09790724532200508,0.08169440242057488
A0A6L5EFR8,435,77.93103448275862,0.33563218390804594,-0.3963218390804597,0.1954022988505747,0.04997397496183862,0.03908045977011494
A0A6L5NSU3,452,92.01327433628319,0.3318584070796461,-0.36128318584070823,0.2588495575221239,-0.12493873660829995,0.05309734513274336
A0A6L5Q1Y7,321,82.42990654205606,0.3395638629283489,-0.18317757009345795,0.22429906542056074,0.11809931207799448,0.08722741433021806
A0A6L6A0R1,321,106.94704049844236,0.40498442367601245,0.07196261682242994,0.20249221183800623,-0.03891806603036967,0.040498442367601244
A0A6L6GFN8,332,89.36746987951807,0.3253012048192771,-0.2283132530120483,0.19578313253012047,-0.012964977164367649,0.07228915662650603
A0A6L6IKQ4,669,80.62780269058297,0.3482810164424514,-0.27967115097159934,0.24663677130044842,0.14167369425198809,0.05979073243647235
A0A6L6PHI1,661,83.26777609682298,0.3630862329803329,-0.16898638426626333,0.21633888048411495,0.05398181246624563,0.08774583963691376
A0A6L6WG88,355,111.07042253521126,0.37746478873239436,0.8335211267605633,0.12394366197183099,-0.07572071393811836,0.08732394366197183
A0A6L6WVU8,482,68.3195020746888,0.38589211618257263,-0.4628630705394193,0.23651452282157676,-0.02996322337744326,0.09958506224066391
A0A6L7GCZ7,481,98.37837837837839,0.4261954261954262,-0.21101871101871122,0.2910602910602911,0.03672280702473984,0.056133056133056136
A0A6L7GHM8,350,93.48571428571428,0.38,-0.09714285714285731,0.22857142857142856,9.64327466553287e-17,0.04285714285714286
A0A6L8EA04,349,113.32378223495702,0.4068767908309456,0.7169054441260745,0.1174785100286533,0.10145764075877704,0.09169054441260746
A0A6L8LCS7,316,101.04430379746836,0.4018987341772152,0.03892405063291143,0.18037974683544306,-0.04420366249205342,0.04746835443037975
A0A6L8V7M3,620,100.74193548387096,0.4532258064516129,-0.12403225806451618,0.23225806451612901,0.011899223299707785,0.08709677419354839
A0A6L8W4E1,583,94.54545454545456,0.37392795883361923,-0.01252144082332765,0.17152658662092624,0.13738355606255773,0.11492281303602059
A0A6L9KSW5,700,86.4857142857143,0.36428571428571427,-0.15085714285714272,0.21714285714285714,0.0905698349770374,0.10142857142857142
A0A6L9MJ48,600,83.3,0.4083333333333333,-0.3918333333333333,0.27166666666666667,0.036871359953126306,0.06833333333333333
A0A6L9VWX5,405,101.679012345679,0.4641975308641975,-0.14246913580246928,0.25925925925925924,0.04061785090826391,0.034567901234567905
A0A6L9Z7E1,685,99.05109489051094,0.4233576642335766,-0.2569343065693432,0.19124087591240876,-0.07200266142050143,0.08759124087591241
A0A6M0C643,325,93.07692307692307,0.4123076923076923,-0.30092307692307685,0.2492307692307692,-0.1587171629862585,0.14461538461538465
A0A6M0KWX5,494,91.39676113360322,0.39473684210526316,-0.12935222672064767,0.2672064777327935,0.21150791627813753,0.06477732793522267
A0A6M0RLP2,483,78.36438923395444,0.38095238095238093,-0.29917184265010327,0.22981366459627328,0.16331697101925235,0.11387163561076605
A0A6M3KA51,325,78.03076923076924,0.4092307692307693,-0.7618461538461541,0.36615384615384616,0.10823304310544726,0.04000000000000001
A0A6M8B9L5,565,96.35398230088495,0.3716814159292035,0.10123893805309753,0.23716814159292035,0.18142009256074826,0.03716814159292035
A0A6N1X0X8,416,100.79326923076923,0.3605769230769231,0.1079326923076924,0.1875,0.109144469425068,0.04807692307692308
A0A6N1XC03,338,95.82840236686391,0.3905325443786982,0.16124260355029574,0.20118343195266272,0.09970291319222645,0.05325443786982248
A0A6N2JKA4,680,87.8235294117647,0.4294117647058824,-0.3105882352941177,0.2911764705882353,0.1401787031650368,0.09705882352941177
A0A6N2RE31,522,80.03831417624522,0.34291187739463597,-0.400191570881226,0.25862068965517243,0.12124259104833614,0.05747126436781609
A0A6N3D9V5,535,89.62616822429906,0.38878504672897196,-0.3994392523364485,0.28598130841121494,-0.061745595944805436,0.06355140186915888
A0A6N3EMQ4,430,127.88372093023257,0.4604651162790697,0.8786046511627905,0.10697674418604652,-0.1091444694250681,0.15348837209302324
A0A6N3FBQ5,551,116.55172413793102,0.37568058076225047,0.9054446460980038,0.09074410163339383,-0.13469857389745618,0.13430127041742287
A0A6N3GFL8,565,113.85840707964601,0.4141592920353982,0.5014159292035398,0.16106194690265485,0.009340026254143432,0.09380530973451327
A0A6N7E2P4,676,77.10059171597634,0.3683431952662722,-0.5272189349112428,0.26479289940828404,-0.02400027640376652,0.08431952662721894
A0A6N7GS80,335,126.29850746268656,0.4626865671641791,0.6958208955223881,0.14328358208955222,0.10473535052001298,0.08955223880597016
A0A6N7IMW9,518,94.51737451737452,0.42471042471042475,-0.061389961389961556,0.22393822393822393,0.2575643018828909,0.044401544401544396
A0A6N7IVV1,477,89.55974842767296,0.3731656184486373,-0.10482180293501059,0.20964360587002095,0.05115252244738129,0.06498951781970651
A0A6N8AEF9,688,85.9156976744186,0.4156976744186046,-0.31497093023255834,0.24709302325581395,0.13231233447709398,0.06540697674418605
A0A6N8F9Z4,693,91.31313131313131,0.38816738816738816,-0.3352092352092351,0.26406926406926406,0.004695121208379868,0.0808080808080808
A0A6N8JE68,301,92.65780730897009,0.39202657807308966,-0.3644518272425251,0.22259136212624586,0.012589127308020562,0.11627906976744187
A0A6N9B2C3,606,95.57755775577557,0.4653465346534654,-0.32062706270627067,0.2887788778877888,0.044203662492053486,0.08580858085808582
A0A6N9E0C9,665,113.48872180451129,0.4345864661654135,0.27353383458646624,0.16090225563909774,-0.00796892967127544,0.06766917293233082
A0A6N9HZK3,563,104.06749555950267,0.39609236234458256,0.3770870337477796,0.12255772646536413,-0.18631042423736743,0.11545293072824156
A0A6N9PVJ1,658,89.14893617021275,0.4179331306990881,-0.35212765957446823,0.2811550151975684,0.05115252244738129,0.10182370820668693
A0A6N9QET8,562,95.74733096085409,0.42704626334519574,-0.018149466192170838,0.22064056939501778,-0.153228376096177,0.13345195729537368
A0A6N9TL50,652,93.03680981595093,0.43558282208588955,-0.325,0.29141104294478526,0.08167004645131962,0.06901840490797546
A0A6N9V8C2,677,93.14623338257016,0.41949778434268836,-0.1859675036927624,0.2378138847858198,0.09091964931886891,0.050221565731166914
A0A6N9ZGQ8,699,82.46065808297568,0.3876967095851216,-0.33204577968526433,0.27753934191702434,0.10689423391465734,0.07296137339055794
A0A6N9ZPR0,539,77.1799628942486,0.33951762523191104,-0.309090909090909,0.22077922077922077,0.10823304310544726,0.10760667903525047
A0A6P0KUV9,578,127.1453287197232,0.4671280276816609,0.5633217993079584,0.12629757785467127,-0.20035983378261796,0.0986159169550173
A0A6P0RG10,534,81.79775280898876,0.3820224719101123,-0.6279026217228464,0.30337078651685395,-0.2970638084463798,0.0898876404494382
A0A6P0U0A0,325,80.06153846153845,0.3969230769230769,-0.5196923076923077,0.27384615384615385,0.0861861476162833,0.12
A0A6P1B9M4,439,100.97949886104784,0.3940774487471526,0.05102505694760834,0.22779043280182232,-0.0682648315585264,0.03416856492027335
A0A6P1P0N9,779,73.85109114249038,0.40693196405648263,-0.710012836970475,0.3388960205391528,0.019595556063380676,0.0847240051347882
A0A6P1T7C5,535,83.9252336448598,0.3495327102803738,-0.21009345794392542,0.2261682242990654,0.0778867756946261,0.07663551401869159
A0A6P2SIZ3,462,93.41991341991343,0.4177489177489177,-0.2502164502164503,0.2510822510822511,0.07378621416091864,0.07792207792207792
A0A6P2WLV6,583,81.85248713550601,0.34133790737564323,-0.14425385934819912,0.2006861063464837,0.0365168338257625,0.07718696397941681
A0A6P3H641,689,59.94194484760522,0.3352685050798258,-0.9802612481857762,0.29753265602322204,0.07995058988372099,0.040638606676342524
A0A6P3IJ94,587,66.08177172061329,0.2810902896081772,-0.726405451448041,0.20783645655877345,-0.08432088570003592,0.056218057921635436
A0A6P3Q9I8,352,84.14772727272727,0.3522727272727273,-0.35028409090909085,0.2272727272727273,-0.021189299069937998,0.06818181818181818
A0A6P3TU26,620,63.59677419354838,0.30645161290322576,-0.5564516129032256,0.1806451612903226,0.07638834586345472,0.07258064516129033
A0A6P3U1G6,378,96.95767195767195,0.38095238095238093,-0.3537037037037037,0.2328042328042328,-0.13621974701798903,0.06084656084656084
A0A6P3XVV5,584,90.30821917808218,0.3921232876712329,-0.38150684931506845,0.2636986301369863,0.011136366117959467,0.07191780821917808
A0A6P5A483,568,54.735915492957744,0.2658450704225352,-0.8683098591549295,0.2834507042253521,-0.026652194771440187,0.061619718309859156
A0A6P5AB24,518,78.47490347490347,0.4131274131274132,-0.5503861003861004,0.2799227799227799,0.3010299956639812,0.07528957528957529
A0A6P5DLZ2,635,80.77165354330708,0.35748031496062993,-0.2699212598425197,0.2220472440944882,0.006074147712193166,0.10393700787401575
A0A6P5L2X1,342,114.5906432748538,0.4444444444444444,0.44269005847953224,0.15497076023391812,-0.015794267183231903,0.14619883040935672
A0A6P5R6X4,738,84.01084010840107,0.3685636856368563,-0.1743902439024389,0.20596205962059622,0.09056983497703747,0.08672086720867209
A0A6P5SUK5,458,90.52401746724892,0.35807860262008734,0.04366812227074229,0.17903930131004367,-0.16749108729376366,0.08733624454148471
A0A6P5YCX6,513,119.20077972709551,0.4093567251461988,0.5847953216374268,0.1442495126705653,-0.045757490560675115,0.08576998050682261
A0A6P6E0T5,718,76.1699164345404,0.3955431754874652,-0.5284122562674093,0.2743732590529248,0.03056599166560382,0.10863509749303621
A0A6P6F724,787,80.94027954256671,0.36213468869123255,-0.40368487928843716,0.21601016518424396,-0.010100326904325779,0.08386277001270648
A0A6P6GDD0,756,85.03968253968253,0.3835978835978836,-0.26481481481481495,0.23015873015873017,0.009870754026294249,0.10185185185185185
A0A6P6HN09,511,87.37769080234833,0.3698630136986301,-0.10802348336594919,0.19765166340508805,-0.1102154797875936,0.11937377690802348
A0A6P6JUE9,612,81.89542483660131,0.3496732026143791,-0.23692810457516345,0.16666666666666666,0.03342375548694973,0.09967320261437909
A0A6P6LT64,790,84.50632911392404,0.3759493670886076,-0.5343037974683547,0.28227848101265823,-0.0502410961277606,0.08227848101265822
A0A6P6N047,654,94.22018348623853,0.40061162079510704,-0.1743119266055046,0.25229357798165136,-0.06775178426684303,0.07492354740061162
A0A6P6VTQ4,363,102.42424242424242,0.40771349862258954,-0.015702479338842862,0.21212121212121213,-0.055047566330905476,0.06887052341597796
A0A6P6XCE6,717,78.77266387726638,0.3654114365411436,-0.3845188284518829,0.21757322175732216,0.033000260102925345,0.099023709902371
A0A6P7FYL2,752,78.15159574468085,0.3617021276595745,-0.5785904255319152,0.2712765957446809,-0.09311702399091736,0.0851063829787234
A0A6P7HB99,742,75.87601078167116,0.3234501347708895,-0.44366576819407016,0.21563342318059298,-0.07525095241919241,0.07008086253369272
A0A6P7HWP3,782,99.83375959079284,0.421994884910486,0.22953964194373389,0.180306905370844,-0.06694678963061322,0.12915601023017903
A0A6P7QNT9,780,76.23076923076923,0.35000000000000003,-0.4138461538461539,0.17692307692307693,0.12493873660829992,0.07948717948717948
A0A6P7YA34,739,88.34912043301759,0.354533152909337,-0.3420838971583221,0.20568335588633288,-0.01128101040968901,0.06630581867388363
A0A6P7YIU0,797,75.83437892095358,0.38017565872020076,-0.6025094102885822,0.27603513174404015,-0.015651945542796114,0.07779171894604767
A0A6P8BME7,435,95.12643678160919,0.4252873563218391,-0.2365517241379309,0.24597701149425288,0.023912157405411364,0.07586206896551724
A0A6P8FK16,695,75.39568345323741,0.3338129496402878,-0.6207194244604317,0.2474820143884892,0.07003786660775518,0.05179856115107914
A0A6P8REV9,352,90.85227272727273,0.4005681818181818,-0.019602272727272774,0.21022727272727273,0.13830269816628146,0.0625
A0A6P8UJQ1,628,79.80891719745222,0.3487261146496815,-0.24474522292993622,0.2340764331210191,0.00582954366072389,0.089171974522293
A0A6P8ULK9,735,65.89115646258503,0.3374149659863946,-0.6055782312925169,0.24897959183673468,0.0990233723214556,0.08571428571428572
A0A6Q2X801,507,80.80867850098619,0.3412228796844181,-0.11735700197238663,0.21301775147928995,0.0,0.08284023668639054
A0A6S6SNC3,698,88.69627507163322,0.4068767908309455,-0.2680515759312323,0.23925501432664753,0.09806659020799864,0.10888252148997135
A0A6T9XVL3,494,82.61133603238866,0.36234817813765186,-0.23441295546558702,0.24291497975708504,0.17312678009194216,0.08704453441295547
A0A6V2SF72,329,87.93313069908814,0.3586626139817629,0.029179331306990908,0.1884498480243161,-0.027152246043614825,0.054711246200607896
A0A6V7PDI4,545,82.99082568807339,0.3669724770642202,-0.2928440366972477,0.26055045871559634,0.04830467957455504,0.08073394495412844
A0A6V7PGR3,381,70.94488188976378,0.30708661417322836,-0.45616797900262473,0.2125984251968504,-0.09455610761457907,0.06299212598425197
A0A6V7Q6R6,502,93.80478087649404,0.41434262948207173,0.061752988047808766,0.21912350597609562,0.0,0.08964143426294821
A0A6V7V093,512,70.60546875,0.3671875,-0.5300781249999997,0.26171875,0.012774288036428919,0.125
A0A6V7VIF8,596,54.02684563758389,0.412751677852349,-1.4031879194630872,0.42114093959731547,0.3590219426416679,0.07214765100671142
A0A6V7XS59,692,69.55202312138728,0.3164739884393064,-1.0216763005780345,0.3106936416184971,0.004002742453673951,0.04479768786127168
A0A6V8HEL3,637,86.68759811616955,0.3751962323390895,-0.2580847723704869,0.22135007849293564,-0.006074147712193201,0.0847723704866562
A0A6X9A649,765,95.03267973856208,0.40915032679738556,-0.22405228758169934,0.22091503267973855,0.06616073605511384,0.08627450980392157
A0A6Y3IH27,543,85.8379373848987,0.3793738489871087,-0.4388581952117865,0.23756906077348067,0.033168363252654674,0.10497237569060774
A0A717CDC2,449,109.71046770601336,0.4209354120267261,0.19220489977728283,0.21380846325167036,0.1613680022349748,0.0512249443207127
A0A718SNS3,558,133.76344086021507,0.45878136200716846,0.8080645161290322,0.16129032258064518,0.15261016320615833,0.06093189964157706
A0A732GPB6,672,94.55357142857143,0.39285714285714285,-0.07946428571428571,0.21279761904761907,0.04196450154353604,0.05803571428571428
A0A737RFU1,376,123.67021276595744,0.4574468085106383,0.5683510638297872,0.15159574468085107,-0.014723256820706349,0.09574468085106383
A0A747DS09,484,82.54132231404958,0.3450413223140496,-0.20454545454545447,0.24380165289256198,0.028963695935316558,0.06198347107438017
A0A750KPW6,337,96.973293768546,0.3798219584569733,0.04272997032640935,0.18991097922848665,0.07918124604762482,0.06824925816023739
A0A750QNZ4,763,88.3224115334207,0.36435124508519,-0.17077326343381388,0.21231979030144169,0.031791834423851285,0.11140235910878113
A0A753KXD3,714,98.4033613445378,0.43837535014005596,-0.2364145658263308,0.2535014005602241,0.0047464350244616526,0.06722689075630253
A0A7C0WD12,560,68.26785714285714,0.37857142857142856,-0.8026785714285716,0.3,0.0,0.1517857142857143
A0A7C0YDT0,521,87.06333973128598,0.381957773512476,-0.11689059500959698,0.21305182341650672,0.08482151340031756,0.0671785028790787
A0A7C2NWR2,746,95.18766756032171,0.4262734584450402,-0.16327077747989294,0.22788203753351205,0.09123288011636593,0.07238605898123324
A0A7C2TZ74,627,76.84210526315789,0.34609250398724084,-0.24593301435406706,0.20733652312599682,0.13262556527459102,0.11483253588516745
A0A7C3F675,363,105.42699724517908,0.46005509641873277,0.13636363636363646,0.23415977961432508,-0.11041248341170351,0.05234159779614325
A0A7C3FKL6,432,87.87037037037037,0.41435185185185186,-0.14259259259259277,0.20370370370370372,0.0,0.12962962962962962
A0A7C3I3N6,559,71.00178890876565,0.2915921288014311,-0.14508050089445457,0.15742397137745975,0.23736091579460394,0.09302325581395349
A0A7C3I6E8,671,91.05812220566318,0.4351713859910581,-0.2013412816691505,0.23546944858420268,0.07619639249816267,0.08345752608047691
A0A7C3LU24,670,106.86567164179104,0.4626865671641791,-0.09552238805970159,0.26268656716417915,0.009759837289156241,0.06865671641791045
A0A7C4FHE4,512,105.87890625,0.49609375,-0.21250000000000008,0.310546875,-0.04860533343350136,0.095703125
A0A7C4M2E6,413,100.96852300242132,0.4552058111380145,0.07312348668280877,0.21307506053268765,0.03862940235613092,0.1089588377723971
A0A7C4RUI1,470,86.53191489361701,0.3936170212765957,-0.16659574468085125,0.24255319148936172,0.0,0.06170212765957447
A0A7C4WLF5,505,80.57425742574257,0.3603960396039604,-0.345940594059406,0.2514851485148515,-0.10145764075877708,0.09108910891089109
A0A7C4YYA9,710,98.01408450704226,0.4056338028169014,-0.04774647887323946,0.24929577464788732,-0.014558720170924973,0.05492957746478873
A0A7C4ZFA0,331,98.58006042296071,0.44712990936555896,0.014199395770392753,0.22356495468277948,-0.09177037335564533,0.04833836858006042
A0A7C5AXT9,619,93.94184168012923,0.3780290791599354,-0.07996768982229407,0.2035541195476575,0.0,0.06785137318255251
A0A7C5QWP8,494,86.39676113360323,0.4149797570850202,-0.27489878542510127,0.27530364372469635,0.037788560889399844,0.0728744939271255
A0A7C5VCV9,308,95.8116883116883,0.3668831168831169,-0.07077922077922066,0.21753246753246752,-0.0377885608893998,0.06818181818181818
A0A7C5W0L5,423,97.18676122931443,0.4113475177304965,-0.16312056737588637,0.2813238770685579,-0.021539677856109718,0.10165484633569741
A0A7C6EMJ0,518,100.71428571428571,0.45752895752895756,-0.14575289575289568,0.2567567567567568,-0.006434110005409862,0.07915057915057916
A0A7C6FDK6,436,91.26146788990826,0.35550458715596334,-0.016513761467889965,0.19724770642201836,0.07918124604762482,0.08256880733944955
A0A7C6NKF8,585,94.54700854700855,0.43418803418803414,-0.28752136752136737,0.28034188034188035,0.14792264352898954,0.1111111111111111
A0A7C6NRI9,526,86.23574144486692,0.3973384030418251,-0.20019011406844112,0.23193916349809884,0.09848640124301143,0.08365019011406843
A0A7C6RZW1,516,107.44186046511628,0.43023255813953487,0.062403100775193704,0.23837209302325582,0.048691923899724446,0.06589147286821706
A0A7C7IYF5,308,100.06493506493506,0.41558441558441556,-0.32012987012987026,0.24025974025974026,-0.06871581236945981,0.07467532467532467
A0A7C7PTZ8,773,79.76714100905562,0.3376455368693402,-0.2774902975420441,0.21733505821474774,0.49780585357951346,0.07891332470892626
A0A7C7RQ94,725,101.08965517241377,0.3586206896551724,0.5848275862068966,0.12551724137931033,0.10321948691506368,0.14620689655172414
A0A7C7TFC7,575,114.06956521739131,0.4713043478260869,0.23582608695652163,0.2,0.08190410438309811,0.06434782608695652
A0A7C7YS97,516,101.91860465116278,0.37015503875968997,0.26686046511627914,0.18604651162790697,0.12493873660829992,0.06007751937984496
A0A7C8AMK2,365,89.91780821917807,0.4,0.02547945205479457,0.20821917808219179,0.08940041122931085,0.0821917808219178
A0A7C9FBD5,454,64.42731277533039,0.3854625550660793,-0.616079295154185,0.2665198237885462,0.14976232033333206,0.1145374449339207
A0A7C9NR40,691,89.84081041968162,0.37481910274963826,-0.2457308248914616,0.20260492040520986,-0.012234456417011635,0.08538350217076701
A0A7C9NTL3,440,89.5681818181818,0.42045454545454547,-0.10090909090909073,0.25227272727272726,0.007686828666290956,0.045454545454545456
A0A7D6CH34,529,79.16824196597354,0.4083175803402646,-0.5688090737240076,0.2741020793950851,0.005908859610520219,0.07561436672967864
A0A7D7J7J4,396,91.86868686868686,0.3737373737373737,-0.09520202020202007,0.21464646464646464,0.1104124834117036,0.07575757575757576
A0A7D9HSX8,674,53.902077151335305,0.31008902077151335,-0.599406528189911,0.25964391691394656,-0.19457466474969434,0.032640949554896145
A0A7D9JVV8,433,89.81524249422634,0.39953810623556585,-0.3503464203233256,0.279445727482679,0.03532796234174298,0.07159353348729791
A0A7E4ULL1,513,66.8615984405458,0.29239766081871343,-0.6385964912280703,0.23586744639376217,0.13525500508427613,0.05847953216374269
A0A7E4ZX66,773,98.0077619663648,0.42173350582147473,-0.36636481241914626,0.31565329883570503,-0.021189299069938047,0.059508408796895215
A0A7E6CLU8,600,86.6,0.38333333333333336,-0.2773333333333334,0.235,-0.05473878957996499,0.07166666666666666
A0A7E6EBZ5,748,64.46524064171125,0.3355614973262032,-0.39037433155080203,0.2540106951871658,-0.027152246043614776,0.045454545454545456
A0A7F5RIF2,491,106.86354378818737,0.3034623217922606,0.8511201629327902,0.030549898167006113,0.8750612633917002,0.054989816700611
A0A7F5RNB1,772,67.83678756476684,0.36528497409326427,-0.9528497409326424,0.30569948186528495,0.11749654378983393,0.04792746113989637
A0A7F8RMU9,393,59.59287531806616,0.34860050890585237,-0.749618320610687,0.26717557251908397,0.1391791757229102,0.07633587786259542
A0A7G1H3F0,498,84.23694779116465,0.3775100401606426,-0.2947791164658635,0.2248995983935743,-0.030489322147900417,0.10040160642570281
A0A7G2CHU9,389,80.2827763496144,0.39331619537275064,-0.48303341902313657,0.2827763496143959,0.15678610386029457,0.08226221079691516
A0A7G2F8D6,486,80.2469135802469,0.36008230452674894,-0.1979423868312759,0.22016460905349794,0.1202938315625363,0.10082304526748971
A0A7G2TDL4,424,88.34905660377359,0.36556603773584906,-0.17523584905660367,0.2382075471698113,0.12739933515595672,0.07311320754716981
A0A7G6VSM0,653,89.47932618683001,0.41807044410413474,-0.19111791730474736,0.2649310872894334,0.084644141749127,0.09035222052067382
A0A7G6Y9G1,506,105.15810276679842,0.4268774703557312,0.0616600790513836,0.2391304347826087,0.14976232033333206,0.04150197628458498
A0A7G6YBE8,496,87.11693548387096,0.31048387096774194,0.18266129032258072,0.12096774193548386,0.19957235490520417,0.05241935483870967
A0A7G8Q1F4,439,81.9134396355353,0.3416856492027335,-0.16879271070615037,0.20728929384965833,0.10321948691506361,0.06605922551252848
A0A7G8VMV3,335,102.59701492537314,0.36716417910447763,0.05253731343283585,0.2,-0.037788560889399754,0.02985074626865672
A0A7G9FKH0,426,95.0469483568075,0.363849765258216,-0.07676056338028159,0.24647887323943662,0.024359345859444693,0.05868544600938967
A0A7G9LYB5,701,99.55777460770328,0.41084165477888723,-0.3807417974322396,0.2738944365192582,0.0448123444163623,0.0898716119828816
A0A7G9YM78,704,75.21306818181819,0.4119318181818182,-0.7029829545454547,0.29829545454545453,0.06567877564397773,0.13352272727272727
A0A7H0I0J7,408,92.00980392156862,0.3946078431372549,0.020833333333333315,0.21323529411764708,0.10790539730951956,0.0661764705882353
A0A7H1JDN7,354,84.0677966101695,0.3050847457627119,0.20875706214689263,0.1271186440677966,-0.018483405694013178,0.0847457627118644
A0A7H1MNK9,384,83.95833333333333,0.4036458333333333,-0.6611979166666668,0.3046875,-0.007299238741499318,0.109375
A0A7H8RCV8,606,67.1947194719472,0.3151815181518152,-0.4145214521452145,0.18646864686468648,0.17609125905568118,0.11221122112211221
A0A7H8YZA3,744,106.89516129032258,0.42741935483870963,0.33897849462365587,0.1706989247311828,0.08783035515613798,0.10483870967741934
A0A7I4C0Y5,701,85.10699001426534,0.39800285306704714,-0.3203994293865906,0.2524964336661911,0.014558720170925007,0.09272467902995721
A0A7I4F358,628,99.39490445859873,0.37420382165605093,0.3359872611464968,0.1449044585987261,-0.1605790928774337,0.10031847133757962
A0A7I4Y8Z6,434,73.61751152073732,0.32027649769585254,-0.11843317972350237,0.15207373271889402,0.10266234189714762,0.0967741935483871
A0A7I7L9T0,633,109.51026856240127,0.3807266982622433,0.6955766192733017,0.1137440758293839,0.0,0.10110584518167456
A0A7I7SNY8,517,83.28820116054159,0.390715667311412,-0.16982591876208902,0.2243713733075435,0.1486530107087416,0.11798839458413926
A0A7I7UJR4,389,82.13367609254499,0.33419023136246784,-0.0365038560411311,0.19023136246786634,0.06871581236945988,0.07197943444730077
A0A7I7WPN5,619,73.61873990306947,0.38449111470113084,-0.3872374798061388,0.25363489499192243,0.19438004476799103,0.11470113085621972
A0A7I7X676,702,93.17663817663816,0.36894586894586895,0.04686609686609672,0.20940170940170938,0.12323895173040555,0.04700854700854701
A0A7I7XMH8,768,87.08333333333333,0.39192708333333337,-0.06874999999999992,0.22005208333333337,0.23408320603336807,0.06119791666666667
A0A7I7XPA5,741,89.28475033738192,0.37921727395411603,-0.027935222672064886,0.20917678812415652,-0.005532488599960958,0.06342780026990552
A0A7I8ISU0,474,68.37552742616035,0.3037974683544304,-0.4976793248945146,0.2130801687763713,-0.1102154797875936,0.0759493670886076
A0A7I8K0R8,503,118.07157057654076,0.42345924453280315,0.6546719681908549,0.1312127236580517,0.0,0.10337972166998012
A0A7I8VRA5,411,74.23357664233576,0.3479318734793187,-0.737712895377129,0.31143552311435524,-0.04011722320798246,0.05596107055961071
A0A7J0A0I5,572,69.82517482517483,0.38636363636363635,-0.5458041958041956,0.23776223776223776,0.12677507964829723,0.14160839160839161
A0A7J0ERN9,533,63.90243902439023,0.34146341463414637,-0.8984990619136963,0.2851782363977486,-0.13647665000205722,0.056285178236397754
A0A7J0H1H6,557,85.69120287253142,0.3141831238779174,0.04506283662477556,0.16337522441651706,-0.10321948691506362,0.07899461400359066
A0A7J0H7V6,660,63.28787878787878,0.36060606060606065,-0.9904545454545457,0.34545454545454546,0.022663984635943785,0.07121212121212121
A0A7J2ID55,739,90.60893098782138,0.4100135317997294,-0.28037889039242186,0.2963464140730717,0.059044782600953236,0.07983761840324763
A0A7J2JMB7,697,91.5925394548063,0.42754662840746055,-0.4169296987087515,0.30416068866571017,0.040617850908264,0.07747489239598279
A0A7J2MUK7,660,94.92424242424242,0.4666666666666666,-0.3262121212121213,0.3075757575757576,-0.07219512518695882,0.11212121212121212
A0A7J2WPK0,771,122.16601815823604,0.46044098573281456,0.5693904020752267,0.13878080415045396,-0.023912157405411284,0.11932555123216602
A0A7J3B7T0,445,80.47191011235955,0.4067415730337079,-0.3750561797752806,0.23820224719101124,0.01608681989345489,0.09887640449438202
A0A7J4CTW1,410,124.1951219512195,0.44390243902439025,0.40146341463414636,0.20243902439024392,0.19748940375691165,0.03658536585365854
A0A7J4QV49,398,79.67336683417085,0.3844221105527638,-0.41331658291457274,0.2638190954773869,0.0732319135344237,0.0879396984924623
A0A7J4SYX1,405,117.25925925925927,0.41234567901234565,0.29333333333333333,0.17777777777777776,0.0,0.059259259259259255
A0A7J5CF05,696,98.89367816091954,0.396551724137931,0.07701149425287335,0.1968390804597701,0.0187494360128389,0.0617816091954023
A0A7J5EZR3,726,94.9862258953168,0.43388429752066116,-0.377685950413223,0.27410468319559234,0.021611149012677234,0.06473829201101929
A0A7J5YYN7,766,60.300261096605745,0.39556135770234985,-0.976762402088773,0.2963446475195822,-0.041754748107001145,0.0391644908616188
A0A7J5ZGV2,320,76.8125,0.296875,-0.47531249999999986,0.128125,-0.060697840353611754,0.021875
A0A7J5ZKP4,782,79.82097186700766,0.34271099744245526,-0.40716112531969306,0.23017902813299232,0.038204352670229196,0.06777493606138107
A0A7J5ZWB4,581,76.33390705679862,0.39759036144578314,-0.47710843373493983,0.25817555938037867,0.04575749056067506,0.07917383820998279
A0A7J6KTN8,424,56.58018867924528,0.32075471698113206,-0.8132075471698111,0.20754716981132076,0.11650556907143717,0.08254716981132076
A0A7J6X6D8,497,91.60965794768612,0.3762575452716298,-0.0587525150905433,0.20321931589537223,0.11021547978759363,0.10060362173038229
A0A7J6YBC9,691,91.76555716353111,0.4037626628075254,-0.23835021707670062,0.23589001447178,0.08980967259011736,0.0723589001447178
A0A7J7EP26,704,86.40625,0.4005681818181818,-0.24701704545454545,0.24431818181818182,-0.049973974961838655,0.09659090909090909
A0A7J7RKK5,641,87.22308892355694,0.3619344773790952,-0.3405616224648986,0.27301092043681746,0.0343689016312626,0.062402496099843996
A0A7J7RW01,669,92.03288490284005,0.39760837070254107,-0.08026905829596409,0.18385650224215247,-0.1760912590556812,0.07772795216741404
A0A7J7ZYX2,465,89.97849462365592,0.38064516129032255,-0.24881720430107523,0.24946236559139784,0.014723256820706286,0.0903225806451613
A0A7J8BHH6,755,80.4635761589404,0.38145695364238413,-0.3071523178807949,0.22649006622516557,-0.055302808466905454,0.06225165562913907
A0A7J8HTQ4,577,80.22530329289428,0.41421143847487,-0.5634315424610052,0.2651646447140381,0.039253299147673615,0.08492201039861352
A0A7J8J9F5,703,60.86770981507823,0.25035561877667145,-0.6071123755334284,0.1664295874822191,-0.15490195998574313,0.05120910384068279
A0A7J8JD98,700,97.17142857142858,0.38428571428571434,-0.09128571428571441,0.2114285714285714,-0.04636874257136614,0.09285714285714286
A0A7J8PL76,668,70.77844311377245,0.34281437125748504,-0.6238023952095807,0.25898203592814373,0.12493873660829992,0.05389221556886227
A0A7J8RL86,767,112.0078226857888,0.40026075619295953,0.3127770534550196,0.1864406779661017,0.04196450154353613,0.08213820078226858
A0A7J9AIJ0,338,62.89940828402367,0.3254437869822485,-0.5576923076923079,0.2485207100591716,0.08103325090921824,0.07988165680473373
A0A7J9AK80,728,86.63461538461537,0.33379120879120877,-0.21359890109890106,0.18406593406593405,0.038344992076219754,0.07692307692307693
A0A7J9E6B8,787,77.0266836086404,0.3341804320203304,-0.5731893265565434,0.2706480304955527,0.02020338608828699,0.04320203303684879
A0A7J9GFT6,674,93.026706231454,0.39465875370919884,-0.017210682492581453,0.1884272997032641,0.06069784035361173,0.09643916913946587
A0A7J9IHF1,767,69.30899608865711,0.333767926988266,-0.4853976531942634,0.23989569752281614,0.07490244806834977,0.09908735332464147
A0A7K0ELY4,460,82.73913043478261,0.35,-0.3365217391304347,0.19565217391304346,-0.056727624448927094,0.10217391304347825
A0A7K0GS64,560,79.91071428571428,0.3785714285714285,-0.2503571428571428,0.2,0.26717172840301373,0.11785714285714287
A0A7K0LLM6,569,102.6537785588752,0.4059753954305799,0.12653778558875217,0.2091388400702988,0.0647253296366551,0.024604569420035145
A0A7K1STL0,765,78.73202614379085,0.34509803921568627,-0.3052287581699348,0.20915032679738563,-0.0214510010856325,0.11633986928104575
A0A7K1WXM3,614,68.64820846905538,0.28664495114006516,-0.27133550488599345,0.13680781758957655,0.12199435596151874,0.10749185667752442
A0A7K3LWF9,406,100.76354679802955,0.4433497536945813,-0.04162561576354684,0.22413793103448276,0.06550154875643222,0.06896551724137931
A0A7K3VUS8,330,81.96969696969695,0.33939393939393936,-0.10575757575757555,0.22121212121212122,0.057991946977686816,0.09090909090909091
A0A7K4IYX0,442,70.65610859728507,0.414027149321267,-0.6671945701357465,0.32352941176470584,0.18860781647767727,0.07013574660633484
A0A7K4JK16,764,73.29842931937173,0.3586387434554974,-0.863743455497382,0.2801047120418848,0.056376466570969154,0.03664921465968586
A0A7K4LSS6,386,67.6683937823834,0.35233160621761656,-0.4759067357512956,0.22279792746113988,0.039508541283673655,0.11139896373056996
A0A7K4XTP2,509,89.01768172888015,0.39096267190569745,-0.17996070726915525,0.24165029469548133,-0.09066106373105494,0.11198428290766207
A0A7K4YF81,728,68.17307692307692,0.3021978021978022,-0.7162087912087911,0.2101648351648352,-0.08432088570003592,0.054945054945054944
A0A7K4Z2P3,614,86.85667752442997,0.4071661237785017,-0.2128664495114006,0.21172638436482083,-0.026328938722349104,0.12214983713355049
A0A7K5IGG4,738,69.66124661246612,0.3563685636856368,-0.39878048780487796,0.2127371273712737,0.03826450009528253,0.12330623306233061
A0A7K5TDN4,335,67.49253731343283,0.3582089552238806,-0.22865671641791055,0.22388059701492535,0.05648135595244829,0.10746268656716418
A0A7K5TIJ0,688,76.51162790697674,0.4113372093023256,-0.7665697674418606,0.3284883720930233,-0.030489322147900417,0.08575581395348837
A0A7K6ASP8,742,96.38814016172506,0.4097035040431267,-0.2866576819407009,0.2210242587601078,0.041892161328177135,0.08221024258760107
A0A7K6B534,392,89.8469387755102,0.3775510204081632,-0.1283163265306123,0.22959183673469385,-0.03778856088939986,0.07653061224489796
A0A7K6CHJ4,703,75.40540540540542,0.4793741109530584,-0.8278805120910384,0.34708392603129445,-0.0211892990699381,0.12660028449502136
A0A7K6LFJ7,628,92.97770700636943,0.38375796178343946,-0.027070063694267565,0.19585987261146498,-0.048691923899724494,0.07165605095541402
A0A7K6Q182,645,55.596899224806194,0.35038759689922483,-0.9105426356589146,0.2821705426356589,0.27300127206373764,0.05581395348837209
A0A7K6QM07,731,83.87140902872775,0.38577291381668943,-0.41778385772913834,0.2544459644322845,0.08341829899087952,0.07660738714090287
A0A7K6U8W6,441,83.24263038548752,0.39002267573696137,-0.5646258503401361,0.19954648526077096,-0.01930515519538663,0.06575963718820861
A0A7K6UVD5,546,37.38095238095238,0.4230769230769231,-1.9369963369963363,0.49999999999999994,-0.04109119643948535,0.04578754578754579
A0A7K7E422,676,79.03846153846153,0.3446745562130178,-0.35665680473372774,0.2337278106508876,0.04346569378109026,0.06656804733727811
A0A7K7EL09,666,75.31531531531532,0.4264264264264265,-0.7286786786786785,0.2927927927927928,0.21129856728304824,0.10660660660660662
A0A7K7GSA6,795,109.24528301886794,0.43396226415094336,0.02905660377358471,0.23018867924528302,0.051706823073876314,0.07672955974842767
A0A7K7JBB0,606,95.26402640264027,0.43399339933993397,-0.5782178217821783,0.3168316831683169,0.08082319311460164,0.041254125412541254
A0A7K7M6A7,770,86.24675324675324,0.41948051948051945,-0.3492207792207792,0.26103896103896107,0.02139814470123048,0.08831168831168831
A0A7K7S3T9,749,79.0520694259012,0.3831775700934579,-0.5036048064085444,0.27903871829105475,0.02058653078177749,0.09078771695594126
A0A7K7S9A3,546,87.3076923076923,0.3534798534798535,-0.1032967032967034,0.184981684981685,-0.07609016907048294,0.06776556776556777
A0A7K7TKV0,429,38.764568764568764,0.358974358974359,-1.5655011655011655,0.3986013986013986,-0.28605283969432826,0.03962703962703963
A0A7K7VF52,594,84.74747474747475,0.393939393939394,-0.2042087542087542,0.22895622895622897,0.06305174574708902,0.10101010101010101
A0A7K7VSP8,681,86.84287812041116,0.381791483113069,-0.15609397944199693,0.18355359765051396,0.07542109717431805,0.09544787077826726
A0A7K7XUS5,454,47.4669603524229,0.31277533039647576,-1.1874449339207047,0.2907488986784141,0.025935734094399743,0.07488986784140969
A0A7K8Q5R9,746,58.47184986595174,0.37399463806970507,-1.0410187667560322,0.3324396782841823,-0.048691923899724494,0.07640750670241286
A0A7K8RBW0,325,73.32307692307691,0.35384615384615387,-0.35969230769230776,0.23692307692307693,-0.010995384301463193,0.09538461538461539
A0A7K8WSX4,481,98.27442827442827,0.3866943866943867,0.3625779625779626,0.16216216216216217,-0.10914446942506803,0.13721413721413722
A0A7K9LEB2,566,91.80212014134275,0.3250883392226149,0.013604240282685531,0.19257950530035334,0.0705810742857072,0.047703180212014126
A0A7K9MCF4,791,69.43109987357774,0.32616940581542353,-0.6539823008849557,0.27939317319848295,0.07418519855453252,0.05689001264222503
A0A7K9MZY7,717,80.2231520223152,0.3821478382147838,-0.4419804741980477,0.2510460251046025,-0.009545317906230437,0.09205020920502092
A0A7K9Q1D0,628,66.3375796178344,0.3630573248407643,-0.8829617834394907,0.267515923566879,0.040904987766263036,0.07165605095541401
A0A7K9TPG1,722,85.98337950138504,0.38365650969529086,-0.42811634349030464,0.3074792243767313,0.12493873660829992,0.07894736842105263
A0A7K9USJ3,557,65.26032315978456,0.3303411131059245,-0.5391382405745063,0.24057450628366245,0.025554104472388133,0.09156193895870737
A0A7K9VXS0,761,99.56636005256243,0.39421813403416567,0.13547963206307473,0.1839684625492773,0.03672280702473984,0.11957950065703021
A0A7L0D5D1,427,111.21779859484778,0.38875878220140514,0.509367681498829,0.11475409836065574,-0.08543019532462635,0.09601873536299765
A0A7L0EX77,310,78.06451612903224,0.37419354838709673,-0.14580645161290318,0.18709677419354837,0.11650556907143717,0.1064516129032258
A0A7L0GSW5,497,98.18913480885311,0.3641851106639839,-0.3470824949698187,0.23742454728370221,0.043465693781090435,0.06438631790744467
A0A7L0KJC5,583,89.99999999999999,0.38421955403087477,-0.390909090909091,0.2607204116638079,0.04516215875819384,0.08233276157804459
A0A7L0M7Z8,746,79.3699731903485,0.3257372654155496,-0.38230563002680984,0.19839142091152814,-0.02316786505202598,0.04289544235924933
A0A7L0NBL1,672,113.86904761904763,0.4419642857142858,0.4513392857142857,0.1488095238095238,0.05115252244738129,0.11458333333333334
A0A7L0T6W2,761,55.663600525624176,0.28383705650459923,-0.6731931668856769,0.2680683311432326,0.2884408683559607,0.06833114323258871
A0A7L0Z7K1,781,71.60051216389245,0.35979513444302175,-0.6343149807938538,0.2419974391805378,0.29762374697206967,0.04865556978233035
A0A7L1BNH1,658,83.70820668693008,0.3708206686930091,-0.19179331306990888,0.21580547112462006,0.23476552272030451,0.07598784194528875
A0A7L1GWY6,620,94.12903225806453,0.3983870967741936,-0.06596774193548405,0.1967741935483871,0.0,0.09516129032258065
A0A7L1H7U4,627,91.57894736842105,0.3779904306220096,-0.1653907496012758,0.2296650717703349,0.05958568998424405,0.07177033492822966
A0A7L1J872,701,67.21825962910128,0.34664764621968613,-0.9261055634807418,0.3195435092724679,-0.07706788673422578,0.037089871611982884
A0A7L1J8Z5,751,85.71238348868175,0.40079893475366174,-0.2808255659121174,0.2596537949400799,-0.004409118905054989,0.08655126498002663
A0A7L1JAT7,649,80.84745762711863,0.3805855161787365,-0.3129429892141756,0.23882896764252698,0.09442121260436179,0.09707241910631742
A0A7L1JS75,314,115.38216560509554,0.43312101910828027,0.6398089171974524,0.1178343949044586,-0.2041199826559247,0.11146496815286625
A0A7L1QTI1,418,62.36842105263158,0.32296650717703346,-0.7727272727272727,0.24641148325358853,-0.07463361829690421,0.05980861244019139
A0A7L1QTL1,597,86.23115577889448,0.3953098827470687,-0.24070351758793979,0.22948073701842547,0.13223797534979936,0.08040201005025126
A0A7L1WE87,448,69.39732142857142,0.3303571428571428,-0.5790178571428573,0.16517857142857142,-0.045757490560675115,0.06919642857142858
A0A7L1XYG5,477,75.11530398322851,0.3836477987421384,-0.6163522012578617,0.2893081761006289,0.062147906748844434,0.09433962264150944
A0A7L2AV33,576,83.80208333333333,0.4895833333333333,-1.0350694444444448,0.375,0.07991176679498084,0.04861111111111111
A0A7L2DFX1,752,73.19148936170214,0.3191489361702128,-0.3868351063829787,0.1595744680851064,0.05703850097036417,0.07579787234042554
A0A7L2LM38,337,95.72700296735904,0.40356083086053407,-0.23145400593471815,0.2344213649851632,-0.07525095241919236,0.0801186943620178
A0A7L2MZ20,760,97.48684210526316,0.4131578947368421,0.1961842105263157,0.19210526315789472,0.0234810958495229,0.1131578947368421
A0A7L2RLR2,734,79.49591280653951,0.335149863760218,-0.716348773841962,0.25749318801089915,-0.11434566311087575,0.027247956403269755
A0A7L3B0Z8,477,85.15723270440252,0.3983228511530399,-0.15387840670859554,0.21593291404612164,-0.008272525965989933,0.11320754716981132
A0A7L3EPV0,682,89.34017595307917,0.40175953079178883,-0.08885630498533742,0.18914956011730205,0.059768205003489776,0.08797653958944282
A0A7L3LLF4,742,76.1455525606469,0.39353099730458224,-0.7064690026954179,0.33557951482479786,-0.07981571581993419,0.04986522911051213
A0A7L3LWS3,623,82.72873194221508,0.40609951845906905,-0.4064205457463884,0.2552166934189406,0.14705305089887225,0.10914927768860352
A0A7L3MDI4,568,80.88028169014085,0.36267605633802813,-0.4036971830985916,0.23239436619718307,-0.15726440179619755,0.08450704225352113
A0A7L3QK29,311,67.71704180064309,0.36334405144694537,-0.8787781350482317,0.2604501607717042,-0.1371731930253116,0.06109324758842443
A0A7L3YH15,475,72.18947368421053,0.3515789473684211,-0.47663157894736824,0.23789473684210527,0.037788560889399844,0.10736842105263157
A0A7L3Z5G2,529,89.3383742911153,0.39886578449905474,-0.15349716446124775,0.23062381852551983,0.014010714442814688,0.11153119092627599
A0A7L3ZVC0,468,75.40598290598291,0.36538461538461536,-0.5014957264957267,0.25213675213675213,0.07255066714861168,0.07051282051282051
A0A7L3ZZU1,368,89.80978260869566,0.40760869565217395,-0.30244565217391306,0.25271739130434784,-0.02743824834693967,0.11956521739130435
A0A7L4B055,394,74.69543147208121,0.3629441624365482,-0.4703045685279188,0.2639593908629442,-0.03279251339630749,0.1218274111675127
A0A7L5AI30,383,96.10966057441253,0.42036553524804177,0.08563968668407307,0.20626631853785898,0.14061894089346233,0.05483028720626632
A0A7L6A886,322,85.24844720496894,0.40372670807453415,-0.22546583850931676,0.2422360248447205,-0.08715017571890014,0.07453416149068323
A0A7L6CJF6,460,133.58695652173913,0.45434782608695656,0.9617391304347829,0.10217391304347827,-0.16136800223497486,0.10217391304347825
A0A7L9WTC9,312,88.04487179487178,0.3621794871794872,-0.1092948717948719,0.20512820512820512,0.15970084286751182,0.07371794871794872
A0A7M1AYE3,480,123.6875,0.41874999999999996,0.7908333333333333,0.13333333333333333,-0.026328938722349208,0.13958333333333334
A0A7M2Y3Z5,671,76.61698956780924,0.3859910581222057,-0.5713859910581219,0.28315946348733234,0.1275788327745083,0.12369597615499255
A0A7M7IW58,465,78.81720430107528,0.33978494623655914,-0.2896774193548387,0.17419354838709677,0.13717319302531158,0.0903225806451613
A0A7M7M8H4,799,85.20650813516896,0.3742177722152691,-0.2041301627033792,0.214017521902378,0.07550076230925729,0.08635794743429287
A0A7M7P3B3,572,84.17832167832167,0.3898601398601399,-0.2727272727272729,0.23076923076923078,0.025935734094399743,0.09965034965034966
A0A7N0TSS3,551,84.95462794918329,0.4047186932849365,-0.376043557168784,0.24500907441016334,0.006340178031018975,0.08892921960072596
A0A7N0VLQ5,539,57.69944341372912,0.32653061224489793,-1.0326530612244902,0.31539888682745826,-0.12199435596151875,0.04638218923933209
A0A7N1A5B0,470,69.42553191489363,0.3340425531914894,-0.3857446808510638,0.1680851063829787,0.14061894089346239,0.08723404255319148
A0A7N5JXG5,748,71.97860962566844,0.3636363636363636,-0.5831550802139038,0.24197860962566847,0.05227328302267722,0.045454545454545456
A0A7N9ASE8,696,82.38505747126436,0.3936781609195403,-0.49813218390804614,0.2485632183908046,-0.004963419531550146,0.05890804597701149
A0A7N9CWG1,769,94.57737321196359,0.3745123537061118,-0.08452535760728219,0.24187256176853056,-0.10211120669386413,0.06892067620286085
A0A7R6SZ22,565,79.84070796460176,0.38761061946902653,-0.2819469026548672,0.2743362831858407,-0.02767142659785842,0.14690265486725662
A0A7R7T9K5,467,95.0321199143469,0.39186295503211993,-0.04775160599571737,0.22055674518201285,0.12493873660829992,0.05139186295503212
A0A7R8P256,744,70.41666666666666,0.29435483870967744,-0.27163978494623664,0.12903225806451613,0.0,0.0913978494623656
A0A7R9BC57,561,71.44385026737967,0.3440285204991087,-0.30659536541889487,0.17825311942959,0.051152522447381374,0.09982174688057041
A0A7R9E147,669,82.01793721973092,0.39461883408071746,-0.31031390134529163,0.22720478325859492,0.05648135595244829,0.12556053811659193
A0A7R9GXN1,751,73.3555259653795,0.3675099866844208,-0.4209054593874835,0.2649800266311585,0.004321373782642578,0.09454061251664447
A0A7R9MA68,486,80.16460905349795,0.39506172839506176,-0.28580246913580265,0.21193415637860083,-0.024823583725032152,0.10905349794238683
A0A7R9UJY6,439,95.85421412300683,0.38041002277904323,-0.18291571753986333,0.22779043280182232,0.03407978957227542,0.05239179954441914
A0A7R9UZB4,410,59.63414634146342,0.22195121951219512,-0.20902439024390246,0.12195121951219513,0.06694678963061323,0.04878048780487805
A0A7S0BA06,761,79.526938239159,0.33771353482260186,-0.31261498028909307,0.19710906701708278,0.08022900163881867,0.00788436268068331
A0A7S0CR71,688,69.30232558139535,0.35319767441860467,-0.506831395348837,0.26453488372093026,0.01888534416037372,0.07267441860465115
A0A7S0U3L0,382,91.8586387434555,0.39005235602094246,-0.3018324607329844,0.24345549738219896,0.00914337943986972,0.08115183246073299
A0A7S1ARN0,480,77.79166666666666,0.4145833333333333,-0.5547916666666668,0.29375,0.06694678963061323,0.025
A0A7S1FCV6,519,79.98073217726396,0.3892100192678227,-0.3500963391136799,0.24277456647398846,0.10914446942506793,0.09441233140655106
A0A7S1NHL4,465,98.27956989247313,0.38924731182795697,0.2397849462365592,0.15698924731182795,0.057991946977686816,0.07956989247311828
A0A7S1XWB5,799,70.61326658322903,0.3329161451814769,-0.3260325406758447,0.2390488110137672,0.09488532644164184,0.056320400500625784
A0A7S1ZN68,552,68.71376811594203,0.3478260869565217,-0.46105072463768104,0.22282608695652173,0.1760912590556813,0.08514492753623187
A0A7S2JD86,488,68.40163934426229,0.3237704918032787,-0.7606557377049181,0.2848360655737705,0.030813947414219566,0.012295081967213115
A0A7S3K5Q7,700,72.71428571428571,0.26571428571428574,-0.07228571428571434,0.10714285714285715,0.48467439261010836,0.03142857142857143
A0A7S3L147,318,39.52830188679245,0.14465408805031446,-1.308176100628931,0.4025157232704402,1.2448070714251411,0.031446540880503145
A0A7S3PVA3,503,94.11530815109343,0.38767395626242546,-0.05964214711729615,0.20278330019880716,0.06694678963061323,0.0775347912524851
A0A7S3S1P7,644,98.1055900621118,0.3447204968944099,0.2436335403726708,0.14130434782608697,-0.06550154875643234,0.07142857142857142
A0A7S3Z8D9,620,74.16129032258064,0.38870967741935486,-0.511290322580645,0.282258064516129,-0.14360550497419594,0.09838709677419355
A0A7S4CV55,769,80.46814044213264,0.3302990897269181,-0.27399219765929783,0.19895968790637192,-0.02802872360024354,0.0741222366710013
A0A7S4DIW7,677,79.55686853766618,0.3530280649926145,-0.3825701624815363,0.28803545051698676,-0.08403374884203697,0.09896602658788774
A0A7S4HUF0,592,77.2635135135135,0.3462837837837838,-0.20979729729729735,0.15540540540540543,0.30797885561930893,0.13851351351351351
A0A7S4VXX5,382,97.85340314136126,0.4345549738219895,0.0581151832460734,0.22513089005235604,-0.039508541283673586,0.0549738219895288
A0A7S7AK48,325,94.58461538461538,0.40615384615384614,-0.12769230769230766,0.24615384615384617,0.14976232033333212,0.08615384615384615
A0A7S7EUM6,750,97.37333333333333,0.4146666666666667,-0.3006666666666667,0.30133333333333334,0.03812046345190708,0.05333333333333333
A0A7S7M9B1,387,65.03875968992247,0.35400516795865633,-0.5173126614987078,0.21188630490956073,0.16749108729376364,0.09819121447028424
A0A7S7VXE3,575,91.96521739130435,0.3756521739130435,0.014782608695652039,0.20521739130434782,9.64327466553287e-17,0.09739130434782609
A0A7S8CUV1,734,94.30517711171662,0.37057220708446864,0.12752043596730242,0.11852861035422343,0.06845738065585179,0.14986376021798364
A0A7S8MWM8,554,112.50902527075812,0.4314079422382671,0.3731046931407942,0.18411552346570398,-0.03342375548694975,0.061371841155234655
A0A7S9GJ04,310,96.61290322580645,0.3935483870967742,-0.04129032258064508,0.2129032258064516,0.12866660912754319,0.03870967741935484
A0A7T1TVC0,333,123.99399399399398,0.38138138138138145,0.632432432432432,0.057057057057057055,-0.3979400086720376,0.08408408408408408
A0A7T4U765,646,81.40866873065016,0.40092879256965946,-0.423374613003096,0.26006191950464397,0.13389357926122641,0.07585139318885449
A0A7T5BYB7,393,96.9974554707379,0.4580152671755725,-0.08651399491094153,0.24681933842239184,0.0791812460476249,0.11450381679389313
A0A7T7F413,655,74.09160305343511,0.366412213740458,-0.44061068702290085,0.25343511450381684,0.051762915354471445,0.09618320610687023
A0A7T7NZZ7,548,73.83211678832117,0.3795620437956204,-0.5897810218978099,0.23905109489051096,0.2767614209370445,0.12956204379562042
A0A7U1GE69,356,82.47191011235955,0.38764044943820225,-0.20955056179775272,0.2247191011235955,0.021189299069938092,0.1095505617977528
A0A7U3YZU9,678,107.93510324483778,0.36873156342182895,0.5402654867256638,0.14601769911504425,0.04303463222520177,0.0943952802359882
A0A7U5XZ62,656,100.85365853658537,0.39024390243902446,0.018292682926829062,0.2073170731707317,0.07572071393811834,0.0350609756097561
A0A7U6M109,736,77.20108695652175,0.3627717391304348,-0.33872282608695686,0.21467391304347827,0.15358391805783,0.11820652173913043
A0A7U6Y8S6,411,86.98296836982968,0.36982968369829683,-0.20608272506082737,0.24574209245742093,0.02530586526477026,0.07542579075425791
A0A7U7EUM5,654,112.62996941896024,0.4434250764525994,0.06834862385321097,0.20642201834862384,-0.08266957389344617,0.1437308868501529
A0A7U7TVU6,634,114.68454258675078,0.38801261829652994,0.6850157728706625,0.138801261829653,0.05799194697768673,0.10883280757097792
A0A7U8KBK0,303,68.51485148514851,0.3993399339933993,-0.6551155115511551,0.29372937293729373,0.06694678963061323,0.11551155115511551
A0A7V0U9M9,446,93.49775784753362,0.42825112107623314,-0.14080717488789238,0.2645739910313901,0.35087636830907887,0.10089686098654709
A0A7V0YKG4,737,83.29715061058344,0.34328358208955223,-0.14559023066485755,0.17096336499321574,-0.013572807189273822,0.11804613297150611
A0A7V1M4E2,756,94.68253968253967,0.45238095238095233,-0.4301587301587304,0.283068783068783,0.04830467957455504,0.062169312169312166
A0A7V1Y6C0,386,85.9844559585492,0.38860103626943004,-0.4129533678756479,0.266839378238342,0.008272525965989952,0.038860103626943004
A0A7V2NI35,615,87.47967479674796,0.448780487804878,-0.5297560975609759,0.31544715447154476,0.01772876696043162,0.07804878048780488
A0A7V3BX92,768,93.61979166666666,0.42578125,-0.05729166666666674,0.2265625,0.15970084286751196,0.05078125
A0A7V3DWJ8,517,100.0,0.45261121856866526,-0.2704061895551257,0.28239845261121854,0.02348109584952281,0.05415860735009671
A0A7V3JNF3,492,72.1951219512195,0.3983739837398374,-0.5453252032520325,0.24390243902439024,0.0,0.12601626016260162
A0A7V3NI44,552,87.71739130434781,0.447463768115942,-0.24239130434782602,0.2391304347826087,0.09108046934733266,0.09057971014492752
A0A7V3VDW9,570,111.35087719298244,0.4228070175438597,0.48122807017543867,0.18771929824561404,-0.18607547996228216,0.2175438596491228
A0A7V4CXG8,512,77.94921875,0.39453125,-0.24453125000000003,0.240234375,-0.06264680913788918,0.119140625
A0A7V4SX16,546,114.02930402930403,0.4157509157509157,0.4305860805860805,0.1684981684981685,-0.09275405323689875,0.06593406593406594
A0A7V5N1N6,485,95.31958762886597,0.4329896907216495,-0.029072164948453605,0.2061855670103093,0.05115252244738129,0.09896907216494845
A0A7V6G5U1,307,77.49185667752442,0.39739413680781766,-0.5120521172638439,0.24104234527687296,0.0,0.14006514657980457
A0A7V6H2Q4,740,101.83783783783787,0.4554054054054054,-0.2767567567567568,0.2918918918918919,-0.03987151203769216,0.07567567567567568
A0A7V7DA99,619,118.14216478190629,0.4184168012924071,0.5867528271405493,0.15993537964458804,-0.14760272124424373,0.1260096930533118
A0A7V7WTX3,427,92.3887587822014,0.3840749414519906,-0.09133489461358307,0.21077283372365338,-0.018885344160373765,0.04449648711943794
A0A7V7ZF67,562,91.47686832740213,0.45907473309608543,-0.308540925266904,0.2900355871886121,0.036871359953126306,0.05693950177935943
A0A7V8IQ10,682,99.99999999999999,0.40175953079178883,-0.1010263929618768,0.19648093841642228,0.012774288036428825,0.07917888563049853
A0A7V9DCX0,637,101.30298273155415,0.40659340659340654,-0.03453689167974866,0.23390894819466246,0.09820448336105533,0.05180533751962323
A0A7V9LKP2,304,80.95394736842105,0.37499999999999994,-0.4391447368421053,0.305921052631579,-0.045757490560675115,0.0625
A0A7V9N3P3,732,82.36338797814207,0.37021857923497264,-0.2826502732240438,0.24453551912568305,0.08182134221383322,0.06420765027322405
A0A7W0D2Z5,367,122.99727520435968,0.42779291553133514,0.9348773841961855,0.10899182561307902,-0.25527250510330607,0.18528610354223432
A0A7W0F149,780,84.24358974358974,0.4076923076923077,-0.4285897435897435,0.2602564102564102,-0.055155264901055254,0.12435897435897436
A0A7W0LXM1,498,90.38152610441766,0.36144578313253006,0.05542168674698794,0.22289156626506024,0.1316721192672683,0.060240963855421686
A0A7W0PSR5,366,97.84153005464479,0.4289617486338798,0.003551912568306115,0.24316939890710382,0.0861861476162833,0.07923497267759563
A0A7W0T3U4,348,72.64367816091955,0.3706896551724138,-0.2816091954022989,0.2413793103448276,-0.04042865705560825,0.10344827586206896
A0A7W0XCA1,680,89.58823529411765,0.4117647058823529,-0.38058823529411745,0.25588235294117645,-0.09913147300201447,0.07794117647058824
A0A7W1SGR4,680,95.38235294117648,0.4,-0.16588235294117631,0.21617647058823528,0.2327651641054549,0.051470588235294115
A0A7W1ZR97,776,73.76288659793813,0.3389175257731959,-0.3969072164948454,0.23067010309278352,-0.014397820700642501,0.0979381443298969
A0A7W1ZX29,553,103.30922242314648,0.4321880650994575,-0.11772151898734168,0.25858951175406875,0.12668640287782007,0.06690777576853527
A0A7W2IE41,653,80.79632465543645,0.2879019908116386,-0.08928024502297088,0.17304747320061256,0.08333720581878253,0.07963246554364473
A0A7W2JRJ7,521,131.63147792706334,0.4587332053742802,0.6873320537428023,0.12476007677543186,-0.1173855987178541,0.07485604606525911
A0A7W2R846,750,98.2,0.39866666666666667,-0.2843999999999999,0.272,0.06759937349780962,0.058666666666666666
A0A7W3T7S5,588,87.48299319727893,0.41496598639455784,-0.27721088435374136,0.24829931972789115,-0.04699656267622361,0.028911564625850338
A0A7W4BA14,538,58.977695167286235,0.2862453531598513,-0.4946096654275096,0.15613382899628253,0.24900099565997116,0.12453531598513011
A0A7W4E576,501,77.98403193612774,0.31736526946107785,-0.5055888223552896,0.249500998003992,0.047923552317182726,0.0718562874251497
A0A7W4LIZ8,557,106.21184919210054,0.4542190305206463,-0.10377019748653496,0.23159784560143626,0.07310709833543183,0.06463195691202872
A0A7W4USM0,626,93.4185303514377,0.3977635782747604,-0.037380191693290765,0.21246006389776356,0.17609125905568118,0.052715654952076675
A0A7W5AYQ2,468,101.77350427350427,0.4166666666666667,-0.03205128205128216,0.22435897435897437,0.07323191353442363,0.05128205128205128
A0A7W5EM31,665,86.55639097744361,0.3894736842105263,-0.22466165413533834,0.23458646616541354,0.01099538430146324,0.08270676691729323
A0A7W5ERX6,613,83.78466557911909,0.42251223491027734,-0.5518760195758565,0.33442088091354,0.16562582537751624,0.04730831973898858
A0A7W7DQ00,553,81.41048824593128,0.40867992766726946,-0.39529837251356237,0.24593128390596744,0.17871540288183013,0.09041591320072333
A0A7W7I2I7,563,86.1278863232682,0.4014209591474245,-0.06980461811722899,0.20781527531083482,0.0365168338257625,0.07282415630550622
A0A7W7K1D3,600,80.41666666666667,0.3416666666666667,-0.11966666666666653,0.19999999999999998,0.14368817262113898,0.08
A0A7W7LSX4,582,73.71134020618557,0.37800687285223367,-0.48797250859106495,0.2508591065292096,0.08241021617782329,0.08247422680412372
A0A7W7PQR9,746,72.61394101876675,0.34718498659517427,-0.5398123324396784,0.28954423592493295,0.023912157405411364,0.058981233243967826
A0A7W7QCM7,597,74.67336683417086,0.3517587939698492,-0.43634840871021774,0.22613065326633167,0.09548375727002427,0.09882747068676717
A0A7W8J9D1,617,80.45380875202592,0.3824959481361426,-0.21782820097244743,0.20583468395461912,0.08783035515613805,0.12155591572123177
A0A7W8YQ11,735,84.35374149659864,0.37551020408163266,-0.41482993197278917,0.23129251700680273,0.010100326904325756,0.12517006802721087
A0A7W9C7V4,530,87.13207547169812,0.3773584905660377,-0.0709433962264151,0.22075471698113208,0.05115252244738129,0.07735849056603773
A0A7W9CKD8,702,115.88319088319088,0.44017094017094016,0.3262108262108263,0.18660968660968663,-0.03266911675336819,0.06552706552706553
A0A7W9WV72,624,58.02884615384616,0.3141025641025641,-0.8049679487179487,0.27884615384615385,-0.15970084286751185,0.030448717948717948
A0A7X0AN13,308,99.15584415584415,0.39610389610389607,-0.017532467532467344,0.2077922077922078,0.052706350516002996,0.07467532467532467
A0A7X0QMB3,433,84.04157043879907,0.38106235565819857,-0.25773672055427255,0.21939953810623555,0.08082319311460164,0.09237875288683603
A0A7X0T695,550,79.79999999999998,0.34545454545454546,-0.49181818181818204,0.2545454545454545,0.18631042423736732,0.06363636363636364
A0A7X0U991,761,96.51773981603154,0.37844940867279897,-0.20749014454664927,0.21813403416557164,0.15678610386029465,0.02102496714848883
A0A7X1CNR3,785,97.4140127388535,0.4229299363057325,-0.33834394904458603,0.2815286624203822,0.05851362209375046,0.049681528662420385
A0A7X1PE83,499,68.6372745490982,0.35070140280561124,-0.5939879759519042,0.23246492985971945,0.10354059190706949,0.0841683366733467
A0A7X2NUP9,374,101.20320855614973,0.42245989304812837,0.16176470588235276,0.1925133689839572,-0.023481095849522918,0.14705882352941177
A0A7X3I4K6,479,83.04801670146138,0.384133611691023,-0.31440501043841357,0.2567849686847599,-0.03476210625921187,0.06263048016701461
A0A7X3JYG8,701,100.78459343794579,0.4208273894436519,-0.08758915834522107,0.26961483594864477,0.0958869395504776,0.04136947218259629
A0A7X3MDK7,580,84.5344827586207,0.3810344827586207,-0.2891379310344828,0.21724137931034482,0.16481024864599209,0.12413793103448276
A0A7X3PHX7,330,91.9090909090909,0.4,0.06303030303030316,0.203030303030303,0.0630517457470891,0.0696969696969697
A0A7X3VCZ8,320,96.875,0.38437499999999997,-0.11156249999999984,0.23125,0.20969986003676133,0.06875
A0A7X3WAJ6,443,96.18510158013544,0.417607223476298,0.48600451467268624,0.11963882618510158,-0.17609125905568113,0.15575620767494358
A0A7X4AID4,507,97.25838264299803,0.4082840236686391,-0.025838264299802738,0.22879684418145957,0.058977859959337874,0.04339250493096647
A0A7X4KJR6,476,115.79831932773108,0.384453781512605,0.7243697478991596,0.1092436974789916,-0.09691001300805646,0.09873949579831932
A0A7X4W2Z8,574,90.26132404181185,0.41986062717770034,-0.2952961672473869,0.27177700348432055,0.13296658962026714,0.06445993031358885
A0A7X4YDC7,654,105.62691131498471,0.48012232415902145,-0.05351681957186538,0.25382262996941896,0.010340833338218863,0.04892966360856269
A0A7X5BSH0,650,75.58461538461539,0.37999999999999995,-0.28953846153846163,0.2123076923076923,-0.012409257981820002,0.10461538461538461
A0A7X5IRJ3,446,83.4304932735426,0.36771300448430494,-0.18789237668161454,0.22645739910313903,0.11021547978759356,0.09641255605381166
A0A7X5U3G5,343,102.85714285714285,0.3556851311953353,0.25743440233236137,0.16326530612244897,0.18234020833268277,0.04664723032069971
A0A7X5XRJ4,714,93.89355742296918,0.3865546218487395,-0.05616246498599453,0.26330532212885155,0.12894147906197395,0.06582633053221289
A0A7X6BMF2,475,79.26315789473684,0.4147368421052632,-0.43094736842105297,0.2673684210526316,0.1288690302367324,0.12210526315789474
A0A7X6CZ55,337,106.11275964391692,0.427299703264095,0.4940652818991098,0.13353115727002968,0.018483405694013133,0.11869436201780414
A0A7X6FFU9,442,90.56561085972851,0.37330316742081454,0.033031674208144846,0.20814479638009048,0.11149201288105356,0.07692307692307693
A0A7X6HB91,415,92.9156626506024,0.40240963855421685,0.1074698795180723,0.1951807228915663,0.010465433678164885,0.07710843373493977
A0A7X6Q1S1,466,116.82403433476397,0.44420600858369097,0.6081545064377682,0.12875536480686697,-0.1702617153949574,0.17167381974248927
A0A7X6S7E8,405,120.09876543209876,0.4469135802469135,0.4266666666666665,0.2074074074074074,0.02020338608828699,0.09382716049382717
A0A7X6TEV9,396,77.27272727272727,0.393939393939394,-0.5154040404040404,0.29292929292929293,-0.014723256820706349,0.10858585858585859
A0A7X7ET44,448,84.04017857142857,0.37276785714285715,-0.21339285714285713,0.20758928571428573,0.027438248346939614,0.10044642857142858
A0A7X7F6L8,797,100.40150564617316,0.3939774153074028,0.5048933500627353,0.15181932245922208,-0.0070618544874868835,0.13676286072772897
A0A7X7HSI6,600,99.18333333333334,0.42833333333333334,-0.02899999999999997,0.23833333333333334,0.1760912590556813,0.045
A0A7X7SG99,360,89.63888888888889,0.35555555555555557,-0.09749999999999998,0.2277777777777778,-0.06214790674884446,0.08055555555555555
A0A7X7T3V5,502,94.58167330677291,0.4243027888446215,-0.34641434262948223,0.2729083665338645,-0.018749436012839044,0.04183266932270916
A0A7X8EN43,450,87.42222222222222,0.42666666666666664,-0.38911111111111124,0.2777777777777778,0.08922318434176545,0.07111111111111111
A0A7X8L653,607,82.04283360790774,0.37397034596375617,-0.38056013179571657,0.2273476112026359,0.07463361829690418,0.10214168039538715
A0A7X8R9U8,344,108.51744186046513,0.436046511627907,0.11453488372093024,0.24709302325581395,0.029963223377443293,0.0377906976744186
A0A7X8U5B3,524,85.11450381679388,0.36259541984732824,-0.24618320610687028,0.19083969465648853,0.06826483155852647,0.09732824427480916
A0A7X8XQ54,671,121.23695976154994,0.39493293591654244,0.8321907600596127,0.10730253353204174,-0.04699656267622361,0.08941877794336811
A0A7X9AQ64,609,75.04105090311988,0.3694581280788177,-0.37422003284072236,0.23645320197044337,0.059585689984244135,0.11658456486042693
A0A7Y1URJ9,531,80.84745762711864,0.36911487758945394,-0.15574387947269308,0.2335216572504708,0.19629464514396813,0.10734463276836158
A0A7Y2C242,421,101.40142517814725,0.4038004750593824,-0.043705463182897863,0.22802850356294535,-0.08894108333678111,0.10451306413301663
A0A7Y2J7R8,454,93.28193832599116,0.3920704845814978,-0.38810572687224687,0.2907488986784141,0.10420925174955584,0.07709251101321586
A0A7Y2N0I4,614,105.61889250814333,0.4087947882736157,0.04820846905537485,0.22475570032573292,0.08715017571890013,0.042345276872964174
A0A7Y2SLA6,743,120.2557200538358,0.458950201884253,0.6344549125168235,0.13055181695827725,-0.13262556527459096,0.11036339165545087
A0A7Y2US61,355,77.04225352112675,0.36338028169014086,-0.3521126760563379,0.23380281690140844,0.010219165181686122,0.08450704225352113
A0A7Y2W3V4,450,101.86666666666666,0.4266666666666667,-0.08888888888888874,0.24444444444444444,0.046576142041355136,0.044444444444444446
A0A7Y2ZC47,785,100.56050955414013,0.4152866242038216,-0.10318471337579618,0.22802547770700637,0.18009400150935517,0.08662420382165605
A0A7Y3F170,450,88.39999999999999,0.3866666666666667,-0.2322222222222221,0.26,0.05115252244738129,0.06666666666666667
A0A7Y3GAS3,607,73.16309719934102,0.4102141680395387,-0.4980230642504119,0.2652388797364086,0.13427876286244328,0.10543657331136738
A0A7Y3LJZ7,596,100.63758389261746,0.46140939597315433,-0.17466442953020123,0.27684563758389263,0.09925122882295895,0.06711409395973153
A0A7Y3P3I3,769,89.9219765929779,0.36280884265279584,-0.10260078023407024,0.15344603381014305,0.04346569378109026,0.07152145643693109
A0A7Y4XNE3,578,88.68512110726644,0.39446366782006925,-0.1858131487889273,0.19031141868512108,0.09342168516223515,0.09515570934256057
A0A7Y4Y962,504,86.90476190476191,0.39484126984126977,-0.31111111111111106,0.26190476190476186,0.05191779926549358,0.12896825396825395
A0A7Y4Z614,351,115.27065527065528,0.4415954415954416,0.19572649572649564,0.17094017094017094,-0.02802872360024364,0.11396011396011396
A0A7Y5F0N5,639,93.08294209702659,0.40062597809076683,-0.0987480438184663,0.19561815336463223,0.17324341618285508,0.081377151799687
A0A7Y5JIE9,496,77.23790322580646,0.3911290322580645,-0.3733870967741933,0.24798387096774194,0.0069488599553278255,0.10080645161290322
A0A7Y5K0D4,311,100.73954983922829,0.3987138263665595,0.15016077170418007,0.21543408360128616,0.08842190278253757,0.045016077170418
A0A7Y5KBG0,772,76.87823834196891,0.35621761658031087,-0.42927461139896383,0.23575129533678757,0.00944155623284158,0.11139896373056996
A0A7Y5N323,676,106.8491124260355,0.4289940828402367,0.34260355029585815,0.17455621301775148,-0.0434656937810903,0.11390532544378698
A0A7Y5VC97,514,72.21789883268482,0.39883268482490275,-0.45175097276264575,0.26459143968871596,0.08842190278253749,0.11673151750972763
A0A7Y6CFM5,513,102.02729044834307,0.38791423001949316,0.5791423001949317,0.09551656920077972,-0.017033339298780346,0.1539961013645224
A0A7Y6EXY2,487,81.88911704312115,0.379876796714579,-0.2926078028747433,0.2340862422997947,0.044967145516523116,0.10882956878850103
A0A7Y6X9T4,509,72.23968565815323,0.36738703339882123,-0.4410609037328094,0.24165029469548133,0.048691923899724446,0.08447937131630648
A0A7Y6ZTX8,725,78.19310344827586,0.36689655172413793,-0.3320000000000002,0.20965517241379308,0.06781974365699862,0.11586206896551723
A0A7Y7IY00,798,89.13533834586465,0.4348370927318296,-0.3555137844611531,0.2781954887218045,0.11703198668971201,0.06766917293233082
A0A7Y8DDE9,742,91.94070080862534,0.38814016172506743,-0.22870619946091647,0.20754716981132076,0.13469857389745624,0.0646900269541779
A0A7Y8K721,486,131.4814814814815,0.4156378600823046,0.9794238683127572,0.09670781893004116,-0.23608918873096668,0.1111111111111111
A0A7Y8VRQ9,377,56.896551724137936,0.29442970822281167,-0.6795755968169762,0.2891246684350133,-0.08635983067474823,0.09018567639257294
A0A7Y9F383,757,83.778071334214,0.3474240422721268,-0.16591809775429334,0.22060766182298547,0.364311831208189,0.059445178335535004
A0A7Y9KLD5,551,84.21052631578947,0.4156079854809437,-0.31143375680580765,0.2486388384754991,0.14505702531571246,0.10889292196007258
A0A7Y9RWF2,351,97.97720797720797,0.396011396011396,0.06467236467236442,0.22792022792022792,0.042403848553087264,0.022792022792022793
A0A7Z0IY25,429,76.82983682983682,0.3403263403263403,-0.27575757575757576,0.21678321678321677,0.08253488805521261,0.09557109557109557
A0A7Z0MP95,551,111.61524500907439,0.4337568058076225,0.19437386569872958,0.1996370235934664,0.09342168516223508,0.08711433756805809
A0A7Z0N8J8,672,119.1815476190476,0.40922619047619047,0.8748511904761904,0.10119047619047619,-0.12493873660829995,0.11011904761904762
A0A7Z1DVA2,612,125.58823529411765,0.434640522875817,0.6308823529411764,0.14379084967320263,0.11650556907143717,0.060457516339869274
A0A7Z1QQI5,393,91.0941475826972,0.4402035623409669,-0.35394402035623423,0.27735368956743,-0.11809931207799444,0.08396946564885496
A0A7Z2KTC9,451,68.47006651884702,0.3702882483370289,-0.5294900221729493,0.24833702882483372,0.09177037335564536,0.10864745011086474
A0A7Z2VSV2,476,101.38655462184873,0.453781512605042,-0.2052521008403363,0.23109243697478993,0.12493873660829985,0.09033613445378151
A0A7Z2XH16,665,80.51127819548873,0.3593984962406015,-0.2612030075187971,0.21954887218045116,0.1663314217665249,0.0887218045112782
A0A7Z7IWJ7,577,76.62045060658579,0.3102253032928943,-0.22599653379549395,0.1438474870017331,-0.11303951330859226,0.09532062391681109
A0A7Z7IY26,378,80.95238095238095,0.3306878306878307,-0.25793650793650785,0.19576719576719576,-0.02286288295950423,0.0582010582010582
A0A7Z7QXV2,662,101.79758308157099,0.38519637462235645,0.5854984894259817,0.1148036253776435,0.0,0.17069486404833836
A0A7Z9BT85,644,103.13664596273293,0.3990683229813664,-0.18369565217391307,0.2096273291925466,0.24054924828259971,0.07298136645962733
A0A7Z9HZ09,482,79.68879668049792,0.40041493775933606,-0.5068464730290455,0.23236514522821577,0.18563657696191155,0.10373443983402489
A0A800BK46,686,106.4139941690962,0.45335276967930027,0.019825072886297535,0.23906705539358603,0.031408464251624114,0.08309037900874636
A0A800INX2,441,80.74829931972788,0.3696145124716553,-0.24489795918367357,0.2222222222222222,9.64327466553287e-17,0.08390022675736962
A0A803TFF3,701,74.9928673323823,0.3708987161198288,-0.5614835948644794,0.23537803138373753,-0.0052011936858077845,0.10128388017118403
A0A804J8N5,498,100.06024096385542,0.39357429718875503,0.06726907630522083,0.2068273092369478,0.008272525965989857,0.07630522088353414
A0A804LW47,707,98.24611032531824,0.37765205091937765,0.0029702970297028064,0.1852899575671853,-0.019595556063380724,0.050919377652050915
A0A804NQX5,476,85.5252100840336,0.38235294117647056,-0.11680672268907583,0.24789915966386555,0.05799194697768673,0.07983193277310924
A0A806A8F6,622,109.40514469453375,0.39710610932475887,0.3025723472668809,0.17041800643086819,-0.2830566246520802,0.13344051446945338
A0A811N192,749,78.75834445927903,0.3818424566088117,-0.4572763684913217,0.22296395193591456,0.025705400234901855,0.08811748998664887
A0A811RI30,308,92.1103896103896,0.40259740259740256,-0.18214285714285716,0.24025974025974026,0.0687158123694598,0.08116883116883117
A0A811T7P2,369,90.59620596205961,0.45799457994579945,-0.3170731707317073,0.28184281842818426,0.0987541537064267,0.13550135501355012
A0A811YLC2,341,43.13782991202346,0.18475073313782994,-0.6090909090909092,0.2404692082111437,0.3245110915135041,0.017595307917888565
A0A812AWM4,574,142.64808362369337,0.5452961672473868,0.9343205574912891,0.05574912891986063,0.1549019599857431,0.16724738675958187
A0A812BDJ6,446,98.9237668161435,0.42152466367713004,-0.07668161434977572,0.22197309417040362,0.025807263606285432,0.09417040358744394
A0A812I965,602,81.99335548172758,0.37873754152823913,-0.2732558139534884,0.22591362126245848,0.06305174574708902,0.07973421926910298
A0A812QB29,640,66.890625,0.3140625,-0.5434375000000002,0.265625,-0.08103325090921827,0.084375
A0A812WLK2,772,81.99481865284974,0.3743523316062176,-0.2880829015544042,0.24481865284974094,0.004547627750720661,0.08808290155440415
A0A812ZW99,466,83.4763948497854,0.4206008583690987,-0.2566523605150217,0.22103004291845496,0.09133013562721974,0.1072961373390558
A0A812ZWB6,662,84.03323262839878,0.379154078549849,-0.10226586102719026,0.19184290030211482,0.10145764075877704,0.10574018126888217
A0A813HK27,799,99.22403003754692,0.39924906132665827,0.0821026282853567,0.19649561952440547,-0.02732312721123474,0.08010012515644556
A0A813SE13,713,72.55259467040672,0.36044880785413747,-0.8583450210378682,0.27489481065918653,0.0,0.07713884992987377
A0A813TFP5,346,84.5086705202312,0.3786127167630058,-0.5682080924855492,0.2601156069364162,-0.07572071393811841,0.08670520231213873
A0A813UH05,626,93.91373801916933,0.40415335463258784,-0.38578274760383385,0.23801916932907347,0.08656917966983754,0.10223642172523961
A0A813XW14,599,76.51085141903172,0.3589315525876461,-0.38046744574290503,0.18530884808013356,0.08482151340031756,0.09015025041736227
A0A814B2W8,668,101.58682634730538,0.4221556886227545,-0.20254491017964066,0.22005988023952094,0.09953415683420523,0.13323353293413173
A0A814IPI6,603,84.82587064676616,0.3681592039800995,-0.4071310116086238,0.18905472636815918,-0.04496714551652319,0.08955223880597016
A0A814YD54,476,80.67226890756302,0.3235294117647059,-0.1262605042016808,0.12184873949579833,0.057991946977686816,0.10294117647058823
A0A815S1H2,548,103.54014598540147,0.43795620437956206,-0.4448905109489051,0.2737226277372263,-0.05722667015957441,0.072992700729927
A0A815TY69,446,90.73991031390133,0.3901345291479821,-0.22623318385650237,0.2062780269058296,0.13033376849500614,0.11434977578475336
A0A816CZV4,381,105.22309711286088,0.35958005249343833,0.3740157480314962,0.16272965879265094,0.054357662322592676,0.05249343832020997
A0A816G0A4,691,87.49638205499276,0.3849493487698987,-0.3871201157742402,0.2301013024602026,-0.04860533343350136,0.0723589001447178
A0A816K9N1,782,77.41687979539643,0.3580562659846548,-0.7267263427109972,0.2519181585677749,0.013095298090147686,0.07544757033248081
A0A816KX35,444,70.0,0.3265765765765766,-0.5752252252252252,0.23873873873873871,-0.03218468337140124,0.06756756756756757
A0A816UTW5,305,91.54098360655738,0.3704918032786886,-0.15081967213114747,0.2032786885245902,-0.08167004645131958,0.06885245901639345
A0A816W7Y1,323,93.59133126934984,0.4272445820433436,-0.031888544891640724,0.19504643962848295,-0.1760912590556812,0.11764705882352941
A0A817NH52,617,85.3646677471637,0.3322528363047001,-0.4683954619124797,0.2560777957860616,0.032587367203591955,0.08914100486223663
A0A817QTE7,664,84.95481927710843,0.38102409638554213,-0.44081325301204827,0.2530120481927711,0.08199222338145319,0.10090361445783133
A0A818LL70,327,74.77064220183486,0.34862385321100914,-0.0996941896024463,0.16513761467889906,0.12493873660829992,0.15902140672782875
A0A818Q3D5,344,124.12790697674416,0.4738372093023256,0.5084302325581395,0.13372093023255816,-0.3424226808222063,0.1453488372093023
A0A819BKN8,694,85.53314121037462,0.42363112391930835,-0.5883285302593662,0.26512968299711814,0.018682212967754103,0.09077809798270894
A0A819LDX6,395,106.83544303797467,0.45569620253164556,0.19594936708860777,0.18227848101265826,-0.34584234008034354,0.1240506329113924
A0A819R6B3,526,83.59315589353612,0.37262357414448666,-0.3463878326996195,0.24714828897338403,0.052706350516002996,0.07604562737642585
A0A820A6N4,323,89.969040247678,0.35294117647058826,-0.0907120743034057,0.20123839009287928,0.17069622716897512,0.08668730650154799
A0A820NKP6,607,92.05930807248764,0.4316309719934102,-0.3800658978583196,0.24052718286655683,-0.023481095849522866,0.1400329489291598
A0A821BBD2,720,84.5,0.36388888888888893,-0.48888888888888893,0.22916666666666666,0.0364292656266749,0.09444444444444444
A0A821HW30,743,89.09825033647377,0.37415881561238223,-0.4707940780619111,0.23014804845222073,-0.015063746435875831,0.10363391655450875
A0A821RKN0,377,97.24137931034484,0.43501326259946954,-0.04164456233421737,0.22546419098143236,0.009984220906600923,0.06631299734748011
A0A821VYH6,332,55.8433734939759,0.3012048192771084,-1.0009036144578314,0.27409638554216864,-0.16057909287743377,0.06927710843373494
A0A821WEZ0,505,72.75247524752476,0.31485148514851485,-0.7267326732673264,0.23168316831683167,0.0365168338257625,0.06732673267326733
A0A822YTY6,523,97.97323135755258,0.4397705544933079,-0.302676864244742,0.2734225621414914,0.029963223377443202,0.05736137667304016
A0A826HWG9,604,111.7384105960265,0.4089403973509934,0.23658940397350992,0.16225165562913907,0.0,0.10927152317880795
A0A827EPM5,360,91.05555555555556,0.4166666666666667,-0.18666666666666665,0.2361111111111111,0.15126767533064905,0.07777777777777778
A0A828NG32,667,81.42428785607197,0.35982008995502246,-0.3184407796101949,0.22188905547226387,0.09300328967524749,0.08545727136431784
A0A829F3G5,498,77.3293172690763,0.41164658634538154,-0.5973895582329317,0.26706827309236947,0.14943906428424103,0.12650602409638556
A0A830BYR2,459,43.35511982570806,0.28104575163398693,-0.9568627450980393,0.2440087145969499,0.0,0.09368191721132899
A0A830D5H3,584,75.1541095890411,0.3715753424657534,-0.5285958904109591,0.2345890410958904,-0.06888128940781296,0.1232876712328767
A0A831LNQ6,668,82.41017964071857,0.3712574850299401,-0.24461077844311385,0.17365269461077842,0.07378621416091864,0.12574850299401197
A0A831XCP9,797,104.12797992471768,0.4090338770388958,0.3682559598494355,0.205771643663739,0.02093390683564298,0.06148055207026349
A0A831Y8I3,533,125.90994371482176,0.42401500938086306,0.8900562851782363,0.1200750469043152,-0.2717406195619937,0.06941838649155722
A0A832H5S8,559,130.14311270125225,0.39713774597495527,1.104114490161002,0.11449016100178891,-0.45974715865023974,0.16815742397137745
A0A832HZT6,605,99.52066115702479,0.456198347107438,-0.09669421487603314,0.2628099173553719,-0.08115981202971281,0.07768595041322314
A0A832UMK8,396,83.2070707070707,0.4494949494949495,-0.4916666666666665,0.34090909090909094,0.25428659212165494,0.09343434343434343
A0A833E3F1,548,100.36496350364963,0.47627737226277367,-0.3948905109489054,0.3302919708029197,-0.03324093313867919,0.10948905109489052
A0A833E9Y1,480,101.33333333333331,0.4520833333333333,-0.0641666666666667,0.2583333333333333,0.05522279105868219,0.0625
A0A833S342,712,72.3314606741573,0.3455056179775281,-0.5511235955056181,0.24016853932584273,-0.0452275399373769,0.06882022471910113
A0A833ZWM2,594,74.17508417508417,0.36195286195286197,-0.5107744107744108,0.24074074074074073,0.05398181246624554,0.04882154882154882
A0A834FL10,573,87.20767888307155,0.3787085514834206,-0.09895287958115173,0.22164048865619546,0.0202033860882869,0.08027923211169284
A0A834GVT9,352,93.92045454545455,0.39488636363636365,0.001136363636363602,0.23863636363636365,0.02020338608828699,0.10227272727272727
A0A834RIJ6,372,94.3010752688172,0.41935483870967744,-0.2798387096774194,0.2661290322580645,-0.025807263606285456,0.12903225806451613
A0A835ACU6,322,65.06211180124224,0.4285714285714286,-0.8751552795031059,0.30434782608695654,-0.017374096069422744,0.10869565217391305
A0A835DDS8,737,82.3066485753053,0.35685210312075977,-0.42252374491180494,0.24151967435549523,-0.11650556907143712,0.050203527815468114
A0A835EKY9,314,83.47133757961784,0.27070063694267515,0.07961783439490444,0.11464968152866242,-0.045757490560675115,0.06050955414012739
A0A835FT43,673,62.5111441307578,0.32540861812778604,-0.5897473997028233,0.2674591381872214,-0.05735280855195212,0.06537890044576522
A0A835GEZ5,680,72.22058823529412,0.3661764705882354,-0.7192647058823534,0.27941176470588236,-0.04527998146154896,0.0823529411764706
A0A835GS03,583,114.61406518010291,0.4099485420240137,0.6970840480274443,0.1269296740994854,0.0,0.10806174957118353
A0A836F0H0,489,85.91002044989776,0.39877300613496935,-0.2695296523517384,0.22903885480572594,0.04575749056067514,0.09202453987730061
A0A836G191,549,87.90528233151184,0.3642987249544627,-0.2136612021857923,0.20582877959927143,0.007553137890445908,0.10746812386156648
A0A836JE05,708,106.01694915254237,0.4293785310734463,0.2560734463276835,0.17372881355932204,-0.09066106373105488,0.1327683615819209
A0A836MFR2,653,102.64931087289433,0.39509954058192953,-0.17917304747320048,0.20826952526799386,-0.0377885608893998,0.08269525267993874
A0A836TH11,664,76.34036144578313,0.32379518072289154,-0.17424698795180726,0.16716867469879518,0.48226089437207353,0.08132530120481928
A0A837FCZ4,326,91.41104294478527,0.3803680981595092,-0.20920245398773016,0.2392638036809816,0.08715017571890028,0.07668711656441718
A0A837J9W0,311,104.95176848874598,0.44372990353697744,-0.42508038585208996,0.2990353697749196,-0.02743824834693957,0.11575562700964631
A0A837RJJ2,431,89.35034802784222,0.39211136890951276,-0.4150812064965194,0.2575406032482599,0.05387538078285457,0.10208816705336426
A0A838MNS3,527,104.23149905123338,0.3927893738140418,0.03984819734345335,0.22770398481973433,0.07135590853566819,0.04364326375711575
A0A839EDN8,712,91.40449438202246,0.3890449438202247,-0.19410112359550546,0.2345505617977528,0.09806659020799864,0.0702247191011236
A0A839F1R4,724,111.42265193370164,0.46823204419889497,0.06408839779005526,0.25138121546961323,-0.009441556232841607,0.06215469613259668
A0A840MSY4,690,116.11594202898551,0.4130434782608695,0.4163768115942028,0.20434782608695654,0.05473878957996489,0.052173913043478265
A0A840W5P9,408,126.00490196078431,0.45343137254901955,0.7936274509803921,0.1372549019607843,-0.05999792967528531,0.10049019607843138
A0A840YF94,363,98.31955922865014,0.41597796143250687,0.05785123966942135,0.22589531680440772,0.08297423506476392,0.05509641873278237
A0A841HZT2,525,81.52380952380953,0.3580952380952381,-0.17085714285714293,0.23047619047619047,0.07788677569462601,0.0761904761904762
A0A841PMB9,301,96.14617940199336,0.4551495016611296,-0.24053156146179422,0.2724252491694352,0.324511091513504,0.06976744186046512
A0A841RG06,355,95.29577464788731,0.48169014084507045,-0.3571830985915495,0.2788732394366197,0.04303463222520185,0.08169014084507042
A0A841TU72,471,62.31422505307855,0.38641188959660294,-0.4696390658174097,0.2229299363057325,0.18966406624495508,0.14012738853503184
A0A841YRY4,563,89.1474245115453,0.39253996447602135,-0.1753108348134992,0.2238010657193606,0.16481024864599217,0.08880994671403197
A0A842JI10,377,90.15915119363395,0.35809018567639256,0.04084880636604776,0.22811671087533156,0.3084540137431881,0.05305039787798409
A0A842QW24,337,84.74777448071217,0.40059347181008903,-0.4397626112759645,0.28189910979228483,0.1171133990963433,0.08902077151335311
A0A842SR91,595,90.28571428571429,0.3949579831932773,-0.3211764705882353,0.28403361344537814,0.025404579774094754,0.07563025210084034
A0A842T7X6,383,103.3420365535248,0.40731070496083543,-0.28433420365535267,0.26631853785900783,-0.23976033892505857,0.11488250652741513
A0A842UR65,458,97.0524017467249,0.4126637554585153,-0.1971615720524017,0.2423580786026201,0.03845825181917576,0.08078602620087336
A0A843YUP4,445,91.79775280898876,0.3842696629213483,-0.3235955056179776,0.21348314606741575,0.22902733424347982,0.08314606741573034
A0A844CE88,680,87.82352941176471,0.4102941176470588,-0.29338235294117654,0.26176470588235295,0.08715017571890013,0.09705882352941177
A0A845DYR3,598,80.80267558528426,0.37792642140468224,-0.4856187290969901,0.26254180602006694,0.5654310959658013,0.06521739130434782
A0A846P1C1,336,92.79761904761904,0.5089285714285715,-0.3997023809523809,0.29464285714285715,-0.20132708247175457,0.07142857142857142
A0A846R5P1,778,78.0719794344473,0.36503856041131105,-0.42544987146529545,0.20051413881748073,0.13296658962026714,0.13239074550128535
A0A846RWV1,375,89.43999999999998,0.41333333333333333,-0.0413333333333335,0.22666666666666668,0.17193529928452353,0.06666666666666667
A0A846X3R4,677,76.02658788774004,0.3353028064992614,-0.36794682422452,0.23485967503692762,0.026983489685593588,0.06351550960118169
A0A847BDX4,375,70.45333333333332,0.43466666666666665,-0.7906666666666669,0.29866666666666664,-0.1539769447651089,0.09866666666666667
A0A848CJU6,541,100.0554528650647,0.454713493530499,-0.25286506469500925,0.2975970425138632,0.03732432302381229,0.06469500924214418
A0A848ETQ3,455,124.8131868131868,0.4153846153846154,0.8476923076923075,0.11868131868131868,0.031034233739968817,0.12527472527472527
A0A848UKA6,458,86.72489082969432,0.4104803493449781,-0.22336244541484723,0.2336244541484716,0.07188200730612537,0.06331877729257641
A0A849AVE1,308,80.74675324675324,0.35389610389610393,-0.23798701298701297,0.2012987012987013,0.16481024864599217,0.08116883116883117
A0A849EB52,467,86.78800856531049,0.3447537473233404,-0.05417558886509638,0.20556745182012848,0.12493873660829999,0.0728051391862955
A0A849EPF8,692,87.42774566473989,0.3800578034682081,-0.06531791907514445,0.23121387283236994,0.053684858962776354,0.06213872832369942
A0A849FIW9,385,87.84415584415585,0.4103896103896104,-0.3831168831168829,0.25974025974025977,-0.13738355606255764,0.12207792207792208
A0A849G3Y1,639,67.52738654147105,0.36776212832550864,-0.4707355242566512,0.24256651017214398,0.1623029745700479,0.11580594679186229
A0A849HW95,731,77.86593707250343,0.33652530779753764,-0.2878248974008206,0.21751025991792064,0.07028753288764233,0.09302325581395349
A0A849Q3Z4,399,90.85213032581453,0.39849624060150374,-0.33508771929824566,0.2581453634085213,0.21085336531489318,0.09774436090225563
A0A849SUH4,395,92.32911392405063,0.3924050632911392,-0.1686075949367089,0.21265822784810126,9.64327466553287e-17,0.08607594936708861
A0A850ME83,674,91.32047477744807,0.40356083086053407,-0.46572700296735925,0.2596439169139466,0.054049761223624704,0.09198813056379822
A0A850NFK1,507,86.78500986193293,0.35502958579881655,-0.1439842209072978,0.22090729783037477,0.10720996964786846,0.0631163708086785
A0A850PGP3,556,106.67266187050359,0.4568345323741007,-0.013489208633093441,0.24100719424460432,0.10266234189714762,0.043165467625899276
A0A850TPF6,467,116.91648822269806,0.4025695931477516,0.7002141327623128,0.1070663811563169,-0.10067016188136314,0.11777301927194861
A0A850VTE3,516,94.88372093023256,0.39147286821705424,-0.2881782945736434,0.2616279069767442,0.10833947478883821,0.0562015503875969
A0A851IBI8,417,82.13429256594725,0.3645083932853717,-0.2551558752997602,0.24700239808153476,0.05799194697768673,0.09832134292565947
A0A851X6P9,719,60.90403337969401,0.301808066759388,-0.5702364394993046,0.2475660639777469,0.028963695935316558,0.04728789986091794
A0A851ZTD4,353,77.36543909348441,0.3824362606232295,-0.47223796033994336,0.2917847025495751,-0.04139268515822506,0.10764872521246459
A0A852CCC7,750,65.02666666666666,0.3066666666666667,-0.697066666666667,0.21466666666666667,0.10170889588982505,0.05733333333333333
A0A852DJS8,674,94.70326409495549,0.3916913946587537,-0.0716617210682493,0.22997032640949555,0.0055324885999610066,0.06973293768545995
A0A852HVE9,770,94.36363636363636,0.4168831168831169,-0.2597402597402598,0.2597402597402597,0.1211785877349931,0.07402597402597402
A0A852IPE1,739,89.71583220568336,0.38024357239512857,-0.299323410013532,0.2557510148849797,0.0500788643433177,0.07307171853856563
A0A852IT74,334,101.61676646706587,0.39221556886227543,-0.14491017964071867,0.25149700598802394,0.06069784035361173,0.041916167664670656
A0A852IZI8,770,71.75324675324674,0.3233766233766234,-0.3780519480519478,0.24025974025974026,0.03252922482691995,0.07142857142857142
A0A852JM59,485,89.5257731958763,0.3917525773195876,-0.16969072164948454,0.2329896907216495,0.4522976709946303,0.06391752577319587
A0A852KQK3,695,82.67625899280576,0.3971223021582734,-0.3319424460431655,0.2446043165467626,0.030311914268838884,0.08920863309352517
A0A852P2I6,726,81.50137741046832,0.3581267217630854,-0.46666666666666684,0.2727272727272727,-0.043465693781090414,0.081267217630854
A0A852PD00,723,109.0179806362379,0.4246196403872753,0.45034578146611326,0.1286307053941909,-0.045757490560675115,0.10373443983402489
A0A852PDE0,770,77.12987012987013,0.37922077922077924,-0.6489610389610392,0.28701298701298705,-0.1777147917198949,0.04025974025974026
A0A852QXS3,754,115.4111405835544,0.41909814323607425,0.6057029177718832,0.16445623342175064,0.09691001300805634,0.062334217506631304
A0A852UDN8,411,77.98053527980535,0.30900243309002434,-0.0980535279805353,0.1970802919708029,0.3409015077016734,0.07542579075425791
A0A852Z3A0,560,78.05357142857142,0.40535714285714286,-0.4435714285714284,0.26964285714285713,0.1432100326610256,0.07321428571428572
A0A853CDI3,705,108.99290780141845,0.3418439716312057,0.6167375886524822,0.13617021276595748,0.0710633558254453,0.060992907801418444
A0A855K5I2,530,94.22641509433961,0.3943396226415094,-0.2858490566037738,0.21509433962264152,0.014977155969652744,0.08867924528301888
A0A855Y178,725,77.21379310344827,0.4124137931034483,-0.39806896551724136,0.22482758620689655,0.1218695048806233,0.1310344827586207
A0A857J545,474,94.43037974683544,0.3924050632911392,-0.04852320675105465,0.2257383966244726,0.1040885976351798,0.05907172995780591
A0A859QUJ6,424,90.25943396226414,0.34669811320754723,-0.031839622641509524,0.20047169811320753,0.11041248341170351,0.0778301886792453
A0A871R153,717,84.17015341701534,0.397489539748954,-0.33556485355648535,0.2231520223152022,0.08606714652445688,0.10320781032078102
A0A8A1M7U4,747,76.11780455153949,0.37617135207496655,-0.5164658634538153,0.2583668005354752,0.139264591099703,0.06559571619812583
A0A8A4K6Q5,479,91.98329853862212,0.39457202505219213,-0.1970772442588725,0.19206680584551147,-0.0741017205183499,0.07515657620041753
A0A8B3TB53,759,74.25559947299078,0.380764163372859,-0.46706192358366294,0.2147562582345191,0.10046496722509934,0.14097496706192358
A0A8B6FLN3,332,76.89759036144578,0.3373493975903614,-0.46445783132530116,0.25,-0.010219165181685983,0.07228915662650602
A0A8B6ZSE2,380,80.02631578947368,0.37105263157894736,-0.3236842105263158,0.22368421052631576,-0.13076828026902382,0.02894736842105263
A0A8B7KFQ9,419,89.40334128878281,0.34128878281622915,-0.049880668257756555,0.20286396181384247,-0.009984220906600895,0.07159904534606205
A0A8B7NPE1,595,73.34453781512605,0.3411764705882353,-0.3181512605042017,0.23361344537815126,-0.05551732784983137,0.08907563025210083
A0A8B7NZZ3,535,81.81308411214953,0.38691588785046727,-0.16168224299065403,0.19065420560747665,0.2397603389250586,0.11401869158878505
A0A8B7RJF7,757,82.62879788639366,0.40290620871862615,-0.31809775429326287,0.24174372523117568,0.13728917499472923,0.10303830911492734
A0A8B8AJJ1,758,49.84168865435356,0.22823218997361477,-0.39313984168865423,0.20712401055408972,-0.13771302464472884,0.040897097625329816
A0A8B8C0D8,572,93.86363636363636,0.3793706293706294,-0.2980769230769232,0.23951048951048948,-0.006248949277001492,0.06643356643356643
A0A8B8CF95,589,73.446519524618,0.31918505942275044,-0.11731748726655361,0.15959252971137522,0.09080741402120258,0.05093378607809847
A0A8B8ET10,530,78.54716981132074,0.3830188679245283,-0.7122641509433962,0.34150943396226413,0.0047464350244616526,0.08867924528301886
A0A8B8K3R8,654,75.22935779816513,0.40214067278287463,-0.4457186544342509,0.24464831804281345,0.11868978733129851,0.1162079510703364
A0A8B8LUC9,587,69.96592844974445,0.31516183986371377,-0.720954003407155,0.2776831345826235,0.08980967259011736,0.04770017035775127
A0A8B8QJZ5,485,80.22680412371133,0.3752577319587629,-0.26000000000000006,0.23917525773195875,-0.0147232568207064,0.09484536082474226
A0A8B8UXR7,313,84.37699680511182,0.38338658146964855,-0.45782747603833845,0.25878594249201275,0.05238806945968822,0.10223642172523961
A0A8B8XB62,461,83.42733188720173,0.38177874186550975,-0.2891540130151843,0.20607375271149675,0.02687214640030133,0.10412147505422993
A0A8B8YDJ2,705,67.95744680851064,0.36028368794326243,-1.0660992907801419,0.37304964539007096,-0.07557712177879962,0.04397163120567376
A0A8B8Z5B7,498,80.80321285140562,0.39156626506024095,-0.430722891566265,0.22289156626506024,-0.21162958443467034,0.08634538152610441
A0A8B9G3N1,785,83.71974522292993,0.3770700636942675,-0.3113375796178346,0.24076433121019108,0.18939672583521838,0.08662420382165605
A0A8B9NCT8,362,84.00552486187846,0.36187845303867405,-0.13425414364640886,0.16298342541436464,0.1583624920952497,0.1270718232044199
A0A8B9S923,653,84.59418070444104,0.3797856049004595,-0.23797856049004573,0.22205206738131703,-0.017728766960431606,0.07350689127105667
A0A8B9TLP1,462,68.54978354978356,0.3354978354978355,-0.3922077922077923,0.18181818181818182,-0.22724378150306257,0.09740259740259741
A0A8B9XZN2,604,72.06953642384106,0.3774834437086093,-0.34801324503311276,0.2185430463576159,0.05191779926549366,0.10264900662251655
A0A8B9ZFG2,742,48.47708894878706,0.24393530997304583,-1.119946091644205,0.33423180592991913,0.05566577922092413,0.01482479784366577
A0A8C0CTM8,667,83.25337331334333,0.3853073463268366,-0.45412293853073465,0.2428785607196402,0.021189299069938092,0.07946026986506746
A0A8C0GJY8,686,82.1865889212828,0.36443148688046645,-0.5683673469387753,0.282798833819242,-0.04435427615123707,0.0553935860058309
A0A8C0KVN9,657,74.9923896499239,0.3105022831050228,-0.5981735159817352,0.1643835616438356,0.07918124604762482,0.0395738203957382
A0A8C0LM18,347,85.15850144092218,0.43227665706051877,-0.2118155619596542,0.19596541786743518,-0.07463361829690421,0.14121037463976943
A0A8C0QQP1,773,83.3764553686934,0.39456662354463135,-0.24747736093143585,0.222509702457956,-0.10028100909376289,0.07632600258732213
A0A8C1CY10,655,61.51145038167939,0.3022900763358779,-0.44122137404580164,0.26106870229007634,0.10595814198545361,0.13893129770992368
A0A8C1HSK5,574,78.69337979094075,0.37630662020905925,-0.7329268292682927,0.24912891986062718,-0.005990363689187367,0.03135888501742161
A0A8C1LZD3,640,75.421875,0.375,-0.425625,0.23906249999999998,-0.005603877517998511,0.10625000000000001
A0A8C1SMC1,420,78.5,0.3619047619047619,-0.46595238095238095,0.2785714285714286,0.2005650284388818,0.06428571428571428
A0A8C1UCZ1,729,70.49382716049382,0.3580246913580247,-0.5397805212620027,0.23319615912208505,-0.1323123344770941,0.06172839506172839
A0A8C1UT51,481,87.73388773388774,0.39501039501039503,-0.15592515592515588,0.20374220374220375,-0.017374096069422692,0.07276507276507277
A0A8C1WQX0,415,98.19277108433735,0.38554216867469876,0.2633734939759035,0.1566265060240964,0.11738559871785405,0.13012048192771086
A0A8C1WTM8,482,95.97510373443984,0.40041493775933606,0.11078838174273842,0.2012448132780083,-0.1326255652745909,0.15352697095435686
A0A8C2GUK5,706,77.05382436260622,0.4475920679886686,-0.8467422096317283,0.3413597733711048,-0.05368485896277636,0.06940509915014165
A0A8C2KFQ4,549,73.62477231329692,0.37340619307832423,-0.31985428051001835,0.17122040072859745,0.0,0.09836065573770492
A0A8C2SIH2,527,117.72296015180265,0.4155597722960152,0.5015180265654647,0.12903225806451613,-0.3103700219181245,0.07020872865275142
A0A8C2W692,364,66.48351648351648,0.36813186813186816,-0.75,0.28846153846153844,0.1391791757229102,0.06593406593406594
A0A8C3AHV2,534,78.89513108614233,0.39700374531835203,-0.3722846441947565,0.24719101123595505,0.07799302510968888,0.11235955056179775
A0A8C3C3G1,729,79.67078189300412,0.3799725651577504,-0.34567901234567927,0.22908093278463648,0.025705400234901764,0.08504801097393691
A0A8C3CQ69,603,89.3698175787728,0.41459369817578773,-0.12786069651741278,0.22388059701492538,0.09548375727002434,0.0845771144278607
A0A8C3CXW1,770,56.27272727272727,0.33506493506493507,-1.0301298701298698,0.3155844155844156,0.060366444319291675,0.05064935064935065
A0A8C3FEE5,658,62.142857142857146,0.32370820668693007,-0.9955927051671734,0.3161094224924012,-0.09133013562721985,0.04559270516717325
A0A8C3FM48,502,78.86454183266932,0.37649402390438247,-0.3834661354581674,0.2589641434262948,0.039508541283673565,0.0856573705179283
A0A8C3GKB5,626,99.1373801916933,0.3961661341853035,-0.32044728434504793,0.2523961661341853,0.010857927588208286,0.04153354632587859
A0A8C3GXV9,785,85.88535031847132,0.35286624203821654,-0.32089171974522296,0.2318471337579618,-0.018885344160373765,0.06878980891719745
A0A8C3JUA0,755,64.88741721854305,0.3125827814569536,-0.6456953642384108,0.2317880794701987,0.02454294107752592,0.05033112582781457
A0A8C3N4S2,550,114.41818181818182,0.44727272727272727,0.4314545454545454,0.13454545454545455,-0.20969986003676144,0.10727272727272727
A0A8C3NMH8,320,68.46874999999999,0.36875,-0.49531250000000004,0.24375,-0.021719249693236208,0.034375
A0A8C3SM28,568,88.75,0.4031690140845071,-0.10158450704225325,0.20422535211267606,-0.014723256820706349,0.1056338028169014
A0A8C3YDA7,667,84.31784107946025,0.3868065967016492,-0.47196401799100435,0.3073463268365817,0.06305174574708902,0.07496251874062969
A0A8C4E225,618,98.88349514563106,0.41585760517799353,0.016828478964401206,0.20550161812297735,-0.0606978403536117,0.08737864077669902
A0A8C4EP01,729,91.04252400548697,0.4224965706447188,-0.41659807956104233,0.2839506172839506,0.01246864055959803,0.08916323731138545
A0A8C4GXB4,513,85.4970760233918,0.4171539961013645,-0.34230019493177394,0.22807017543859648,-0.02190184144782978,0.1189083820662768
A0A8C4HZ07,602,82.59136212624584,0.393687707641196,-0.3624584717607976,0.2408637873754153,-0.04139268515822506,0.09136212624584718
A0A8C4N149,653,59.63246554364472,0.32924961715160794,-0.8016845329249614,0.23124042879019907,-0.039767126871487694,0.053598774885145486
A0A8C4T9P3,420,80.52380952380952,0.3761904761904762,-0.33904761904761904,0.28095238095238095,-0.0434656937810903,0.08333333333333334
A0A8C4UN20,509,82.14145383104126,0.3732809430255402,-0.16444007858546172,0.21414538310412573,0.10219560946974017,0.11984282907662082
A0A8C4WKP3,408,85.56372549019606,0.38235294117647056,-0.2605392156862745,0.20833333333333334,0.029963223377443202,0.10049019607843138
A0A8C4ZH39,793,77.83102143757881,0.3593947036569987,-0.43518284993694845,0.23076923076923078,0.004695121208379868,0.07566204287515763
A0A8C4ZXU7,704,56.94602272727272,0.2585227272727273,-0.6703125000000001,0.16051136363636365,0.052936075187798574,0.05539772727272727
A0A8C5AQL8,761,82.31274638633376,0.35873850197109064,-0.2272010512483574,0.18396846254927726,-0.048986460690873625,0.07752956636005257
A0A8C5CEP1,430,74.13953488372094,0.3906976744186047,-0.5686046511627905,0.25813953488372093,-0.0538753807828546,0.10465116279069767
A0A8C5GK41,412,79.29611650485437,0.3689320388349514,-0.39368932038834953,0.22572815533980584,-0.009143379439869771,0.09951456310679611
A0A8C5J1G9,341,70.32258064516128,0.3313782991202346,-0.46950146627566,0.24046920821114368,-0.18905623622004886,0.0967741935483871
A0A8C5PBL5,694,77.0028818443804,0.35446685878962536,-0.409077809798271,0.22334293948126804,0.1394974567792249,0.1037463976945245
A0A8C5QNV2,491,79.85743380855396,0.38492871690427694,-0.3696537678207741,0.27087576374745415,-0.04507837473518811,0.07739307535641547
A0A8C5R0Z1,612,80.11437908496731,0.39215686274509803,-0.3276143790849674,0.23039215686274508,0.0182248201061991,0.10130718954248366
A0A8C5XHM8,528,61.23106060606061,0.40151515151515155,-1.2770833333333333,0.40151515151515155,0.1642844683373383,0.0625
A0A8C5XTZ2,596,64.12751677852349,0.3640939597315436,-0.7338926174496644,0.25671140939597314,-0.05049099226326079,0.08221476510067113
A0A8C6ANK7,724,81.24309392265194,0.37569060773480656,-0.42748618784530373,0.22928176795580113,0.04139268515822508,0.07734806629834254
A0A8C6BQB8,781,74.90396927016646,0.3905249679897567,-0.5439180537772087,0.27784891165172854,0.02777257821864943,0.09090909090909091
A0A8C6H1L0,765,88.15686274509804,0.4091503267973856,-0.5133333333333333,0.2797385620915033,0.02413367971671937,0.07450980392156863
A0A8C6IPA5,564,80.63829787234043,0.3900709219858156,-0.10407801418439727,0.2092198581560284,0.028963695935316558,0.11347517730496454
A0A8C6KRA1,362,79.14364640883977,0.4281767955801105,-0.4069060773480664,0.24861878453038672,0.018885344160373813,0.1408839779005525
A0A8C6NX84,486,99.77366255144034,0.38271604938271603,-0.1650205761316872,0.257201646090535,0.047923552317182726,0.04526748971193416
A0A8C6Q484,510,90.6078431372549,0.3862745098039216,-0.2635294117647058,0.2019607843137255,0.057991946977686816,0.08431372549019608
A0A8C6UB89,652,89.75460122699387,0.3987730061349693,-0.0932515337423313,0.22392638036809814,0.13007837626071098,0.06441717791411043
A0A8C6YTT5,311,83.31189710610933,0.3858520900321543,-0.4652733118971063,0.2733118971061093,-0.11041248341170351,0.0932475884244373
A0A8C7A0V8,479,84.27974947807934,0.4237995824634655,-0.4620041753653445,0.27139874739039666,0.13262556527459096,0.07933194154488518
A0A8C7C299,695,74.27338129496404,0.32661870503597124,-0.23122302158273395,0.22158273381294963,0.01113636611795956,0.09352517985611511
A0A8C7FF73,469,109.59488272921108,0.3901918976545842,0.6083155650319829,0.1535181236673774,-9.643274665532872e-17,0.10021321961620469
A0A8C7M2Q6,548,87.73722627737226,0.35218978102189785,0.20328467153284674,0.15693430656934307,-0.15970084286751185,0.10583941605839417
A0A8C7VI62,447,55.391498881431765,0.34228187919463093,-0.7993288590604025,0.22818791946308725,0.06694678963061315,0.11185682326621924
A0A8C7XUG9,430,85.88372093023257,0.3813953488372093,-0.2811627906976746,0.22790697674418606,0.12240640009290484,0.07441860465116279
A0A8C7YYC9,392,74.87244897959184,0.35459183673469385,-0.5275510204081632,0.25765306122448983,-0.008433167536862813,0.07397959183673469
A0A8C7ZCM1,583,71.74957118353345,0.3241852487135506,-0.4435677530017154,0.22298456260720415,-0.06592851370830832,0.06174957118353344
A0A8C8GGB0,607,77.69357495881384,0.4052718286655684,-0.5545304777594727,0.2586490939044481,-0.027323127211234793,0.10543657331136738
A0A8C8HHK3,696,82.80172413793103,0.3850574712643678,-0.21020114942528734,0.23132183908045978,0.06942140875846858,0.07183908045977011
A0A8C8SK26,537,82.23463687150839,0.3445065176908752,-0.12867783985102416,0.1750465549348231,0.10914446942506809,0.09124767225325885
A0A8C8VHK4,658,101.99088145896656,0.3890577507598785,-0.04422492401215816,0.17477203647416414,0.05202900000401,0.07750759878419453
A0A8C8VVS2,799,93.81727158948686,0.42553191489361697,-0.513892365456821,0.32290362953692114,-0.06694678963061322,0.06007509386733417
A0A8C9CD68,784,63.89030612244898,0.3252551020408163,-0.5487244897959181,0.23596938775510204,0.05115252244738129,0.04081632653061225
A0A8C9CJG7,720,74.01388888888889,0.3347222222222222,-0.5865277777777776,0.2569444444444444,0.023229840718474823,0.05138888888888889
A0A8C9DBN2,726,66.40495867768594,0.3071625344352617,-0.7075757575757575,0.28236914600550966,0.19188552623891322,0.07162534435261708
A0A8C9DXH7,553,62.857142857142854,0.32549728752260393,-0.9808318264014467,0.32368896925858953,-0.18009400150935517,0.04159132007233273
A0A8C9E3S0,463,64.40604751619871,0.3174946004319654,-0.4904967602591793,0.1900647948164147,-0.05799194697768681,0.09071274298056156
A0A8C9EVJ7,605,115.80165289256199,0.41487603305785126,0.5000000000000001,0.1619834710743802,-0.08715017571890014,0.10743801652892562
A0A8C9F392,493,80.12170385395537,0.3711967545638945,-0.2241379310344827,0.22718052738336714,0.06105396540997798,0.08519269776876268
A0A8C9FM09,352,104.77272727272727,0.3977272727272727,0.5008522727272727,0.11647727272727273,-0.14266750356873156,0.15340909090909088
A0A8C9I8L9,688,92.03488372093022,0.4549418604651163,-0.49026162790697675,0.2994186046511628,0.10067016188136323,0.0755813953488372
A0A8C9LHE3,612,72.64705882352939,0.41503267973856206,-0.778267973856209,0.27941176470588236,0.1573418230428423,0.1045751633986928
A0A8C9M6L1,394,82.15736040609137,0.38578680203045684,-0.37030456852791893,0.2131979695431472,0.04042865705560822,0.09898477157360405
A0A8C9MES7,361,61.93905817174515,0.33518005540166207,-0.6634349030470916,0.1994459833795014,-0.046996562676223555,0.05263157894736842
A0A8C9RLX8,729,82.68861454046639,0.4142661179698217,-0.3426611796982166,0.24554183813443073,0.09151498112135031,0.13031550068587106
A0A8C9RZW2,470,71.57446808510637,0.3829787234042553,-0.5953191489361702,0.30851063829787234,0.06511817858420514,0.11063829787234042
A0A8C9SUD9,798,84.82456140350875,0.3934837092731829,-0.4319548872180448,0.2832080200501253,0.07638834586345472,0.05639097744360902
A0A8C9WCL7,485,89.23711340206184,0.38556701030927837,-0.04783505154639178,0.1958762886597938,0.02687214640030133,0.08865979381443298
A0A8C9WW63,605,74.0,0.36363636363636365,-0.7884297520661159,0.27768595041322314,-0.15490195998574322,0.0628099173553719
A0A8C9ZDM9,604,108.14569536423842,0.413907284768212,0.037748344370860804,0.2119205298013245,0.026734253247244728,0.05629139072847682
A0A8D0C8Z1,617,89.27066450567261,0.3630470016207455,-0.1609400324149109,0.23500810372771475,0.04139268515822508,0.06969205834683954
A0A8D0LB21,548,61.259124087591246,0.34124087591240876,-0.9565693430656934,0.32116788321167883,-0.10790539730951952,0.06386861313868614
A0A8D0MP65,663,54.977375565610856,0.26395173453996984,-0.7935143288084466,0.1809954751131222,9.64327466553287e-17,0.06485671191553545
A0A8D1XI39,550,92.38181818181816,0.3963636363636364,0.09509090909090903,0.1690909090909091,0.027438248346939614,0.1272727272727273
A0A8D2D976,748,73.30213903743315,0.35427807486631013,-0.4601604278074868,0.24197860962566847,0.09050752139892589,0.09358288770053474
A0A8D2DFD8,695,87.59712230215828,0.4201438848920863,-0.3280575539568347,0.25611510791366904,-0.01930515519538653,0.09064748201438849
A0A8D2DQK2,551,111.61524500907439,0.455535390199637,0.4889292196007259,0.1542649727767695,0.029963223377443202,0.13611615245009073
A0A8D2JQ40,691,80.60781476121562,0.3589001447178003,-0.49753979739507953,0.2272069464544139,0.005462895701502187,0.04196816208393632
A0A8D2JT30,632,60.50632911392405,0.33544303797468356,-0.8159810126582279,0.2721518987341772,0.03996329994501973,0.061708860759493674
A0A8D2L8Q8,550,93.38181818181818,0.4254545454545454,-0.10109090909090901,0.22363636363636363,-0.06264680913788913,0.10363636363636364
A0A8D2LIH7,681,79.11894273127753,0.38032305433186486,-0.5048458149779735,0.2408223201174743,-0.02093390683564296,0.05726872246696035
A0A8D4VSW9,782,107.14833759590792,0.39641943734015345,0.25063938618925824,0.18797953964194372,0.017490732160335427,0.06521739130434782
A0A8D8LRA0,551,95.7168784029038,0.4065335753176043,-0.24736842105263168,0.2595281306715064,0.13894945105111461,0.045372050816696916
A0A8D8T3R9,359,76.54596100278552,0.41504178272980496,-0.5286908077994433,0.2674094707520891,0.10689423391465742,0.0807799442896936
A0A8E0QVI1,512,92.265625,0.353515625,-0.12070312500000008,0.205078125,-0.07323191353442361,0.07421875
A0A8E0SAC7,504,88.96825396825396,0.4087301587301587,-0.4474206349206348,0.29563492063492064,0.08656917966983754,0.09523809523809523
A0A8E2DYW8,779,88.66495507060334,0.3812580231065469,0.06521181001283699,0.1643132220795892,-0.026734253247244655,0.13222079589216945
A0A8E2F251,643,63.98133748055987,0.32659409020217733,-0.8185069984447902,0.27216174183514774,-0.1537104791783245,0.05287713841368585
A0A8E6M8P4,339,98.05309734513273,0.4483775811209439,-0.31917404129793503,0.26843657817109146,0.009340026254143527,0.08259587020648967
A0A8F1WIA9,375,73.09333333333333,0.33599999999999997,-0.3802666666666669,0.24,-4.8216373327664354e-17,0.12266666666666667
A0A8F2ZXF4,651,81.09062980030721,0.40092165898617516,-0.3682027649769586,0.21505376344086022,0.11069829749368978,0.10752688172043011
A0A8F8CK42,544,90.60661764705881,0.4117647058823529,-0.0676470588235294,0.2297794117647059,0.11696980693702468,0.08823529411764706
A0A8G1ZW83,652,86.11963190184049,0.42484662576687116,-0.31978527607361934,0.25,0.1218695048806233,0.05674846625766872
A0A8G2HVF1,774,93.60465116279069,0.4043927648578811,-0.1905684754521964,0.23255813953488375,0.11521013341473081,0.049095607235142114
A0A8H2ZNM2,702,90.92592592592594,0.405982905982906,-0.3262108262108262,0.26495726495726496,0.018483405694013227,0.045584045584045586
A0A8H3A491,709,97.36248236953455,0.4118476727785613,-0.12115655853314528,0.21015514809590974,-0.040294594859172986,0.09026798307475317
A0A8H3AZ98,693,77.97979797979797,0.3708513708513709,-0.5083694083694084,0.27994227994227994,0.026597768493794798,0.06204906204906205
A0A8H3B1J5,613,103.4584013050571,0.38009787928221855,0.35513866231647623,0.15171288743882547,-0.045757490560675115,0.0864600326264274
A0A8H3HWU4,522,74.69348659003832,0.3256704980842912,-0.1105363984674329,0.12835249042145594,0.037788560889399754,0.10344827586206896
A0A8H3QPM2,482,76.47302904564314,0.4087136929460581,-0.43609958506224067,0.3132780082987552,0.017033339298780276,0.09751037344398339
A0A8H3TP77,641,87.26989079563184,0.3666146645865835,-0.20889235569422782,0.23868954758190325,0.06174559594480541,0.0686427457098284
A0A8H3VZP2,488,74.01639344262294,0.33401639344262296,-0.33217213114754096,0.22950819672131148,0.030489322147900264,0.05327868852459017
A0A8H3YGW0,794,83.28715365239294,0.3904282115869017,-0.21738035264483618,0.25692695214105793,0.04219767979445489,0.06926952141057935
A0A8H3ZS89,789,75.55133079847909,0.34980988593155893,-0.44233206590621044,0.22813688212927757,0.0,0.06717363751584284
A0A8H3ZTN7,694,71.87319884726226,0.34005763688760804,-0.45504322766570593,0.2276657060518732,-0.08715017571890027,0.07492795389048992
A0A8H4F4Q0,727,81.44429160935351,0.3727647867950481,-0.5601100412654741,0.2668500687757909,0.03547231816221886,0.08665749656121045
A0A8H4JB73,740,52.32432432432432,0.23108108108108108,-0.7598648648648646,0.1662162162162162,0.10473535052001298,0.07162162162162163
A0A8H4KVM4,736,92.82608695652175,0.3967391304347826,-0.2657608695652176,0.24456521739130438,0.09583635490399275,0.0625
A0A8H4NX16,585,58.39316239316239,0.3333333333333333,-0.8282051282051281,0.26495726495726496,0.10563358141291328,0.06837606837606838
A0A8H4R9S6,595,67.88235294117648,0.32268907563025206,-0.5926050420168067,0.2134453781512605,-0.10145764075877703,0.052100840336134456
A0A8H4RK32,534,99.9625468164794,0.3745318352059925,0.5732209737827715,0.1348314606741573,0.07058107428570728,0.11985018726591759
A0A8H4VJC8,649,88.55161787365178,0.4021571648690293,-0.33497688751926025,0.24807395993836673,0.13427876286244336,0.07550077041602465
A0A8H4X7R1,741,57.665317139001345,0.31039136302294196,-0.7533063427800271,0.2550607287449393,-0.02274312713855987,0.05398110661268556
A0A8H4YKZ2,348,77.78735632183907,0.382183908045977,-0.4229885057471263,0.28448275862068967,-0.025807263606285557,0.09195402298850575
A0A8H5CJW1,696,93.433908045977,0.39655172413793105,0.04985632183908034,0.1910919540229885,0.09691001300805642,0.08764367816091953
A0A8H5EWS8,487,91.62217659137578,0.3839835728952772,-0.08829568788501019,0.1971252566735113,0.05324551195322513,0.08829568788501027
A0A8H5EYV2,647,86.42967542503864,0.35548686244204025,-0.23168469860896446,0.2349304482225657,0.0,0.05718701700154559
A0A8H5JRN3,389,77.22365038560412,0.377892030848329,-0.3845758354755784,0.21079691516709512,0.10389613386872251,0.10282776349614396
A0A8H5JWC8,619,64.44264943457189,0.3344103392568659,-0.6140549273021001,0.22617124394184165,-0.048986460690873625,0.07269789983844913
A0A8H5KJV7,546,106.0989010989011,0.40476190476190477,0.6509157509157508,0.13553113553113552,-0.04575749056067517,0.15567765567765568
A0A8H5LCZ1,662,84.74320241691844,0.3761329305135952,-0.3867069486404834,0.2190332326283988,0.0770151842911172,0.08459214501510573
A0A8H5MQM1,595,53.78151260504202,0.35462184873949576,-1.4581512605042015,0.38823529411764707,-0.06348625752110666,0.021848739495798318
A0A8H5S223,705,86.59574468085106,0.36028368794326243,-0.2299290780141845,0.20851063829787236,0.017490732160335427,0.07659574468085106
A0A8H5SMY9,386,78.860103626943,0.3445595854922279,-0.2826424870466322,0.2150259067357513,0.1974894037569117,0.08808290155440415
A0A8H5XD81,393,79.64376590330788,0.36386768447837153,-0.40432569974554705,0.27989821882951654,0.12493873660829999,0.06615776081424937
A0A8H5XU97,501,90.55888223552896,0.3612774451097805,-0.1007984031936126,0.20958083832335328,0.089610774266557,0.07784431137724551
A0A8H6BXH8,778,74.17737789203085,0.36118251928020567,-0.7347043701799487,0.26092544987146526,0.046652021220704866,0.12082262210796915
A0A8H6CGJ2,364,86.73076923076923,0.35714285714285715,0.09423076923076912,0.10164835164835165,-0.06694678963061322,0.13736263736263737
A0A8H6D7T4,663,80.03016591251885,0.3604826546003017,-0.2087481146304676,0.21266968325791855,0.0791812460476249,0.08295625942684767
A0A8H6FP59,490,79.36734693877551,0.3755102040816326,-0.3914285714285715,0.21428571428571427,-0.00811789022217945,0.0836734693877551
A0A8H6QG12,551,106.02540834845735,0.3811252268602541,-0.02159709618874761,0.19782214156079853,0.11809931207799448,0.043557168784029036
A0A8H6UYC5,314,86.3375796178344,0.4076433121019108,-0.4611464968152868,0.27070063694267515,0.009984220906600923,0.07006369426751592
A0A8H6VUI4,774,85.74935400516796,0.3695090439276486,-0.33346253229974154,0.20801033591731266,-0.16722779872437624,0.06459948320413436
A0A8H6ZUV1,486,61.06995884773663,0.31687242798353915,-0.7483539094650205,0.26337448559670784,0.26152145438030755,0.05761316872427984
A0A8H7B3Z3,604,89.38741721854304,0.4221854304635761,-0.25678807947019877,0.23841059602649006,0.19351515097242145,0.09602649006622517
A0A8H7D2V5,331,67.79456193353474,0.4108761329305136,-1.0283987915407855,0.3716012084592145,0.1188645888961068,0.0634441087613293
A0A8H7P656,553,111.21157323688968,0.3924050632911393,0.7332730560578662,0.11392405063291139,-0.04011722320798246,0.11211573236889694
A0A8H7P8H1,506,88.87351778656127,0.3992094861660079,-0.2956521739130436,0.25494071146245056,0.046457401239001404,0.07707509881422925
A0A8H7R8R9,562,71.49466192170819,0.2402135231316726,-0.0587188612099645,0.13523131672597866,-0.06694678963061317,0.08540925266903915
A0A8H7RYI3,508,84.68503937007873,0.3779527559055118,-0.22795275590551184,0.24803149606299213,0.04074496769005936,0.08464566929133858
A0A8H7W8H5,590,84.06779661016948,0.3186440677966102,-0.0013559322033898646,0.11864406779661016,0.3010299956639811,0.06949152542372881
A0A8H7XM68,627,80.51036682615629,0.3923444976076555,-0.40558213716108454,0.2583732057416268,-0.010593073497424188,0.09569377990430622
A0A8H7XYZ3,358,100.3072625698324,0.388268156424581,-0.0748603351955307,0.17597765363128492,0.06694678963061323,0.06983240223463687
A0A8H7Y2D4,402,69.17910447761194,0.3109452736318408,-0.5335820895522387,0.26119402985074625,-0.008117890222179498,0.10696517412935323
A0A8H8D8F4,723,72.51728907330566,0.32918395573997233,-0.5788381742738589,0.24481327800829877,0.15195757933896187,0.08713692946058091
A0A8H8N579,724,82.73480662983425,0.4212707182320442,-0.44709944751381214,0.255524861878453,-0.032529224826920014,0.0925414364640884
A0A8H8NDF1,787,79.66963151207116,0.38627700127064796,-0.5576874205844982,0.2617534942820839,-0.01670569350285273,0.09783989834815757
A0A8H8RH92,386,76.29533678756475,0.4119170984455958,-0.7466321243523313,0.28756476683937826,0.1316721192672683,0.06994818652849741
A0A8H8RXW0,756,85.21164021164022,0.37962962962962965,-0.6757936507936503,0.32936507936507936,-0.038090049608139394,0.05026455026455026
A0A8H8Z692,515,98.60194174757282,0.37669902912621356,-0.04446601941747569,0.2058252427184466,0.09691001300805642,0.04271844660194175
A0A8H9GVM3,724,78.32872928176795,0.3314917127071823,-0.2678176795580111,0.21132596685082872,0.10701033991238225,0.04143646408839779
A0A8H9XJW3,452,80.33185840707964,0.38495575221238937,-0.2075221238938053,0.26327433628318586,0.13752786391632046,0.10398230088495575
A0A8I0E3Z0,719,103.18497913769123,0.4297635605006954,0.1853963838664813,0.18776077885952713,-0.0571428861365687,0.09179415855354658
A0A8I0GN03,788,88.40101522842639,0.35532994923857864,-0.0404822335025381,0.20304568527918782,-0.03218468337140124,0.06725888324873097
A0A8I0GSP4,646,87.26006191950464,0.3715170278637771,-0.17972136222910207,0.24613003095975233,0.059437187851867614,0.06037151702786377
A0A8I0MK81,346,88.26589595375722,0.3988439306358381,-0.29710982658959545,0.1936416184971098,0.037788560889399844,0.08959537572254335
A0A8I0S7X6,628,94.29936305732483,0.4171974522292993,-0.21146496815286658,0.23885350318471338,0.0802290016388186,0.05573248407643312
A0A8I1NF93,576,65.13888888888889,0.34374999999999994,-0.6225694444444445,0.24131944444444445,-0.01848340569401313,0.10590277777777779
A0A8I1NZX6,617,93.9546191247974,0.3873581847649919,0.0008103727714748876,0.2188006482982172,0.14721513131945216,0.07617504051863858
A0A8I2YKV7,618,86.27831715210355,0.40291262135922334,-0.20064724919093846,0.23462783171521037,0.19836765376683355,0.09870550161812297
A0A8I5N5P5,759,76.06060606060605,0.3451910408432148,-0.42358366271409753,0.20421607378129117,0.03875258899201662,0.06324110671936758
A0A8I7BFX4,510,90.54901960784314,0.40392156862745093,-0.046666666666666745,0.22941176470588237,0.1100714590660273,0.09607843137254901
A0A8J0TQ58,333,77.02702702702702,0.35435435435435436,-0.45645645645645655,0.24924924924924924,-0.07169322465507487,0.06906906906906907
A0A8J0UPB8,642,95.607476635514,0.38006230529595014,0.2439252336448598,0.16355140186915887,-0.05690485133647262,0.11838006230529594
A0A8J0V735,682,75.48387096774192,0.3489736070381232,-0.45850439882697946,0.23020527859237538,0.016390416188169384,0.08944281524926687
A0A8J1LSE8,727,91.62310866574965,0.4099037138927098,-0.24800550206327376,0.2517193947730399,-0.004695121208379892,0.07840440165061899
A0A8J1MF63,712,79.07303370786516,0.3862359550561798,-0.6342696629213483,0.273876404494382,0.004409118905055112,0.07584269662921347
A0A8J2AXV9,680,78.63235294117646,0.35147058823529415,-0.28205882352941175,0.22647058823529412,0.022276394711152298,0.08676470588235294
A0A8J2MLC2,436,78.66972477064222,0.4128440366972478,-0.5006880733944955,0.2729357798165138,0.007178584627123377,0.10779816513761468
A0A8J2RXT7,710,48.014084507042256,0.24788732394366197,-0.22028169014084506,0.10985915492957746,0.36797678529459443,0.1295774647887324
A0A8J2SET9,424,69.41037735849056,0.3160377358490566,-0.6761792452830188,0.27358490566037735,-0.05897785995933786,0.04481132075471698
A0A8J2XBJ7,378,93.38624338624338,0.3968253968253968,-0.7047619047619047,0.37037037037037035,0.2120889123272001,0.021164021164021163
A0A8J2XSS2,516,72.90697674418605,0.3275193798449613,-0.36744186046511645,0.17054263565891473,0.09691001300805642,0.12790697674418605
A0A8J3KSS9,355,122.16901408450704,0.4140845070422535,0.7549295774647888,0.12112676056338029,-0.09691001300805646,0.0676056338028169
A0A8J3Z8T0,442,123.91402714932127,0.45022624434389136,0.81289592760181,0.12895927601809953,-0.13353890837021756,0.07239819004524888
A0A8J4ADT7,400,86.875,0.3475,0.14974999999999994,0.15999999999999998,-0.3010299956639812,0.08499999999999999
A0A8J4FND6,496,77.6008064516129,0.29032258064516125,-0.1332661290322581,0.14919354838709675,0.04575749056067514,0.03024193548387097
A0A8J4GEK6,410,62.073170731707314,0.3170731707317073,-0.533658536585366,0.20975609756097563,-0.1191864077192087,0.07073170731707318
A0A8J4GQ46,361,67.95013850415512,0.26315789473684215,-0.20193905817174518,0.12742382271468145,0.0,0.04986149584487534
A0A8J4MRF4,450,71.86666666666667,0.35333333333333333,-0.20311111111111105,0.19555555555555557,-0.057991946977686754,0.05555555555555555
A0A8J4T4C8,672,76.875,0.39434523809523814,-0.6157738095238094,0.2723214285714286,0.0234810958495229,0.052083333333333336
A0A8J4TCM8,670,77.7313432835821,0.3850746268656717,-0.49641791044776107,0.25074626865671645,-0.15490195998574308,0.07014925373134329
A0A8J4TQY0,696,69.3103448275862,0.35919540229885055,-0.5145114942528737,0.20689655172413793,-0.02380291467262487,0.11494252873563218
A0A8J4V0C4,539,90.09276437847866,0.39888682745825604,-0.2411873840445269,0.21521335807050093,-0.014723256820706349,0.09647495361781076
A0A8J4YH24,721,71.02635228848821,0.33287101248266293,-0.7547850208044384,0.3259361997226075,-0.08455957462162715,0.0651872399445215
A0A8J5BTL1,573,24.572425828970328,0.1797556719022688,-1.1753926701570683,0.17102966841186737,0.052178011665071564,0.05759162303664922
A0A8J5EE38,463,82.22462203023758,0.3995680345572354,-0.4000000000000001,0.24622030237580994,0.0,0.09287257019438444
A0A8J5EEQ9,733,86.19372442019099,0.39699863574351973,-0.4126875852660297,0.27694406548431105,0.021189299069938092,0.1009549795361528
A0A8J5GWJ4,674,87.16617210682493,0.3664688427299703,-0.09495548961424338,0.21513353115727002,0.0889410833367811,0.09347181008902078
A0A8J5HL96,479,90.56367432150313,0.3903966597077244,-0.11482254697286007,0.2066805845511482,0.14760272124424376,0.11273486430062629
A0A8J5ICB7,790,74.55696202531645,0.32151898734177214,-0.22696202531645582,0.18987341772151897,0.0802290016388186,0.10759493670886075
A0A8J5LR71,767,86.97522816166884,0.3298565840938722,-0.016036505867014328,0.17209908735332463,0.025935734094399743,0.0847457627118644
A0A8J5M686,345,79.18840579710145,0.3594202898550724,-0.30202898550724655,0.2289855072463768,0.053684858962776354,0.11304347826086956
A0A8J5NBH2,562,69.89323843416369,0.302491103202847,-0.67846975088968,0.21886120996441283,-0.14731951648565678,0.051601423487544484
A0A8J5UJP9,764,75.6544502617801,0.3835078534031413,-0.622643979057592,0.2696335078534031,0.03342375548694973,0.09031413612565445
A0A8J6A2K7,646,74.61300309597523,0.3204334365325078,-0.4034055727554178,0.19659442724458204,0.08783035515613798,0.09287925696594426
A0A8J6BUG1,744,87.29838709677419,0.35887096774193544,-0.23454301075268824,0.2446236559139785,-0.02833359864393502,0.08602150537634409
A0A8J6DIW9,781,85.30089628681178,0.37900128040973113,-0.2605633802816901,0.21638924455825864,0.20164536352806944,0.06402048655569782
A0A8J6PUF0,743,89.28667563930013,0.41991924629878874,-0.3857335127860027,0.27860026917900405,-0.004155959771157801,0.06594885598923284
A0A8J6SQM3,349,90.34383954154728,0.37249283667621774,-0.07851002865329537,0.14326647564469916,0.20411998265592474,0.10028653295128939
A0A8J6V6P7,737,89.2944369063772,0.34328358208955223,0.15345997286295787,0.1180461329715061,0.08813608870055131,0.1587516960651289
A0A8J6Z4S7,680,80.42647058823529,0.2882352941176471,-0.34941176470588237,0.21764705882352942,0.0,0.07941176470588235
A0A8J7A6B2,305,88.81967213114754,0.3409836065573771,-0.3278688524590163,0.15081967213114753,-0.18364439694612708,0.1180327868852459
A0A8J7BN16,595,90.57142857142856,0.3848739495798319,-0.262689075630252,0.2319327731092437,0.16320323670358253,0.07394957983193277
A0A8J7KWA7,793,99.76040353089533,0.4451450189155107,-0.1838587641866331,0.29003783102143754,0.0977524855940768,0.07440100882723832
A0A8J7T3U5,649,94.80739599383668,0.423728813559322,-0.00508474576271184,0.18027734976887522,-0.13987908640123653,0.1263482280431433
A0A8J8ACF8,570,107.24561403508773,0.4771929824561403,0.038771929824561346,0.2736842105263158,0.06609606559383684,0.06140350877192982
A0A8J8BB00,341,77.41935483870968,0.34310850439882695,-0.2832844574780056,0.19648093841642228,0.037788560889399754,0.07331378299120235
A0A8J8YQC9,711,89.69057665260196,0.3769338959212377,-0.18677918424753887,0.23066104078762306,-0.052388069459688234,0.0829817158931083
A0A8K0A024,411,90.82725060827251,0.3600973236009732,-0.10729927007299273,0.18491484184914841,-0.04458213265274049,0.07785888077858881
A0A8K0DTY8,504,86.86507936507935,0.40674603174603174,-0.30138888888888893,0.251984126984127,-0.04717907769546933,0.09722222222222221
A0A8K0EXB7,386,106.11398963730569,0.3678756476683938,0.6033678756476684,0.12435233160621761,-0.10473535052001294,0.11139896373056996
A0A8K0F1P6,750,51.73333333333332,0.26399999999999996,-0.8545333333333334,0.19333333333333333,-0.017728766960431606,0.06
A0A8K0L3B9,453,84.23841059602648,0.35761589403973515,-0.15607064017660052,0.1986754966887417,0.07572071393811834,0.08167770419426049
A0A8K0NQ11,647,69.72179289026275,0.3400309119010819,-0.6935085007727976,0.27202472952086554,0.1478016195678042,0.0401854714064915
A0A8K0R4Z9,724,52.527624309392266,0.2900552486187845,-0.8461325966850829,0.23618784530386744,-0.055302808466905565,0.07044198895027624
A0A8K0VFU8,357,68.03921568627452,0.3641456582633053,-0.49131652661064407,0.23809523809523808,0.15126767533064905,0.10924369747899161
A0A8K0WR11,686,72.21574344023323,0.3746355685131195,-0.5281341107871721,0.24635568513119532,0.10720996964786839,0.09620991253644315
A0A8K0WTN3,630,84.31746031746033,0.4015873015873016,-0.39682539682539714,0.2285714285714286,0.11973754292249218,0.09682539682539683
A0A8K1CMW7,404,71.28712871287128,0.28465346534653463,-0.3165841584158417,0.18564356435643564,0.10198953853733139,0.04455445544554455
A0A8K1FJE2,300,83.80000000000001,0.38,0.22166666666666657,0.17,0.2527253160894263,0.11333333333333334
A0A8K1NKT9,501,126.94610778443112,0.44510978043912175,0.7886227544910179,0.10778443113772454,-0.03103423373996879,0.14570858283433136
A0A8K9UTZ7,562,92.95373665480426,0.4572953736654804,-0.6546263345195731,0.3238434163701068,0.15261016320615828,0.033807829181494664
A0A8K9XC82,613,89.18433931484502,0.42414355628058725,-0.31631321370309945,0.2495921696574225,-0.005603877517998511,0.10114192495921698
A0A8K9XZN4,519,71.54142581888246,0.23314065510597304,-0.15356454720616575,0.1329479768786127,-0.13566260200007313,0.06936416184971099
A0A8M1KG28,398,78.91959798994974,0.3391959798994975,-0.23693467336683438,0.19095477386934673,0.11197375944393234,0.08542713567839197
A0A8M1MM82,706,60.892351274787536,0.30311614730878184,-0.5559490084985836,0.19830028328611898,0.03672280702473984,0.0708215297450425
A0A8M9PVR2,759,89.74967061923584,0.38866930171277997,-0.49736495388669316,0.28985507246376807,-0.007825337511956543,0.08300395256916995
A0A8N5HYZ0,640,89.375,0.3875,-0.08984375000000006,0.19375,0.02758352163208857,0.059375
A0A8P0SSZ5,561,75.47237076648841,0.36541889483065954,-0.40267379679144394,0.22638146167557932,-0.04717907769546922,0.08199643493761141
A0A8R1J0A7,756,80.3042328042328,0.3492063492063492,-0.3187830687830688,0.21560846560846558,0.0052642399923572185,0.062169312169312166
A0A8R1WPH6,417,100.83932853717026,0.3788968824940048,-0.15131894484412484,0.21103117505995203,-0.038629402356131,0.06235011990407674
A0A8R2D700,508,94.13385826771655,0.38188976377952755,-0.004133858267716561,0.1889763779527559,0.23608918873096663,0.09842519685039369
A0A8R2LYP1,522,88.83141762452105,0.42145593869731807,-0.37011494252873556,0.24329501915708812,0.11513483311425543,0.1053639846743295
A0A8R2QTE0,793,75.5233291298865,0.3644388398486759,-0.5665825977301386,0.26103404791929385,-0.037426497940623665,0.05296343001261034
A0A8S0PI38,651,79.27803379416282,0.38095238095238093,-0.38617511520737335,0.22580645161290325,-0.029158228741213422,0.09677419354838711
A0A8S0Q1G6,430,77.55813953488374,0.38372093023255816,-0.5588372093023256,0.2837209302325581,0.070199947028335,0.07209302325581396
A0A8S0S238,447,75.90604026845638,0.30425055928411626,-0.503579418344519,0.21252796420581657,0.008954842652926412,0.04697986577181208
A0A8S0U6D2,510,79.70588235294117,0.403921568627451,-0.5007843137254903,0.2568627450980392,0.006530867158957755,0.08039215686274509
A0A8S0VQ96,682,87.09677419354837,0.3665689149560117,-0.41891495601173023,0.2668621700879765,0.07572071393811826,0.060117302052785926
A0A8S0WRR1,765,84.22222222222221,0.3790849673202614,-0.37516339869281073,0.2575163398692811,-0.02182843749567273,0.0758169934640523
A0A8S0WZD4,697,101.47776183644189,0.3701578192252511,-0.13213773314203733,0.23672883787661403,-0.07822780004030223,0.06456241032998566
A0A8S1A6A5,404,92.94554455445545,0.38861386138613857,-0.25792079207920793,0.24504950495049505,-0.00860017176191758,0.08168316831683169
A0A8S1JU49,614,62.10097719869707,0.30781758957654726,-0.47964169381107485,0.21172638436482086,0.15970084286751182,0.09609120521172639
A0A8S1K7Z8,713,71.09396914446002,0.3239831697054698,-0.3948106591865357,0.19915848527349228,0.17107045768063045,0.10238429172510519
A0A8S1M1J6,700,91.25714285714285,0.3885714285714285,-0.24657142857142875,0.2242857142857143,-0.016390416188169374,0.10428571428571429
A0A8S1MJI8,603,85.68822553897182,0.3698175787728027,-0.633167495854063,0.26533996683250416,-0.09691001300805639,0.07960199004975124
A0A8S1PI09,367,81.2534059945504,0.3623978201634877,-0.8059945504087196,0.2697547683923706,-0.12995953798335086,0.08719346049046321
A0A8S1SF59,666,68.81381381381382,0.3048048048048048,-0.831081081081081,0.23723723723723725,-0.13127891463931898,0.09009009009009009
A0A8S1UQK2,598,89.4648829431438,0.3612040133779264,-0.5526755852842808,0.245819397993311,-0.1232389517304055,0.07859531772575251
A0A8S2WHA2,659,91.4112291350531,0.4279210925644916,-0.373596358118361,0.2534142640364188,0.07729710217307338,0.09408194233687406
A0A8S3PMX4,638,75.0,0.335423197492163,-0.59294670846395,0.24137931034482757,0.06694678963061332,0.10031347962382445
A0A8S3SW42,792,94.26767676767676,0.40656565656565663,-0.14292929292929285,0.226010101010101,0.0818213422138333,0.07323232323232323
A0A8S3UCJ7,740,95.93243243243244,0.40135135135135136,-0.08878378378378371,0.2162162162162162,-0.14061894089346225,0.10135135135135136
A0A8S3YSY0,342,60.43859649122807,0.2894736842105263,-1.1634502923976604,0.3596491228070175,-0.3434338442170686,0.04678362573099415
A0A8S3Z561,651,65.80645161290323,0.3379416282642089,-0.9620583717357911,0.29032258064516125,-0.013643880666546196,0.061443932411674354
A0A8S4AYL3,741,61.052631578947356,0.28205128205128205,-0.33427800269905544,0.17139001349527666,0.06069784035361173,0.05128205128205128
A0A8S4BPB6,455,77.07692307692308,0.40439560439560435,-0.5786813186813184,0.23076923076923075,0.05690485133647256,0.06373626373626373
A0A8S8YST7,302,80.72847682119205,0.3741721854304636,-0.41158940397350974,0.26490066225165565,0.042403848553087264,0.052980132450331126
A0A8S9HGI4,321,93.52024922118378,0.411214953271028,-0.39688473520249196,0.3115264797507788,0.13738355606255767,0.0529595015576324
A0A8T0N2U0,500,102.89999999999999,0.404,-0.09360000000000004,0.242,-0.007061854487486835,0.07200000000000001
A0A8T0TW78,584,108.69863013698628,0.3818493150684931,0.45770547945205475,0.15239726027397257,-0.12493873660830002,0.05650684931506849
A0A8T0TXN7,383,89.3733681462141,0.3733681462140992,-0.07180156657963443,0.1827676240208877,0.07255066714861168,0.06788511749347259
A0A8T1ABU2,334,49.79041916167665,0.3053892215568863,-1.0488023952095809,0.281437125748503,0.018098222092796223,0.038922155688622756
A0A8T1Q477,508,103.7007874015748,0.3858267716535433,0.5429133858267716,0.13976377952755903,-0.156347200859924,0.12401574803149606
A0A8T1QN00,707,105.45968882602546,0.4469589816124469,-0.11428571428571438,0.2758132956152758,0.07514126824588485,0.08203677510608204
A0A8T1S3H1,681,103.27459618208516,0.43759177679882527,0.010866372980910477,0.2041116005873715,0.1429618407415725,0.07048458149779735
A0A8T1SEM5,647,77.38794435857804,0.3493044822256568,-0.3391035548686244,0.23493044822256567,-0.03385826726096738,0.06027820710973725
A0A8T1V9N7,602,100.11627906976743,0.3853820598006644,0.3504983388704318,0.15614617940199335,0.03621217265444471,0.10465116279069768
A0A8T1YJK1,659,76.05462822458271,0.32473444613050073,-0.4960546282245826,0.23823975720789076,-0.005462895701502138,0.0637329286798179
A0A8T2FN87,525,80.36190476190475,0.40952380952380957,-0.4497142857142859,0.2742857142857143,-9.643274665532872e-17,0.11619047619047618
A0A8T2HXA0,775,77.08387096774194,0.29935483870967744,-0.3587096774193549,0.23354838709677417,-0.16819477820964734,0.0335483870967742
A0A8T2JQN1,794,60.75566750629723,0.2972292191435768,-0.8790931989924433,0.28337531486146095,-0.09604917133492032,0.042821158690176324
A0A8T2SH98,725,88.89655172413794,0.42068965517241375,-0.3238620689655174,0.24689655172413794,0.014397820700642426,0.08551724137931034
A0A8T2TDX0,623,81.52487961476724,0.4237560192616372,-0.44975922953451053,0.2632423756019262,0.0,0.08667736757624397
A0A8T2WCB3,737,44.39620081411127,0.24287652645861602,-0.9279511533242875,0.15603799185888736,0.11197375944393226,0.048846675712347354
A0A8T2XZG5,599,76.41068447412354,0.3656093489148581,-0.648914858096828,0.3055091819699499,-0.03288122639465556,0.06844741235392321
A0A8T2ZVF8,496,79.95967741935483,0.34475806451612906,-0.19596774193548394,0.17338709677419353,0.0,0.09475806451612903
A0A8T3BZI1,507,102.20907297830375,0.3767258382642998,0.34773175542406304,0.15976331360946744,-0.1804560644581313,0.10650887573964496
A0A8T3PW79,429,88.01864801864801,0.2867132867132867,0.14918414918414918,0.11655011655011656,-0.16914239910035345,0.02564102564102564
A0A8T3U1P2,490,101.97959183673471,0.43061224489795913,-0.03020408163265309,0.2346938775510204,0.03714180800456658,0.04081632653061225
A0A8T3W9R2,348,78.18965517241378,0.3936781609195402,-0.4749999999999998,0.2385057471264368,0.05115252244738129,0.15229885057471265
A0A8T4DBI6,613,92.62642740619901,0.401305057096248,-0.11125611745513869,0.19575856443719414,0.05703850097036417,0.09461663947797716
A0A8T4JW81,473,117.10359408033825,0.4503171247357293,0.48033826638477783,0.15644820295983086,-0.18563657696191163,0.18181818181818182
A0A8T4TB95,490,84.16326530612245,0.4122448979591837,-0.4520408163265305,0.2857142857142857,0.03672280702473992,0.09387755102040815
A0A8T4XX67,783,82.72030651340995,0.438058748403576,-0.30727969348659034,0.25159642401021715,0.04806144547023937,0.1392081736909323
A0A8T4YS69,704,85.17045454545456,0.4190340909090909,-0.33735795454545436,0.2755681818181818,0.06214790674884452,0.07670454545454546
A0A8T5NJV3,363,89.14600550964188,0.3994490358126721,-0.26887052341597795,0.2369146005509642,-0.05931400121598195,0.1046831955922865
A0A8T5S6N6,482,100.49792531120332,0.37759336099585056,-0.09419087136929466,0.23029045643153526,-0.0693264913759679,0.1016597510373444
A0A8T6HIZ8,646,82.30650154798761,0.413312693498452,-0.523219814241486,0.29876160990712075,-0.013363961557981491,0.06346749226006192
A0A8T6IAR0,649,72.95839753466872,0.44067796610169496,-0.4710323574730356,0.275808936825886,0.024000276403766514,0.1263482280431433
A0A8T6PJT7,523,89.5793499043977,0.43021032504780116,-0.3489483747609941,0.265774378585086,0.1941357617493239,0.08986615678776291
A0A8T6QCF2,313,109.42492012779552,0.45047923322683703,-0.051437699680511206,0.24920127795527156,0.04346569378109017,0.03194888178913738
A0A8T6SD54,337,91.98813056379822,0.45103857566765576,-0.3765578635014837,0.3115727002967359,-0.04061785090826401,0.11869436201780416
A0A8T7KG55,610,91.59016393442623,0.4245901639344262,-0.17262295081967222,0.24918032786885244,0.05648135595244838,0.07540983606557378
A0A8T9B0K8,579,40.27633851468048,0.28842832469775476,-1.0417962003454233,0.22452504317789293,-0.039508541283673586,0.10362694300518135
A0A8T9IFJ5,415,112.12048192771084,0.3783132530120482,0.7585542168674699,0.11566265060240966,-0.17609125905568135,0.11084337349397591
A0A8U0IP16,307,84.49511400651465,0.41693811074918574,-0.1618892508143323,0.254071661237785,0.24517217819898032,0.08794788273615636
A0A8U0MUY7,531,84.08662900188324,0.4067796610169492,-0.32711864406779695,0.2165725047080979,0.12710479836480756,0.11299435028248588
A0A8U1F4Y7,620,90.51612903225806,0.4032258064516129,-0.15032258064516124,0.21129032258064517,0.01959555606338077,0.07419354838709677
A0A8V1ACU4,730,71.4794520547945,0.34931506849315064,-0.5491780821917807,0.25616438356164384,0.05060999335508716,0.09178082191780822
A0A8X6JLL0,570,79.73684210526316,0.33157894736842103,-0.3710526315789474,0.21578947368421053,0.06264680913788914,0.09473684210526316
A0A8X6SCL5,508,95.0,0.39960629921259844,-0.2259842519685038,0.2716535433070866,0.024823583725032145,0.09448818897637795
A0A8X7R845,484,89.85537190082644,0.41942148760330583,-0.49359504132231397,0.2809917355371901,-0.12677507964829723,0.06404958677685951
A0A8X7XTL7,511,93.3463796477495,0.36007827788649704,0.07827788649706463,0.19765166340508805,-0.09311702399091736,0.07632093933463796
A0A8X8GH60,669,91.33034379671152,0.38415545590433486,-0.4508221225710013,0.23019431988041855,0.14612803567823798,0.06278026905829596
A0A8X8WVZ7,436,92.84403669724772,0.389908256880734,-0.11169724770642198,0.2339449541284404,0.05016660946573023,0.07110091743119266
A0A8X8YIF3,649,76.47149460708783,0.386748844375963,-0.6026194144838213,0.2989214175654854,-0.017728766960431606,0.06625577812018489
A0A8X9A4A4,729,76.36488340192044,0.3635116598079561,-0.436899862825789,0.2702331961591221,0.09200267851331231,0.07681755829903977
A0A913YWF4,336,73.69047619047619,0.3333333333333333,-0.49226190476190484,0.27380952380952384,0.036983566253169946,0.1130952380952381
A0A914AKA7,472,110.33898305084746,0.4004237288135593,0.7095338983050847,0.125,0.014240439114610193,0.1016949152542373
A0A914EG26,580,72.29310344827586,0.36206896551724144,-0.9279310344827586,0.2931034482758621,0.030311914268838884,0.09137931034482759
A0A914NS35,308,94.41558441558442,0.41883116883116883,-0.3740259740259742,0.2597402597402597,0.06366907986937738,0.1103896103896104
A0A914NWK7,426,78.96713615023474,0.3685446009389671,-0.3539906103286385,0.2652582159624413,0.052936075187798574,0.09389671361502347
A0A914WBL1,476,101.78571428571428,0.4264705882352941,0.09033613445378152,0.1911764705882353,0.04674340354232619,0.12184873949579832
A0A916DYA2,674,72.35905044510386,0.3694362017804155,-0.7882789317507418,0.2893175074183976,-0.07514126824588471,0.12908011869436203
A0A916J4G9,495,103.4141414141414,0.33131313131313134,0.794141414141414,0.10101010101010101,0.10067016188136323,0.12323232323232323
A0A916MX57,484,95.59917355371901,0.396694214876033,0.09442148760330571,0.20661157024793392,0.0511525224473812,0.06404958677685951
A0A916N0T1,604,87.78145695364236,0.33112582781456956,-0.20927152317880815,0.1672185430463576,0.02530586526477026,0.048013245033112585
A0A916YAI2,506,99.9407114624506,0.432806324110672,-0.06739130434782598,0.2509881422924901,0.047179077695469245,0.05533596837944664
A0A917AGK3,590,100.10169491525423,0.4186440677966102,-0.033728813559322,0.23220338983050848,0.08147304282720963,0.06440677966101695
A0A917GX79,397,87.0528967254408,0.3425692695214106,-0.056171284634760676,0.22418136020151133,0.009545317906230361,0.06297229219143577
A0A917LP67,571,73.0122591943958,0.3975481611208406,-0.4987740805604205,0.25569176882662,0.3054391145690362,0.10157618213660245
A0A917S9N0,519,76.6859344894027,0.40462427745664736,-0.5217726396917148,0.26011560693641617,-0.09548375727002424,0.10404624277456648
A0A918CB10,789,88.22560202788341,0.36628643852978454,-0.08859315589353595,0.18757921419518375,0.12831847725968054,0.07984790874524714
A0A918L166,347,92.47838616714698,0.42939481268011526,-0.12017291066282415,0.2334293948126801,-0.07342891715853353,0.040345821325648415
A0A918P136,787,99.42820838627698,0.4282083862770013,0.058449809402795594,0.24396442185514614,0.08082319311460164,0.05972045743329098
A0A918UFU2,555,119.63963963963961,0.45225225225225224,0.41819819819819815,0.2,0.10037054511756291,0.055855855855855854
A0A918XFS2,447,89.79865771812081,0.4228187919463088,-0.2847874720357941,0.22595078299776286,0.00843316753686286,0.087248322147651
A0A919FRS3,557,93.016157989228,0.39676840215439857,-0.09048473967684018,0.22082585278276484,0.16166154363303986,0.08617594254937164
A0A919IEZ5,544,86.50735294117646,0.3897058823529412,-0.13327205882352933,0.2316176470588235,0.122960170626212,0.07536764705882354
A0A919JF25,484,124.11157024793388,0.44214876033057854,0.7101239669421489,0.13429752066115702,-0.14390657568428006,0.1012396694214876
A0A919PXP8,665,74.73684210526315,0.3458646616541353,-0.30661654135338345,0.15639097744360902,-0.032792513396307545,0.11578947368421053
A0A919QNN9,373,90.26809651474531,0.3941018766756032,-0.15308310991957108,0.2359249329758713,0.07741222330877816,0.06166219839142091
A0A919WXA5,352,149.3181818181818,0.48579545454545453,1.037215909090909,0.14488636363636362,-0.14893901301206644,0.125
A0A919XKG0,500,86.96000000000001,0.37,-0.12979999999999994,0.224,0.18563657696191166,0.074
A0A919YQ34,765,87.9607843137255,0.4352941176470588,-0.4244444444444444,0.26143790849673204,0.12117858773499317,0.1045751633986928
A0A920P7Q6,317,103.43848580441642,0.37854889589905366,-0.1012618296529969,0.23659305993690852,0.1480625354554377,0.05362776025236593
A0A920SSK5,332,89.87951807228916,0.4036144578313253,-0.10481927710843386,0.2319277108433735,0.18987954354131464,0.08132530120481928
A0A921NQ89,568,84.84154929577466,0.4031690140845071,-0.3463028169014084,0.2605633802816901,0.08130493967748036,0.07570422535211267
A0A921RCJ1,434,56.612903225806456,0.3018433179723502,-0.7573732718894008,0.2534562211981567,-0.15678610386029465,0.05529953917050691
A0A921U4D1,643,70.94867807153966,0.3374805598755832,-0.43063763608087086,0.24105754276827374,0.08324010252449242,0.1010886469673406
A0A922D6D7,706,79.56090651558074,0.3385269121813031,-0.3576487252124649,0.1813031161473088,0.06694678963061323,0.0708215297450425
A0A923G9E3,684,118.15789473684211,0.41812865497076024,0.3676900584795322,0.20175438596491224,-0.012409257981819953,0.04532163742690058
A0A923K1Q2,452,87.61061946902656,0.40265486725663713,-0.32566371681415934,0.25442477876106195,0.14231283267772266,0.08407079646017698
A0A923XJF4,568,86.51408450704224,0.3556338028169014,-0.060563380281690116,0.18485915492957744,0.024359345859444693,0.07922535211267606
A0A924XL04,749,72.9105473965287,0.3124165554072096,-0.34913217623497994,0.18157543391188252,0.11394335230683679,0.10947930574098799
A0A925CHQ9,446,80.24663677130044,0.3542600896860987,-0.2735426008968608,0.2219730941704036,0.04303463222520185,0.08968609865470852
A0A925ENS0,656,129.2987804878049,0.43902439024390244,0.6867378048780488,0.1539634146341463,0.0421976797944548,0.08536585365853658
A0A925GHD5,560,58.910714285714285,0.3178571428571428,-0.7651785714285715,0.24821428571428572,-0.08031075118859472,0.10892857142857143
A0A925HI42,389,74.47300771208226,0.3933161953727507,-0.49845758354755754,0.27249357326478146,-0.1296338578166798,0.09768637532133675
A0A925RQ41,689,75.12336719883889,0.35703918722786643,-0.37256894049346895,0.22496371552975328,-0.0055324885999610066,0.10885341074020319
A0A926A867,580,77.60344827586206,0.3086206896551725,-0.08068965517241383,0.1413793103448276,0.18905623622004894,0.12758620689655173
A0A926AT97,374,99.35828877005348,0.37967914438502676,0.02352941176470602,0.20855614973262032,-0.08715017571890014,0.12566844919786097
A0A926B238,789,111.96451204055768,0.4423320659062104,0.2931558935361217,0.2091254752851711,-0.03642926562667494,0.07731305449936629
A0A926KAA0,793,83.11475409836065,0.3770491803278688,-0.27200504413619175,0.24085750315258508,0.14073300379153197,0.08953341740226986
A0A926KQP9,521,131.80422264875241,0.45105566218809984,0.8174664107485605,0.12092130518234165,-0.3840042307287451,0.08445297504798464
A0A926M1G8,590,108.25423728813558,0.4305084745762711,-0.41288135593220354,0.29830508474576267,0.09800810330710849,0.09661016949152543
A0A926PAD2,709,86.89703808180536,0.3808180535966149,-0.14104372355430173,0.19887165021156558,0.12848401737294957,0.08603667136812412
A0A926S380,706,96.71388101983004,0.39518413597733715,-0.11713881019830036,0.2280453257790368,0.058705660337827134,0.07365439093484419
A0A926T2T1,437,85.6979405034325,0.41647597254004576,-0.3208237986270025,0.2173913043478261,-0.008954842652926454,0.10297482837528604
A0A926V480,313,108.43450479233225,0.40255591054313095,0.528115015974441,0.08945686900958466,0.0,0.12460063897763578
A0A927NTR6,622,77.7331189710611,0.42765273311897106,-0.39758842443729925,0.26848874598070743,0.0876693562731439,0.14469453376205788
A0A927UID1,781,71.66453265044814,0.3828425096030729,-0.5861715749039693,0.2535211267605634,0.2218487496163563,0.13956466069142126
A0A927XL36,446,90.85201793721973,0.3565022421524664,0.03632286995515688,0.21524663677130046,0.0889410833367811,0.06726457399103139
A0A927ZVG9,600,80.53333333333333,0.38166666666666665,-0.48516666666666663,0.27999999999999997,-0.040904987766263036,0.10166666666666667
A0A928DHK6,702,80.37037037037035,0.3874643874643875,-0.3499999999999999,0.23789173789173787,-0.015420358867493798,0.12108262108262108
A0A928EHA6,585,83.52136752136752,0.3965811965811965,-0.2683760683760683,0.24444444444444444,0.17609125905568118,0.07863247863247863
A0A928N981,386,91.78756476683938,0.4067357512953368,-0.18937823834196887,0.24352331606217614,0.05435766232259276,0.09326424870466321
A0A928S844,634,106.27760252365928,0.42586750788643535,0.06214511041009463,0.21451104100946372,0.19188552623891322,0.056782334384858045
A0A928VJH9,429,104.05594405594407,0.4289044289044289,-0.1389277389277391,0.23543123543123545,0.1446827948040571,0.08391608391608392
A0A928YC60,314,81.62420382165605,0.4745222929936306,-0.49936305732484115,0.2898089171974522,-0.2596373105057562,0.08598726114649681
A0A928YP86,394,102.23350253807106,0.36040609137055835,-0.09263959390862941,0.21573604060913704,-0.15126767533064922,0.06852791878172589
A0A928Z2X4,543,92.3388581952118,0.3848987108655617,-0.25764272559852647,0.20810313075506445,-0.129347855513355,0.055248618784530384
A0A929ESQ2,337,95.90504451038575,0.30563798219584565,0.1474777448071217,0.1661721068249258,0.18234020833268272,0.03857566765578635
A0A929ILC3,640,83.015625,0.4109375,-0.3075,0.2359375,0.073980052361817,0.1203125
A0A929SKD3,444,132.45495495495496,0.43918918918918914,0.7056306306306304,0.13963963963963963,-0.25105602070214267,0.13738738738738737
A0A929UPR4,594,100.60606060606061,0.4158249158249158,-0.2326599326599328,0.24074074074074076,0.13894945105111453,0.04377104377104377
A0A929WHN0,724,103.57734806629834,0.38535911602209943,0.3161602209944754,0.16988950276243092,0.020850138973120158,0.09944751381215469
A0A930L2R9,644,72.65527950310559,0.3788819875776398,-0.60527950310559,0.2608695652173913,0.08199222338145319,0.09782608695652174
A0A930T156,443,95.34988713318283,0.40180586907449206,-0.3297968397291198,0.2144469525959368,0.06279082985945553,0.06997742663656885
A0A930WDS9,725,82.1655172413793,0.39310344827586213,-0.43503448275862044,0.2579310344827586,0.013788284485633191,0.10758620689655174
A0A931AHH7,789,102.9911280101394,0.40430925221799746,-0.01622306717363764,0.20659062103929027,-0.08980967259011742,0.06083650190114069
A0A931B8B5,763,97.16906946264744,0.40891218872870244,0.013892529488859884,0.21363040629095675,0.08980967259011745,0.04062909567496723
A0A931MLJ9,485,94.74226804123711,0.36907216494845363,-0.021237113402061913,0.21443298969072164,0.18293068358598658,0.0577319587628866
A0A931PAR9,393,93.81679389312977,0.4402035623409669,-0.06106870229007633,0.24173027989821882,0.06279082985945544,0.061068702290076333
A0A932C525,326,135.09202453987731,0.4294478527607362,1.0699386503067483,0.0950920245398773,-0.07918124604762487,0.09815950920245398
A0A932NDF1,775,93.2516129032258,0.39612903225806456,-0.280258064516129,0.2361290322580645,0.0517068230738764,0.09419354838709677
A0A932SSM5,574,92.8397212543554,0.4076655052264809,-0.0026132404181185565,0.22822299651567945,0.01959555606338077,0.04878048780487805
A0A932YYJ8,303,95.9075907590759,0.41584158415841577,-0.03498349834983516,0.24752475247524752,0.10198953853733146,0.12211221122112212
A0A933CYF9,515,104.89320388349515,0.4271844660194175,-0.08796116504854362,0.2407766990291262,0.02758352163208848,0.04854368932038835
A0A933LEL3,725,87.36551724137931,0.4110344827586207,-0.3998620689655171,0.25241379310344825,-0.05170682307387623,0.0910344827586207
A0A933N1T6,518,81.73745173745172,0.28185328185328185,-0.19652509652509653,0.20656370656370654,-0.18607547996228216,0.055984555984555984
A0A933PB27,772,107.47409326424871,0.42487046632124353,0.06398963730569951,0.23963730569948186,0.07918124604762482,0.02979274611398964
A0A933PUR0,372,71.93548387096774,0.3118279569892473,-0.46021505376344074,0.24731182795698925,-0.01848340569401313,0.08870967741935484
A0A933S1N7,768,97.51302083333333,0.37890625,0.05976562500000007,0.20833333333333334,0.021451001085632495,0.05338541666666667
A0A933SB87,709,77.60225669957686,0.35684062059238364,-0.20803949224259538,0.19605077574047958,0.13033376849500608,0.10860366713681241
A0A933UE69,402,82.06467661691543,0.36815920398009944,-0.19676616915422912,0.2164179104477612,-0.04884856753781697,0.1044776119402985
A0A933WER0,706,85.67988668555242,0.4164305949008499,-0.4463172804532579,0.2747875354107649,-0.1430909989527559,0.1104815864022663
A0A935F397,766,94.73890339425587,0.39556135770234985,-0.020626631853786048,0.25979112271540467,0.08235129283713141,0.04569190600522193
A0A935HRB2,613,82.80587275693311,0.38009787928221866,-0.35399673735725956,0.24796084828711257,0.11344444991779201,0.11582381729200653
A0A935M8F9,532,116.89849624060149,0.4492481203007519,0.3595864661654134,0.18421052631578944,0.03476210625921191,0.14661654135338345
A0A935UJF3,330,89.2121212121212,0.36060606060606065,-0.12030303030303025,0.25757575757575757,0.04997397496183845,0.10303030303030303
A0A936BXZ2,305,76.98360655737704,0.3409836065573771,-0.6819672131147542,0.3114754098360656,0.08082319311460155,0.02622950819672131
A0A936FC07,462,110.6060606060606,0.4610389610389611,0.08246753246753247,0.2597402597402597,0.05703850097036417,0.032467532467532464
A0A936G8F3,470,81.57446808510637,0.32978723404255317,-0.24595744680851078,0.23191489361702128,0.16633142176652496,0.09361702127659574
A0A936LY91,727,76.50618982118293,0.2778541953232462,0.06932599724896837,0.12379642365887206,0.6766936096248666,0.07840440165061899
A0A936NGD5,651,92.79569892473118,0.402457757296467,-0.2651305683563746,0.25960061443932414,0.035576154261196126,0.053763440860215055
A0A936S533,623,99.63081861958266,0.3980738362760835,-0.038523274478330705,0.24879614767255215,0.1281677067384984,0.04333868378812199
A0A936Y172,678,81.59292035398231,0.32890855457227136,-0.14852507374631263,0.19616519174041297,0.045078374735188116,0.07669616519174041
A0A937H3B5,444,125.67567567567568,0.41441441441441446,0.7876126126126126,0.11711711711711711,-0.16272729749769974,0.10810810810810811
A0A937NRL1,481,116.46569646569647,0.4553014553014553,0.3544698544698546,0.20374220374220375,0.052178011665071564,0.06652806652806653
A0A937PTL7,328,77.46951219512195,0.32926829268292684,-0.2460365853658536,0.2164634146341463,-0.03571555226653443,0.07621951219512195
A0A938G4R2,369,88.42818428184283,0.3956639566395664,-0.11761517615176176,0.21680216802168023,0.06366907986937738,0.06775067750677508
A0A938HVD6,538,82.91821561338291,0.362453531598513,-0.005947955390334603,0.1802973977695167,0.061518037919215056,0.06691449814126393
A0A938MSV8,333,80.06006006006005,0.3483483483483484,-0.2399399399399399,0.22822822822822822,0.0,0.08108108108108109
A0A938RJL9,645,85.44186046511628,0.32558139534883723,-0.059689922480620244,0.19069767441860466,0.09066106373105492,0.06976744186046512
A0A938ULW2,534,105.56179775280899,0.4044943820224719,0.5104868913857676,0.1292134831460674,-0.11069829749368976,0.15355805243445692
A0A939CMX8,714,115.53221288515405,0.43277310924369744,0.23753501400560215,0.17647058823529413,-0.06799707909511112,0.08683473389355742
A0A939FG43,457,99.78118161925602,0.41575492341356673,-0.033916849015317385,0.24288840262582057,0.10037054511756299,0.030634573304157548
A0A939HRY5,381,94.48818897637794,0.3858267716535433,0.009711286089238824,0.20734908136482938,0.09691001300805642,0.09186351706036745
A0A939P2M5,301,84.71760797342192,0.30564784053156147,-0.1930232558139535,0.24252491694352163,0.057991946977686816,0.0963455149501661
A0A939R428,701,70.92724679029956,0.37232524964336655,-0.47874465049928683,0.25106990014265335,0.13777596131347214,0.1340941512125535
A0A939U719,309,79.80582524271844,0.3398058252427184,-0.5368932038834952,0.29449838187702265,0.08432088570003596,0.08090614886731391
A0A939VNG4,643,79.3312597200622,0.3716951788491446,-0.1858475894245724,0.22706065318818042,0.03523237645340663,0.12286158631415242
A0A939W7K3,698,86.9914040114613,0.3610315186246418,-0.2104584527220633,0.23925501432664759,0.09806659020799864,0.0830945558739255
A0A940GFV8,702,114.002849002849,0.46153846153846156,0.3058404558404558,0.20512820512820512,0.0,0.08547008547008547
A0A940GYB4,669,86.03886397608372,0.4005979073243647,-0.23991031390134523,0.23766816143497757,0.026983489685593588,0.08370702541106129
A0A940TEX8,428,81.4252336448598,0.38317757009345793,-0.15023364485981305,0.24766355140186913,0.0,0.07009345794392523
A0A940UR53,453,99.95584988962474,0.4216335540838852,-0.015231788079470343,0.20750551876379691,0.14612803567823807,0.07505518763796909
A0A941JSJ9,360,90.02777777777777,0.4361111111111111,-0.6277777777777773,0.2583333333333333,0.06411749961174897,0.09444444444444444
A0A941MWT1,596,85.1510067114094,0.3926174496644295,-0.3286912751677854,0.27181208053691275,0.07432874325321269,0.08389261744966442
A0A941VSR6,506,82.43083003952569,0.38142292490118573,-0.1861660079051383,0.20355731225296442,0.008272525965989857,0.11067193675889328
A0A941WB99,455,86.83516483516483,0.39999999999999997,-0.25560439560439546,0.26593406593406593,-0.049485363079918326,0.09890109890109891
A0A942DXN7,575,89.16521739130434,0.3947826086956522,-0.10904347826086952,0.22434782608695653,-0.019894828716939324,0.07652173913043478
A0A942GM83,458,84.67248908296942,0.40829694323144106,-0.25283842794759837,0.22270742358078602,0.05016660946573023,0.15065502183406113
A0A942H5W4,572,77.46503496503496,0.3618881118881119,-0.4583916083916083,0.26048951048951047,-0.005752328889091274,0.08741258741258742
A0A942HJ09,466,112.1030042918455,0.44635193133047213,0.2809012875536482,0.21030042918454933,0.052178011665071654,0.07081545064377683
A0A942W117,529,93.04347826086955,0.41965973534971646,-0.11909262759924388,0.24007561436672964,0.07424602837211262,0.0945179584120983
A0A943G8F8,794,101.9773299748111,0.4584382871536524,-0.2352644836272041,0.3060453400503778,0.06749548772243016,0.06801007556675064
A0A943GXG4,530,84.71698113207549,0.3754716981132075,-0.30849056603773595,0.22075471698113208,0.23160858690551256,0.08867924528301886
A0A944C4Y5,521,96.21880998080613,0.399232245681382,-0.023992322456813875,0.23224568138195775,0.10645533091428679,0.053742802303262956
A0A944WSG7,431,91.6705336426914,0.38979118329466356,-0.17772621809744799,0.22969837587006958,0.16536739366390812,0.07424593967517401
A0A944XBF5,431,85.38283062645012,0.41763341067285376,-0.18399071925754074,0.2621809744779582,0.1760912590556813,0.09280742459396751
A0A945EYY2,571,131.13835376532398,0.425569176882662,0.6159369527145357,0.1628721541155867,-0.08253488805521265,0.09281961471103328
A0A945H604,414,94.27536231884058,0.38647342995169087,-0.1893719806763285,0.22946859903381644,0.0448123444163623,0.057971014492753624
A0A945JYP3,368,104.56521739130436,0.3885869565217392,0.24211956521739134,0.18206521739130435,0.19188552623891308,0.043478260869565216
A0A945KEY7,411,87.90754257907543,0.3503649635036496,-0.05547445255474459,0.21411192214111924,0.15607414553379406,0.048661800486618
A0A946B591,404,112.77227722772278,0.38861386138613857,0.7462871287128714,0.11138613861386139,-0.05551732784983132,0.09653465346534654
A0A946DWG6,422,144.59715639810426,0.46208530805687204,1.1471563981042654,0.12559241706161137,0.11115045212266676,0.07345971563981042
A0A946NVU4,313,84.6964856230032,0.3386581469648562,-0.40638977635782764,0.21405750798722045,0.19188552623891303,0.08306709265175719
A0A946P752,374,80.58823529411765,0.3689839572192513,-0.3868983957219251,0.21390374331550804,0.0636690798693773,0.08288770053475936
A0A946QRG2,443,96.13995485327314,0.3950338600451468,-0.10767494356659135,0.2505643340857788,0.03845825181917567,0.07674943566591422
A0A947EYL9,419,74.9164677804296,0.36754176610978523,-0.49546539379474946,0.24343675417661098,0.0,0.11455847255369928
A0A947SA80,538,112.73234200743497,0.4758364312267658,-0.22081784386617076,0.29739776951672864,0.032184683371401235,0.0687732342007435
A0A947UMC9,363,83.85674931129476,0.4104683195592287,-0.6366391184573006,0.27548209366391185,-0.0682648315585264,0.09641873278236915
A0A947V549,582,93.23024054982817,0.4072164948453608,-0.2850515463917525,0.2388316151202749,0.1684044303893903,0.07560137457044674
A0A947XQG5,484,77.1694214876033,0.3264462809917355,-0.21012396694214872,0.16115702479338842,0.043465693781090345,0.11363636363636363
A0A947XX84,692,102.78901734104046,0.4378612716763005,-0.05317919075144484,0.23121387283236994,0.08606714652445688,0.06213872832369942
A0A948IW37,780,84.2051282051282,0.3628205128205128,-0.20461538461538475,0.19999999999999998,-0.033000260102925366,0.09102564102564102
A0A948W1F0,663,128.61236802413273,0.40120663650075417,0.8355957767722473,0.14177978883861236,-0.03621217265444476,0.0889894419306184
A0A948XFY1,519,85.39499036608862,0.4065510597302505,-0.5477842003853564,0.30057803468208094,-0.03300026010292532,0.10982658959537572
A0A948YWE9,321,106.63551401869158,0.411214953271028,0.11526479750778812,0.18380062305295947,0.10011515288326775,0.08722741433021806
A0A949FW64,310,94.45161290322581,0.3483870967741935,0.22870967741935475,0.17419354838709677,0.06214790674884452,0.05806451612903226
A0A949HZ54,473,86.32135306553911,0.38477801268498946,-0.4234672304439744,0.3255813953488372,-0.011136366117959517,0.08668076109936576
A0A949NWP6,681,87.01908957415566,0.4273127753303965,-0.5958883994126283,0.315712187958884,0.012008907473015449,0.07782672540381791
A0A949RW40,776,88.27319587628865,0.37628865979381443,-0.09974226804123704,0.22551546391752575,-0.054049761223624704,0.07989690721649484
A0A949YQP7,325,88.92307692307693,0.36615384615384616,-0.08215384615384627,0.20923076923076925,0.12493873660829999,0.10461538461538462
A0A950C5J0,757,93.0779392338177,0.4002642007926024,-0.20079260237780722,0.21532364597093792,-0.015794267183231903,0.059445178335535004
A0A950EQ58,647,93.43122102009274,0.3987635239567233,-0.07109737248840814,0.20865533230293662,0.006340178031018975,0.06646058732612056
A0A950J8E7,399,122.08020050125312,0.41102756892230574,0.788721804511278,0.12280701754385964,-0.1903316981702915,0.09273182957393483
A0A950KN47,300,89.20000000000002,0.42333333333333334,-0.17666666666666658,0.24,0.0942699168418481,0.08
A0A950MJ78,366,99.01639344262294,0.40437158469945356,-0.23360655737704933,0.22677595628415304,-0.07169322465507481,0.0546448087431694
A0A950SV21,483,91.11801242236025,0.4037267080745342,-0.05465838509316767,0.2173913043478261,0.040617850908264,0.08902691511387163
A0A950V477,608,84.53947368421053,0.40789473684210525,-0.3421052631578947,0.24835526315789472,0.07398005236181708,0.08388157894736842
A0A951AWJ7,479,124.69728601252608,0.4237995824634656,0.7450939457202503,0.1315240083507307,-0.04011722320798246,0.08559498956158665
A0A951C8V7,432,92.80092592592592,0.44675925925925924,-0.35555555555555557,0.29166666666666663,0.054357662322592676,0.0625
A0A951CVI4,421,88.85985748218528,0.3634204275534442,-0.3021377672209027,0.20665083135391923,0.029289376101987508,0.04750593824228029
A0A951EMF3,379,102.66490765171503,0.44591029023746703,-0.05303430079155658,0.2559366754617414,0.0791812460476249,0.03430079155672823
A0A951SPK8,544,70.79044117647058,0.3014705882352941,-0.2272058823529412,0.125,0.09970291319222653,0.10294117647058824
A0A951UVL5,723,134.08022130013833,0.48824343015214383,0.6038727524204701,0.1673582295988935,0.021189299069938092,0.07192254495159059
A0A951WJ95,729,93.74485596707818,0.43347050754458166,-0.25102880658436205,0.2345679012345679,-0.015063746435875882,0.08779149519890261
A0A952DQ26,378,90.07936507936508,0.37830687830687826,-0.19682539682539696,0.21957671957671956,0.19748940375691165,0.09788359788359788
A0A952QFE7,420,75.5,0.2857142857142857,-0.07499999999999998,0.1761904761904762,0.3357921019231932,0.10714285714285714
A0A953EGL2,577,92.51299826689774,0.4315424610051993,-0.33830155979202786,0.29289428076256496,0.180328311998936,0.07625649913344887
A0A953QPD1,332,131.1144578313253,0.41867469879518077,0.7584337349397591,0.1355421686746988,-0.20712549279564993,0.045180722891566265
A0A954C7I3,567,90.21164021164022,0.3474426807760141,0.07513227513227494,0.1781305114638448,0.28844086835596067,0.054673721340388004
A0A954D529,626,92.66773162939297,0.3450479233226837,0.10063897763578267,0.17731629392971246,0.5465426634781311,0.08306709265175719
A0A954E8W4,791,94.82932996207333,0.4209860935524652,-0.320733249051833,0.26169405815423513,0.0624462884039368,0.06573957016434892
A0A954L7M0,711,112.18002812939523,0.4233473980309423,0.4120956399437412,0.13080168776371306,-0.06411749961174891,0.10829817158931082
A0A954S6H1,590,95.45762711864406,0.42203389830508475,-0.0883050847457626,0.22542372881355932,0.18953798278292766,0.08813559322033898
A0A954TV16,631,83.51822503961965,0.2694136291600634,-0.15087163232963557,0.1774960380348653,0.16975108102466227,0.03169572107765452
A0A955HGH5,768,90.44270833333331,0.48828125,-0.5462239583333337,0.3528645833333333,0.09261711661842127,0.05078125
A0A956BDG0,331,101.72205438066464,0.43504531722054385,0.1006042296072508,0.22054380664652568,0.08130493967748036,0.06646525679758308
A0A956E1G8,522,96.32183908045977,0.4176245210727969,-0.23601532567049804,0.2681992337164751,0.14822608073392965,0.04789272030651341
A0A956I645,389,98.40616966580976,0.403598971722365,0.462210796915167,0.16966580976863754,0.07684003023272235,0.10796915167095116
A0A956P779,400,102.62499999999999,0.4149999999999999,-0.07575000000000012,0.21500000000000002,0.039508541283673565,0.0975
A0A956YNB2,306,77.41830065359477,0.38235294117647056,-0.19281045751633974,0.2124183006535948,0.17069622716897498,0.12091503267973856
A0A957DLH3,466,95.27896995708154,0.37553648068669526,-0.07596566523605153,0.19098712446351931,0.22439593863023627,0.05793991416309013
A0A957I1Y2,724,73.90883977900553,0.3508287292817679,-0.1657458563535913,0.15607734806629833,0.3238928786234855,0.11049723756906077
A0A957NHB1,754,109.0450928381963,0.4058355437665783,0.3753315649867376,0.15782493368700265,0.035912555890644356,0.09283819628647215
A0A957ZAU5,389,122.2107969151671,0.4318766066838047,0.768380462724936,0.11568123393316194,-0.09275405323689875,0.13367609254498714
A0A958A9Y7,735,112.82993197278913,0.4068027210884354,0.7285714285714288,0.10748299319727891,0.010723865391773068,0.14965986394557823
A0A958B6S1,345,86.20289855072464,0.39710144927536234,-0.32782608695652143,0.23768115942028983,0.10389613386872244,0.08985507246376812
A0A958KJR2,462,94.30735930735932,0.4329004329004329,-0.1404761904761906,0.23376623376623376,-0.047424649928138066,0.09523809523809523
A0A958L2I7,774,83.06201550387597,0.3888888888888889,-0.33927648578811365,0.24547803617571057,-0.0908074140212025,0.08914728682170543
A0A959BQI9,621,86.11916264090176,0.40096618357487923,-0.47536231884057983,0.2882447665056361,0.13054261412629856,0.10144927536231885
A0A959IMC9,760,78.32894736842104,0.3907894736842105,-0.425,0.22236842105263155,0.19095853659795387,0.1368421052631579
A0A959KY67,307,88.33876221498372,0.41693811074918574,-0.27133550488599334,0.2214983713355049,-0.15038585882077943,0.1237785016286645
A0A959TEL0,306,89.47712418300652,0.4215686274509804,-0.465032679738562,0.29738562091503273,0.06550154875643222,0.05555555555555555
A0A960G0Z1,693,104.011544011544,0.4069264069264069,0.07085137085137083,0.21789321789321792,0.10842364854274127,0.03896103896103896
A0A960PZ58,496,101.02822580645162,0.41532258064516125,-0.12963709677419355,0.21975806451612906,0.1340821160481697,0.05040322580645161
A0A960SBT2,744,116.65322580645162,0.4435483870967742,0.4350806451612904,0.1653225806451613,0.00694885995532773,0.08198924731182795
A0A960ZFN6,648,87.17592592592592,0.33796296296296297,-0.12623456790123455,0.20833333333333331,0.0698911702773946,0.07561728395061729
A0A961GVS3,438,94.04109589041096,0.3926940639269406,0.06278538812785395,0.23059360730593606,0.1446827948040571,0.0410958904109589
A0A961M7Y9,388,94.48453608247422,0.36082474226804123,0.20927835051546387,0.16494845360824742,0.05270635051600291,0.06185567010309278
A0A961R7I5,385,116.77922077922078,0.425974025974026,0.7467532467532467,0.13766233766233765,-0.047424649928138114,0.10909090909090909
A0A961SRL3,440,99.63636363636364,0.38409090909090915,0.14727272727272736,0.21590909090909088,0.11711339909634338,0.049999999999999996
A0A961SZ43,732,73.42896174863387,0.2841530054644809,-0.07103825136612019,0.1748633879781421,1.3152704347785915,0.12158469945355191
A0A961TZ34,538,93.32713754646839,0.3940520446096654,-0.05446096654275101,0.2211895910780669,-0.07918124604762487,0.07063197026022305
A0A962EBB3,570,113.40350877192982,0.4298245614035088,0.2896491228070175,0.1736842105263158,-0.02580726360628551,0.056140350877192984
A0A962FWP8,332,64.60843373493977,0.33132530120481923,-0.4581325301204821,0.20180722891566266,0.19188552623891317,0.14759036144578314
A0A962HTG6,675,93.74814814814815,0.42518518518518517,0.06666666666666657,0.1940740740740741,-0.13830269816628138,0.10370370370370371
A0A962JR24,757,78.07133421400263,0.36856010568031705,-0.21188903566710698,0.22589167767503301,0.2312465239567364,0.11360634081902246
A0A962L4B3,436,98.11926605504587,0.4059633027522936,0.10366972477064224,0.19954128440366972,0.08813608870055131,0.11926605504587157
A0A963EVH6,547,83.07129798903108,0.4149908592321755,-0.24680073126142593,0.2577696526508227,0.04255235068546367,0.07312614259597806
A0A963GB85,593,92.66441821247892,0.3811129848229342,-0.06644182124789227,0.22428330522765597,0.032184683371401235,0.05396290050590219
A0A963GKR8,509,90.35363457760313,0.3909626719056974,-0.10726915520628694,0.21414538310412573,-0.07058107428570727,0.07465618860510806
A0A963GU57,465,110.3010752688172,0.37849462365591396,0.48344086021505384,0.16559139784946236,0.14424389180368655,0.05806451612903226
A0A963J1N5,310,134.29032258064515,0.42258064516129035,0.8980645161290324,0.0935483870967742,-0.19957235490520414,0.061290322580645165
A0A963SQ07,447,83.44519015659955,0.3825503355704698,-0.24429530201342292,0.25503355704697983,0.0449671455165232,0.06263982102908278
A0A964J8U4,690,93.95652173913045,0.3927536231884058,-0.23130434782608683,0.2797101449275362,0.022276394711152208,0.057971014492753624
A0A964T6H5,570,93.71929824561403,0.3526315789473684,0.10894736842105268,0.19649122807017544,0.15397694476510895,0.05789473684210526
A0A964XQP5,789,88.46641318124207,0.37515842839036756,-0.18922686945500622,0.19645120405576677,0.26823748226767363,0.13307984790874525
A0A965KHN9,549,104.66302367941714,0.4025500910746812,-0.07504553734061953,0.23497267759562845,0.01989482871693917,0.05282331511839709
A0A965KXC5,309,145.27508090614887,0.44660194174757284,1.0598705501618122,0.09385113268608414,-0.14132915279646932,0.061488673139158574
A0A965S696,475,90.27368421052631,0.42947368421052634,-0.22378947368421048,0.22947368421052633,0.007825337511956527,0.08210526315789474
A0A965TUK9,300,86.46666666666667,0.4266666666666667,-0.5960000000000002,0.26,0.06526673151259157,0.10333333333333333
A0A965UJA5,618,78.88349514563107,0.37702265372168287,-0.5482200647249189,0.28317152103559873,0.03436890163126251,0.1488673139158576
A0A965XNX1,303,98.51485148514851,0.47194719471947194,-0.17656765676567654,0.28052805280528054,0.1512676753306491,0.04620462046204621
A0A966FE41,597,91.47403685092127,0.3953098827470687,-0.26767169179229466,0.23115577889447236,0.024823583725032145,0.07370184254606366
A0A967ABE1,373,111.17962466487934,0.42895442359249325,-0.0351206434316354,0.24128686327077747,-0.018885344160373813,0.045576407506702415
A0A968GG55,570,80.82456140350877,0.3385964912280702,-0.6459649122807023,0.2473684210526316,-0.1913312256124182,0.05789473684210526
A0A968U2T1,473,80.06342494714586,0.33826638477801263,-0.11522198731501049,0.16913319238900634,0.35793484700045375,0.1014799154334038
A0A968ZU09,688,80.3924418604651,0.3938953488372092,-0.40683139534883717,0.22093023255813954,0.21884323947663115,0.12645348837209303
A0A969F2Q1,425,74.8470588235294,0.37882352941176467,-0.3927058823529411,0.22588235294117645,0.10689423391465734,0.10352941176470588
A0A969RA96,697,77.08751793400286,0.3629842180774749,-0.5292682926829266,0.22381635581061693,-0.010995384301463193,0.06169296987087518
A0A969VQ77,579,105.21588946459413,0.41796200345423146,-0.0031088082901554737,0.22107081174438686,0.09390450286833127,0.08117443868739205
A0A970A4T6,581,104.07917383820997,0.4113597246127367,-0.1468158347676421,0.24784853700516352,0.10763387839982945,0.04647160068846816
A0A970C4A2,412,101.79611650485437,0.4004854368932038,-0.15509708737864092,0.220873786407767,0.28017985669086104,0.08980582524271843
A0A970NF99,429,90.90909090909089,0.4149184149184149,-0.24708624708624732,0.2331002331002331,0.0854301953246263,0.0979020979020979
A0A970PL32,703,83.42816500711237,0.39971550497866287,-0.4165007112375532,0.2361308677098151,0.17824657108181607,0.10668563300142248
A0A970R298,414,91.78743961352657,0.3816425120772947,-0.1437198067632851,0.23429951690821255,-0.043905485699081745,0.05555555555555555
A0A971D5K1,598,98.51170568561874,0.39464882943143814,0.06304347826086948,0.22240802675585286,0.08390188472020917,0.05852842809364549
A0A971STH1,332,81.71686746987953,0.40662650602409645,-0.3126506024096387,0.22289156626506024,-0.06871581236945987,0.11144578313253012
A0A971TRA0,660,106.09090909090908,0.4242424242424242,0.24469696969696964,0.16666666666666666,-0.12493873660830009,0.09545454545454546
A0A971WNU3,421,87.29216152019002,0.3919239904988123,-0.14346793349168635,0.2351543942992874,0.1299595379833508,0.08076009501187648
A0A972AC68,313,101.46964856230032,0.46006389776357826,-0.04217252396166127,0.2747603833865815,0.07918124604762482,0.05750798722044728
A0A972P5C4,625,95.11999999999999,0.424,-0.11872000000000005,0.2544,0.048605333433501305,0.08960000000000001
A0A972QQA8,604,99.60264900662251,0.4602649006622516,-0.16241721854304644,0.26821192052980136,-0.09571853220063781,0.14403973509933776
A0A972YGC8,731,102.32558139534885,0.40902872777017785,-0.17948016415868664,0.25034199726402184,-0.04228906211607618,0.11627906976744186
A0A972ZEB4,501,78.0439121756487,0.32335329341317365,-0.09481037924151703,0.1656686626746507,0.1549019599857432,0.08982035928143713
A0A973A0X4,612,100.50653594771242,0.46568627450980393,-0.0874183006535948,0.24509803921568626,-0.04575749056067506,0.09967320261437908
A0A973ADC0,775,93.6516129032258,0.3909677419354839,-0.2189677419354839,0.21548387096774194,0.15053715458329303,0.07354838709677419
A0A973CA28,445,131.93258426966293,0.4314606741573033,0.9157303370786518,0.12359550561797752,-0.015239966556736848,0.0943820224719101
A0A973JEW4,464,89.09482758620689,0.4245689655172414,-0.2877155172413793,0.2672413793103448,0.3646990755333584,0.11853448275862069
A0A973XXV3,585,90.82051282051282,0.39316239316239315,-0.028034188034188168,0.20512820512820512,0.1290946963794576,0.06153846153846154
A0A974ALR2,704,117.1306818181818,0.4005681818181818,0.886931818181818,0.10511363636363638,-0.06871581236945992,0.1221590909090909
A0A974BBP8,796,76.18090452261308,0.37939698492462304,-0.49585427135678395,0.21231155778894473,-0.045757490560675226,0.08542713567839195
A0A974DIR0,763,63.38138925294889,0.3630406290956749,-0.7545216251638274,0.26474442988204455,0.09403705116232614,0.06684141546526867
A0A974WGU2,667,97.15142428785607,0.4227886056971514,-0.3650674662668665,0.27586206896551724,0.02802872360024353,0.095952023988006
A0A975CMZ3,367,104.11444141689373,0.42234332425068116,-0.22506811989100825,0.27520435967302453,-0.1796078327785185,0.10626702997275204
A0A975H2E9,719,85.15994436717664,0.38108484005563276,-0.2692628650904032,0.2475660639777469,0.15607414553379398,0.07510431154381085
A0A975N383,520,71.63461538461539,0.40384615384615385,-0.3769230769230771,0.21346153846153848,0.11598389395537355,0.11346153846153846
A0A976LAP5,503,90.25844930417495,0.3558648111332008,-0.060834990059642435,0.20874751491053678,0.07323191353442363,0.06958250497017893
A0A976SKC5,720,75.2361111111111,0.3805555555555556,-0.6419444444444447,0.25833333333333336,0.09275405323689864,0.10833333333333334
A0A9B0WTQ8,486,99.11522633744856,0.39917695473251025,0.06337448559670777,0.2037037037037037,0.025807263606285526,0.06790123456790123
A0A9C9SP70,751,131.06524633821573,0.4380825565912117,0.5858854860186418,0.18508655126498003,-0.0927540532368987,0.07856191744340879
A0A9D0ICZ9,508,141.06299212598427,0.4744094488188977,0.9834645669291338,0.1279527559055118,-0.1978105087489176,0.09448818897637795
A0A9D1KVS2,382,98.21989528795811,0.43717277486910994,-0.2636125654450263,0.28534031413612565,0.13408211604816975,0.07329842931937172
A0A9D1MJM4,751,104.22103861517975,0.4447403462050598,0.08521970705725695,0.21171770972037285,0.5406075122407692,0.09986684420772303
A0A9D1QYZ5,744,76.86827956989248,0.321236559139785,-0.21680107526881748,0.1975806451612903,0.1591528371394016,0.09408602150537634
A0A9D1WDJ5,522,104.67432950191568,0.3505747126436781,0.2777777777777778,0.19157088122605365,-0.03407978957227543,0.06704980842911877
A0A9D2ANJ3,395,81.74683544303798,0.38734177215189874,-0.3612658227848101,0.27341772151898736,0.11115045212266669,0.09367088607594937
A0A9D2CRJ0,460,86.43478260869564,0.31739130434782614,-0.024130434782608734,0.1608695652173913,0.161850819941071,0.052173913043478265
A0A9D2GSN0,389,91.72236503856041,0.44215938303341906,-0.10848329048843197,0.22622107969151672,0.11650556907143708,0.09511568123393316
A0A9D2KLT4,670,86.3731343283582,0.4074626865671641,-0.49223880597014924,0.31044776119402984,0.12493873660829999,0.08059701492537313
A0A9D3A1A1,409,77.26161369193154,0.39853300733496333,-0.46650366748166255,0.2787286063569682,0.10534318054491926,0.10024449877750612
A0A9D3MB49,735,79.71428571428572,0.3687074829931972,-0.47156462585034015,0.23401360544217686,0.23521271117433792,0.050340136054421766
A0A9D3MP37,555,80.86486486486487,0.3621621621621621,-0.34234234234234245,0.2594594594594595,0.0,0.05945945945945946
A0A9D3NPW5,447,80.46979865771813,0.41834451901566,-0.4545861297539147,0.2237136465324385,-0.03407978957227538,0.14541387024608501
A0A9D3QDE6,716,75.4608938547486,0.4455307262569832,-0.747486033519553,0.3170391061452514,0.011379545743498679,0.061452513966480445
A0A9D3QH66,699,67.38197424892705,0.35050071530758226,-0.6788268955650931,0.26895565092989987,0.07331797208655369,0.10157367668097284
A0A9D3SU96,305,100.78688524590164,0.3868852459016393,0.2668852459016392,0.14426229508196722,0.15261016320615833,0.1278688524590164
A0A9D4GJC9,772,77.66839378238342,0.30829015544041455,-0.3103626943005181,0.20595854922279794,0.27300127206373753,0.07253886010362694
A0A9D4GPT9,341,55.19061583577712,0.24926686217008798,-0.159824046920821,0.15249266862170086,0.06445798922691862,0.07038123167155426
A0A9D4NSL6,668,58.23353293413174,0.26047904191616766,-0.9163173652694608,0.19461077844311378,-0.026328938722349156,0.04940119760479042
A0A9D4SRB4,739,88.07848443843031,0.41542625169147496,-0.17672530446549406,0.2327469553450609,-0.01997108093062,0.09066305818673884
A0A9D4T179,688,95.30523255813954,0.4331395348837209,-0.09418604651162799,0.20784883720930233,-0.10230504489476261,0.09738372093023256
A0A9D4XTY3,453,80.41942604856511,0.3818984547461369,-0.6304635761589406,0.2913907284768212,0.03891806603036966,0.0838852097130243
A0A9D5MFN9,437,76.22425629290619,0.368421052631579,-0.19954233409610983,0.2356979405034325,0.37787002589670354,0.11212814645308924
A0A9D5SRK5,629,113.43402225755166,0.4260731319554849,0.45771065182829884,0.19872813990461047,-0.006839424530305417,0.05564387917329094
A0A9D5X8Y1,375,118.82666666666665,0.4426666666666666,0.5991999999999998,0.14933333333333335,-0.02996322337744321,0.16
A0A9D5ZBF6,304,96.51315789473684,0.3322368421052631,-0.036184210526315846,0.17105263157894737,0.032184683371401235,0.042763157894736836
A0A9D6ATT4,609,102.66009852216749,0.43349753694581283,-0.024302134646962403,0.2463054187192118,0.022862882959504255,0.06896551724137931
A0A9D6BLN8,444,78.490990990991,0.3445945945945946,-0.2664414414414413,0.19144144144144143,-0.029963223377443157,0.08783783783783783
A0A9D6C9K3,434,96.88940092165899,0.43548387096774194,-0.13387096774193546,0.24654377880184333,-0.10408859763517983,0.07373271889400923
A0A9D6DKI8,347,89.94236311239193,0.4495677233429395,-0.3642651296829972,0.29394812680115273,0.1176394978668005,0.0893371757925072
A0A9D6IIH6,620,104.08064516129032,0.4064516129032258,-0.01741935483870949,0.2338709677419355,0.1009004957408611,0.03387096774193549
A0A9D6MBI3,504,79.08730158730157,0.3333333333333333,-0.08769841269841261,0.14484126984126983,0.08130493967748044,0.10515873015873015
A0A9D6MU52,456,96.84210526315789,0.39473684210526316,0.06842105263157894,0.2390350877192982,-0.023481095849522866,0.05263157894736842
A0A9D6PRR3,554,75.10830324909747,0.3700361010830325,-0.3389891696750903,0.21299638989169672,0.07255066714861176,0.12274368231046931
A0A9D6PYQ4,660,98.56060606060606,0.38636363636363635,-0.008484848484848595,0.21212121212121213,-0.08591462870659325,0.06666666666666667
A0A9D6UV08,626,92.17252396166134,0.39137380191693294,0.001757188498402562,0.21405750798722045,0.06398231066687415,0.05591054313099041
A0A9D6VPA5,503,84.55268389662027,0.3658051689860835,-0.17912524850894646,0.2345924453280318,-0.07255066714861179,0.09542743538767395
A0A9D7C5N2,567,108.87125220458553,0.4056437389770723,0.41428571428571426,0.11992945326278659,-0.09970291319222656,0.15873015873015872
A0A9D7KPR3,665,135.89473684210526,0.4616541353383459,0.7566917293233082,0.1699248120300752,0.05293607518779849,0.0887218045112782
A0A9D7NB91,649,96.22496147919875,0.4637904468412943,-0.24221879815100145,0.2773497688751926,-0.11521013341473084,0.040061633281972264
A0A9D7QQN9,341,100.79178885630498,0.4252199413489736,0.012023460410557296,0.21114369501466276,0.07058107428570728,0.07917888563049853
A0A9D7RD60,706,88.69688385269122,0.3980169971671388,-0.37592067988668526,0.23512747875354106,0.01034083333821877,0.11898016997167138
A0A9D7T9C2,511,102.60273972602741,0.3953033268101761,0.281409001956947,0.18199608610567514,-0.009143379439869771,0.03522504892367906
A0A9D8C9J4,344,114.59302325581395,0.4651162790697675,0.6052325581395348,0.16279069767441862,-0.12057393120584987,0.13953488372093023
A0A9D8CJG2,630,83.96825396825398,0.40634920634920635,-0.34158730158730144,0.27142857142857146,-0.015063746435875932,0.06666666666666668
A0A9D8M4W8,393,100.86513994910939,0.361323155216285,0.07022900763358775,0.21374045801526714,0.08103325090921824,0.03816793893129771
A0A9D8PYR0,504,81.17063492063492,0.41468253968253965,-0.4097222222222221,0.27976190476190477,0.09144711730655426,0.09523809523809523
A0A9D8WEJ4,726,81.96969696969697,0.3732782369146006,-0.17809917355371901,0.1997245179063361,0.28780172993022607,0.0881542699724518
A0A9D9C173,379,87.70448548812665,0.39577836411609496,-0.14300791556728248,0.2058047493403694,0.3174204118521506,0.12401055408970976
A0A9D9EA81,653,87.25880551301684,0.37672281776416533,-0.1448698315467074,0.22358346094946402,0.1908145158763876,0.06431852986217458
A0A9D9GRY3,661,98.33585476550681,0.4826021180030257,-0.3874432677760966,0.3207261724659607,0.0487570697007771,0.08774583963691376
A0A9D9QVR2,470,112.70212765957446,0.40425531914893614,0.04446808510638303,0.22340425531914893,0.1558878729673943,0.0574468085106383
A0A9D9QXT8,334,80.92814371257484,0.3502994011976048,-0.2517964071856288,0.18862275449101798,-0.06694678963061317,0.1287425149700599
A0A9D9RES2,755,83.90728476821192,0.32980132450331123,-0.15377483443708612,0.22119205298013245,0.06694678963061323,0.07549668874172186
A0A9D9W260,701,77.4607703281027,0.4079885877318117,-0.44707560627674764,0.2524964336661912,0.06319314066349449,0.12268188302425106
A0A9D9WA81,496,100.0,0.4032258064516129,-0.21653225806451615,0.2278225806451613,-0.09860979788595081,0.06048387096774194
A0A9E0HSG0,358,86.36871508379889,0.4692737430167597,-0.6134078212290504,0.34916201117318435,0.4197197829952797,0.06424581005586592
A0A9E0YDI0,424,96.60377358490567,0.41745283018867924,-0.09009433962264152,0.25,0.0160868198934548,0.06839622641509434
A0A9E1JNV0,547,94.49725776965265,0.43144424131627057,-0.45356489945155387,0.30347349177330896,-0.12493873660830002,0.07129798903107862
A0A9E1MXU6,634,54.05362776025237,0.22870662460567823,-0.7189274447949529,0.25552050473186116,0.909080350681131,0.07097791798107256
A0A9E1SAP7,789,87.32572877059567,0.36755386565272496,-0.3314321926489229,0.229404309252218,0.05227328302267713,0.046894803548795945
A0A9E2E3D0,354,84.3220338983051,0.4096045197740113,-0.36638418079096063,0.2457627118644068,0.08813608870055123,0.09322033898305085
A0A9E2HLD2,465,94.86021505376344,0.3354838709677419,0.1946236559139785,0.1870967741935484,0.10790539730951956,0.05161290322580645
A0A9E2KAC1,673,92.10995542347695,0.36701337295690933,-0.07280832095096573,0.19167904903417532,-0.046457401239001446,0.08915304606240712
A0A9E2MH10,329,82.1580547112462,0.44072948328267475,-0.4440729483282675,0.21580547112462006,-0.011899223299707806,0.11854103343465046
A0A9E2N1Z0,750,90.09333333333332,0.388,-0.18160000000000007,0.20266666666666666,0.05648135595244829,0.1373333333333333
A0A9E2NF11,780,98.7051282051282,0.4294871794871795,-0.18807692307692309,0.26538461538461533,0.020783605923292193,0.05
A0A9E2XS77,355,79.63380281690141,0.4028169014084507,-0.41915492957746486,0.23943661971830987,-0.009984220906600946,0.09014084507042254
A0A9E2ZFL4,580,85.39655172413792,0.4620689655172414,-0.4675862068965517,0.2844827586206896,-0.03642926562667494,0.06206896551724138
A0A9E3CX58,659,118.42185128983309,0.4279210925644917,0.5201820940819426,0.13808801213960545,-0.028028723600243593,0.08345978755690439
A0A9E3FXF5,332,100.30120481927712,0.40963855421686746,-0.1840361445783133,0.286144578313253,-0.13540417028646495,0.060240963855421686
A0A9E3LRE5,761,97.73981603153746,0.354796320630749,0.09040735873850203,0.19316688567674115,0.08773904968289026,0.06964520367936924
A0A9E3MLW9,359,83.98328690807799,0.38997214484679665,-0.34456824512534817,0.2618384401114206,-0.036212172654444715,0.08635097493036212
A0A9E3USF7,535,89.4766355140187,0.42242990654205603,-0.35065420560747673,0.2654205607476635,0.03621217265444471,0.07476635514018692
A0A9E3UT78,706,107.33711048158638,0.4291784702549575,0.3941926345609065,0.1614730878186969,-0.10534318054491922,0.06657223796033994
A0A9E4TS51,673,90.75780089153047,0.3937592867756315,-0.35334323922734034,0.24071322436849926,0.11722459983485983,0.08172362555720653
A0A9E5J472,726,83.20936639118457,0.35399449035812675,-0.15206611570247947,0.174931129476584,0.08783035515613798,0.09504132231404959
A0A9E5M247,404,112.84653465346534,0.4034653465346535,0.7695544554455442,0.08663366336633663,-0.16633142176652496,0.12623762376237624
A0A9E5N1T8,371,81.80592991913747,0.40431266846361186,-0.47897574123989206,0.2749326145552561,-0.11763949786680046,0.05121293800539084
A0A9E5RTU8,396,102.70202020202022,0.4318181818181818,-0.42752525252525253,0.23484848484848486,-0.02743824834693962,0.05555555555555555
A0A9E5SGZ3,462,99.13419913419914,0.43290043290043295,-0.06471861471861479,0.22294372294372294,0.2284793285153695,0.1038961038961039
A0A9E5ZJH8,607,76.27677100494235,0.37726523887973634,-0.48253706754530507,0.23393739703459637,0.03621217265444471,0.1301482701812191
A0A9E6A4J2,395,108.58227848101265,0.39999999999999997,-0.17544303797468358,0.25063291139240507,0.043034632225201944,0.05569620253164557
A0A9E6FD20,636,110.22012578616352,0.4308176100628931,-0.1399371069182388,0.24213836477987422,0.05575523225561796,0.0770440251572327
A0A9E6JTK9,668,90.74850299401199,0.3218562874251497,0.13098802395209586,0.12125748502994012,0.15871716298625854,0.09580838323353294
A0A9E7EEC9,643,83.17262830482115,0.39035769828926903,-0.202954898911353,0.2690513219284603,-0.104735350520013,0.08864696734059097
A0A9E7FG93,699,77.79685264663806,0.2818311874105866,-0.2559370529327612,0.12160228898426323,0.009984220906600923,0.06437768240343347
A0A9E7R835,310,114.16129032258064,0.47096774193548385,0.6338709677419354,0.13225806451612904,-0.02020338608828695,0.13548387096774192
A0A9F2R5D4,404,79.40594059405942,0.3564356435643564,-0.46757425742574255,0.27722772277227725,0.030489322147900264,0.09158415841584158
A0A9F5N4X7,618,62.75080906148867,0.3559870550161812,-1.0548543689320387,0.33980582524271846,-0.024589273235451483,0.02588996763754045
A0A9J5XXF3,553,85.28028933092224,0.44665461121157324,-0.5054249547920436,0.2784810126582279,-0.011136366117959567,0.11754068716094032
A0A9J5YR88,420,63.9047619047619,0.3023809523809524,-0.713809523809524,0.2761904761904762,-0.10354059190706948,0.06190476190476191
A0A9J6EJ03,301,88.27242524916944,0.39867109634551495,-0.2996677740863786,0.29235880398671094,0.019305155195386628,0.079734219269103
A0A9J6NWE3,472,86.90677966101694,0.4110169491525423,-0.5646186440677967,0.31779661016949157,-0.02286288295950423,0.1292372881355932
A0A9J7IRU3,671,72.83159463487333,0.34873323397913564,-0.5378539493293593,0.2459016393442623,0.141673694251988,0.06557377049180328
A0A9J7WUI7,362,101.49171270718232,0.4226519337016575,0.35386740331491695,0.1408839779005525,-0.18293068358598671,0.11878453038674033
A0A9J7YTG6,606,78.51485148514851,0.3976897689768977,-0.4242574257425744,0.235973597359736,0.04196450154353595,0.10396039603960397
A0A9J7ZIJ5,745,82.95302013422818,0.4013422818791946,-0.4252348993288593,0.24966442953020135,-0.05551732784983132,0.09664429530201342
A0A9K3LKA9,546,77.67399267399267,0.3608058608058608,-0.44358974358974357,0.19963369963369965,-0.007825337511956592,0.10073260073260074
A0A9N7LPS0,359,116.37883008356545,0.38997214484679665,0.7601671309192202,0.11420612813370473,-0.060697840353611754,0.09192200557103064
A0A9N7VZV8,769,80.50715214564369,0.3849154746423926,-0.3202860858257477,0.22496749024707413,0.09467713157576446,0.10533159947984395
A0A9N8WC86,527,88.06451612903226,0.444022770398482,-0.46394686907020877,0.2998102466793169,-0.010857927588208272,0.09108159392789374
A0A9N9DK62,789,91.47021546261091,0.38910012674271227,-0.022306717363751505,0.19898605830164767,0.005462895701502187,0.10646387832699619
A0A9N9F004,571,63.0647985989492,0.3362521891418564,-0.8313485113835377,0.2732049036777583,0.26041214475571717,0.09106830122591944
A0A9N9QKJ9,348,75.97701149425286,0.3103448275862069,-0.4864942528735633,0.15229885057471265,-0.11115045212266667,0.05747126436781609
A0A9N9RJ12,799,78.48560700876095,0.3491864831038799,-0.34693366708385476,0.23153942428035046,0.04183606904758208,0.11013767209011265
A0A9N9UG07,566,72.31448763250884,0.3833922261484099,-0.5703180212014135,0.25265017667844525,0.17609125905568124,0.10954063604240283
A0A9N9ULS5,731,94.87004103967168,0.38303693570451436,0.005061559507523905,0.20383036935704515,0.07496476164646136,0.06155950752393981
A0A9N9V2K7,720,78.84722222222223,0.39583333333333337,-0.49777777777777754,0.24444444444444446,0.009759837289156241,0.075
A0A9N9X705,524,113.05343511450383,0.4790076335877863,0.2791984732824427,0.20229007633587787,-0.11323197707504952,0.15076335877862596
A0A9P0B6A2,584,80.42808219178083,0.4160958904109589,-0.6099315068493152,0.3082191780821918,-0.047772781796000675,0.07705479452054795
A0A9P0G262,658,56.88449848024316,0.26899696048632216,-1.0445288753799393,0.26595744680851063,-0.12350778150185115,0.019756838905775075
A0A9P0HVK2,374,89.89304812834224,0.3983957219251337,-0.1184491978609627,0.18449197860962568,-0.012234456417011635,0.13101604278074866
A0A9P0IPQ4,594,73.83838383838383,0.367003367003367,-0.5942760942760945,0.2727272727272727,-0.021189299069938047,0.1026936026936027
A0A9P0L5X6,388,125.87628865979381,0.42525773195876293,0.8082474226804122,0.11597938144329897,-0.16840443038939032,0.11597938144329897
A0A9P0NJ37,669,77.63826606875935,0.3497757847533632,-0.7578475336322871,0.25112107623318386,-0.010219165181686031,0.04035874439461883
A0A9P0ZHB1,635,90.61417322834644,0.3826771653543307,0.04614173228346466,0.19370078740157481,0.048691923899724446,0.11338582677165354
A0A9P1AZ23,391,76.11253196930946,0.3273657289002557,-0.35012787723785166,0.22762148337595906,0.009545317906230456,0.06649616368286446
A0A9P1BJQ1,470,87.25531914893617,0.3872340425531915,-0.27787234042553205,0.25531914893617025,-0.04275198042094984,0.04680851063829787
A0A9P1GQE9,333,78.8888888888889,0.34234234234234234,-0.627927927927928,0.3213213213213213,-0.07188200730612535,0.05705705705705706
A0A9P1H6T2,582,83.21305841924398,0.3745704467353952,-0.3560137457044672,0.25945017182130586,-0.02839537155946524,0.06357388316151202
A0A9P3PLU5,730,71.16438356164383,0.3616438356164383,-0.5424657534246573,0.28219178082191776,-0.07535483819457191,0.06027397260273973
A0A9P4HHF7,537,92.29050279329608,0.3743016759776536,-0.2648044692737428,0.19553072625698323,-0.024359345859444645,0.042830540037243944
A0A9P4ITU5,324,91.23456790123457,0.3796296296296296,0.024074074074074137,0.2067901234567901,0.08842190278253749,0.09567901234567901
A0A9P4K7L9,540,48.62962962962963,0.3851851851851852,-1.1851851851851851,0.3296296296296296,0.009651385676180839,0.08888888888888889
A0A9P4K8I1,620,70.19354838709677,0.38709677419354843,-0.6551612903225805,0.2854838709677419,-0.06319314066349449,0.1064516129032258
A0A9P4MAE4,536,81.82835820895522,0.38246268656716415,-0.06585820895522393,0.18656716417910446,-0.017033339298780394,0.125
A0A9P4NL16,764,82.74869109947643,0.34947643979057585,-0.4574607329842932,0.25,-0.0225073409978512,0.049738219895287955
A0A9P4S6V1,646,58.157894736842096,0.29876160990712075,-0.563312693498452,0.1826625386996904,-0.08715017571890014,0.08978328173374614
A0A9P4WC91,460,64.30434782608697,0.19130434782608696,-0.2686956521739131,0.15,-0.5362427068383191,0.010869565217391304
A0A9P4WVS6,621,77.02093397745573,0.35426731078904994,-0.4196457326892109,0.2077294685990338,0.14045090278654757,0.0821256038647343
A0A9P4XLG4,419,74.82100238663485,0.37231503579952263,-0.8181384248210024,0.3269689737470167,0.0563183630881206,0.028639618138424822
A0A9P5BSJ5,641,75.05460218408737,0.36349453978159124,-0.33166926677067077,0.20748829953198128,0.045078374735188116,0.11856474258970359
A0A9P5BZJ4,308,84.90259740259741,0.36363636363636365,0.04512987012987013,0.17857142857142855,-0.2016453635280694,0.12987012987012986
A0A9P5D0H7,544,91.6360294117647,0.3952205882352941,0.1071691176470588,0.1764705882352941,0.0,0.12867647058823528
A0A9P5L4Z6,457,90.0875273522976,0.35010940919037203,-0.10328227571115964,0.19912472647702406,0.08432088570003587,0.07439824945295405
A0A9P5PGZ4,426,85.11737089201878,0.3661971830985916,-0.1572769953051643,0.19483568075117372,0.07169322465507488,0.10093896713615023
A0A9P5T897,408,126.22549019607843,0.41911764705882354,0.780392156862745,0.11274509803921567,0.2609127724559988,0.09313725490196079
A0A9P5T8Q5,665,74.69172932330827,0.33533834586466166,-0.4103759398496242,0.21353383458646616,-0.012064511401380614,0.08270676691729323
A0A9P5ZNL5,525,80.7047619047619,0.38857142857142857,-0.45542857142857135,0.28,0.1471275631203646,0.0761904761904762
A0A9P6PF59,621,82.22222222222221,0.35587761674718194,-0.2848631239935588,0.20450885668276972,0.06069784035361165,0.0644122383252818
A0A9P6Q0E8,674,66.85459940652818,0.258160237388724,-0.5302670623145401,0.1513353115727003,-0.050166609465730205,0.04747774480712166
A0A9P6URL8,425,88.4235294117647,0.3364705882352941,-0.09788235294117648,0.20705882352941177,0.11650556907143717,0.07529411764705882
A0A9P6VN54,359,80.69637883008356,0.3370473537604457,0.09192200557103072,0.11977715877437325,0.019305155195386628,0.1392757660167131
A0A9P6YU35,665,84.51127819548871,0.3789473684210527,-0.32541353383458654,0.2406015037593985,9.64327466553287e-17,0.07819548872180451
A0A9P7B039,727,91.62310866574964,0.40165061898211823,-0.2998624484181567,0.23658872077028886,-0.019971080930620052,0.07015130674002751
A0A9P7E673,701,92.95292439372325,0.3851640513552068,-0.08673323823109863,0.21683309557774608,-0.022565827898741404,0.07703281027104136
A0A9P7P0R7,750,86.38666666666666,0.3973333333333333,-0.3614666666666668,0.27066666666666667,0.06366907986937721,0.07333333333333333
A0A9P7PAV4,772,81.9559585492228,0.37305699481865284,-0.7588082901554403,0.33160621761658027,-0.0067333826589683786,0.04533678756476684
A0A9P7S3B6,539,60.22263450834879,0.33580705009276435,-0.7688311688311686,0.18738404452690166,-0.05912145211865665,0.08905380333951762
A0A9P7W2Y8,507,76.15384615384615,0.3846153846153846,-0.544378698224852,0.2781065088757396,0.07918124604762482,0.08086785009861933
A0A9P7ZCA2,505,76.53465346534654,0.3861386138613862,-0.48237623762376247,0.24158415841584158,0.02802872360024353,0.08118811881188119
A0A9P7ZQ63,501,85.34930139720561,0.40119760479041916,-0.25129740518962085,0.23552894211576847,0.0,0.10179640718562874
A0A9P7ZTS5,369,58.75338753387533,0.33062330623306235,-0.8672086720867209,0.2764227642276423,-0.1691423991003534,0.05962059620596206
A0A9P8AHH9,562,88.66548042704626,0.4056939501779359,-0.3323843416370106,0.2829181494661922,0.048605333433501395,0.08896797153024912
A0A9P8BT57,522,71.8007662835249,0.29693486590038315,-0.309961685823755,0.16475095785440613,0.0791812460476249,0.07471264367816091
A0A9P8L0N3,683,83.76281112737921,0.3967789165446559,-0.18653001464128832,0.21961932650073207,0.022862882959504165,0.09956076134699854
A0A9P8P7V6,662,79.25981873111783,0.3927492447129909,-0.8771903323262843,0.28700906344410876,0.0362121726544448,0.05740181268882175
A0A9P8PGP4,746,95.7372654155496,0.39410187667560326,-0.3301608579088474,0.2479892761394102,0.07918124604762482,0.10455764075067024
A0A9P8QD14,402,105.94527363184079,0.3930348258706467,0.48706467661691527,0.1417910447761194,0.01472325682070638,0.1318407960199005
A0A9P8T5N7,621,92.64090177133654,0.3961352657004831,-0.1642512077294686,0.2399355877616747,0.06338697886439296,0.06924315619967794
A0A9P8V9F5,516,104.30232558139534,0.38953488372093026,0.4693798449612402,0.14728682170542634,-0.06694678963061322,0.1065891472868217
A0A9P9BJK3,547,112.24862888482632,0.4424131627056673,0.4109689213893968,0.15722120658135283,0.039508541283673655,0.10786106032906764
A0A9P9F718,787,95.8322744599746,0.3646759847522236,0.2905972045743329,0.13087674714104192,-0.024823583725032104,0.13850063532401524
A0A9P9H230,412,68.49514563106796,0.3519417475728155,-0.5953883495145631,0.2184466019417476,-0.056727624448927094,0.10194174757281553
A0A9P9Q3J4,519,93.04431599229287,0.37957610789980734,-0.035067437379576294,0.2119460500963391,0.046576142041355136,0.07129094412331406
A0A9P9RQL9,659,57.22306525037937,0.24886191198786042,-0.7898330804248863,0.15174506828528073,-0.08543019532462635,0.0622154779969651
A0A9P9U303,653,86.73813169984686,0.40581929555895857,-0.0719754977029099,0.21439509954058192,0.0244737693832006,0.12404287901990811
A0A9P9WWQ5,458,86.74672489082968,0.37336244541484714,-0.1443231441048036,0.185589519650655,0.1307682802690238,0.08733624454148471
A0A9P9XQS2,652,61.04294478527608,0.26993865030674846,-0.6136503067484662,0.21319018404907975,0.0679002356379358,0.04447852760736196
A0A9P9Y397,576,65.36458333333333,0.3194444444444444,-0.2973958333333333,0.1597222222222222,0.37238590419964945,0.13368055555555555
A0A9Q0HTH8,537,116.46182495344506,0.3966480446927375,0.6530726256983241,0.148975791433892,-0.04240384855308729,0.0893854748603352
A0A9Q0KEZ2,559,65.25939177101968,0.32737030411449014,-0.8375670840787122,0.24508050089445438,-0.25042000230889405,0.059033989266547404
A0A9Q0Q0U2,695,84.31654676258992,0.39568345323741005,-0.3471942446043163,0.22877697841726619,-0.048605333433501416,0.10503597122302158
A0A9Q0Q8S4,790,122.9367088607595,0.43670886075949367,0.7529113924050632,0.12151898734177215,-0.14309099895275598,0.12025316455696203
A0A9Q0UE08,671,60.65573770491803,0.24888226527570792,-0.5752608047690017,0.14456035767511177,0.07918124604762482,0.06706408345752608
A0A9Q1CKP8,370,61.432432432432435,0.25405405405405407,-0.5708108108108109,0.2,-0.38997107900076233,0.07837837837837838
A0A9Q1DMF7,568,95.0,0.426056338028169,0.12852112676056335,0.19014084507042253,0.0,0.13908450704225353
A0A9Q1FBU7,392,71.68367346938776,0.385204081632653,-0.6650510204081634,0.28061224489795916,0.10914446942506809,0.04846938775510204
A0A9Q1G3T0,524,92.36641221374046,0.3702290076335878,0.013931297709923685,0.20038167938931295,0.00811789022217946,0.06679389312977099
A0A9Q1M2V8,595,94.82352941176471,0.41680672268907565,-0.15596638655462192,0.23865546218487396,-0.024133679716719363,0.0957983193277311
A0A9Q1QKI6,533,74.65290806754221,0.3433395872420263,-0.4363977485928707,0.22138836772983114,-0.07255066714861173,0.06941838649155722
A0A9Q2EEQ0,764,85.06544502617801,0.3821989528795811,-0.2434554973821989,0.21727748691099474,0.07255066714861176,0.0968586387434555
A0A9Q2ITR4,371,81.32075471698114,0.3800539083557951,-0.21482479784366565,0.23180592991913745,-0.09913147300201434,0.0862533692722372
A0A9Q3DWE7,472,97.71186440677965,0.42372881355932207,-0.22224576271186436,0.21610169491525422,-0.1691423991003534,0.09110169491525424
A0A9Q4ZNT1,652,95.69018404907975,0.4263803680981595,-0.08742331288343569,0.25153374233128833,0.041892161328177045,0.05368098159509202
A0A9Q5X4Y2,749,79.83978638184246,0.37783711615487314,-0.43271028037383175,0.2590120160213618,0.07106335582544539,0.08945260347129505
A0A9Q7X6R9,607,68.73146622734761,0.3228995057660626,-0.6112026359143327,0.228995057660626,-0.030813947414219556,0.04118616144975289
A0A9Q8Q9V6,777,80.74646074646074,0.3603603603603604,-0.3271557271557271,0.22007722007722008,-0.015063746435875882,0.06435006435006435
A0A9Q8V7Z5,641,60.88923556942277,0.31981279251170047,-0.8491419656786274,0.2449297971918877,-0.09322432343109331,0.059282371294851796
A0A9Q8Z947,776,66.06958762886597,0.3569587628865979,-0.7847938144329895,0.28350515463917525,0.07058107428570737,0.037371134020618556
A0A9Q9AIE6,780,62.102564102564095,0.29871794871794866,-0.5441025641025645,0.16282051282051282,-0.02020338608828705,0.08717948717948718
A0A9Q9AIL7,673,84.73997028231797,0.3818722139673105,-0.4176820208023772,0.2585438335809807,0.039508541283673565,0.0713224368499257
A0A9Q9U9D9,555,81.38738738738739,0.39459459459459456,-0.3527927927927928,0.24324324324324326,0.01902323731343045,0.08468468468468468
A0A9R0AS57,569,109.63093145869945,0.39543057996485065,0.5462214411247802,0.11072056239015818,-0.2041199826559248,0.1265377855887522
A0A9R0QK60,594,79.93265993265992,0.3063973063973064,-0.21936026936026937,0.18518518518518517,9.64327466553287e-17,0.09090909090909091
A0A9R0QWG6,340,63.3235294117647,0.28823529411764703,-0.1341176470588236,0.15,-0.08218675618735007,0.1
A0A9R0VJU2,595,103.15966386554621,0.3983193277310924,0.1947899159663865,0.2184873949579832,-0.026328938722349156,0.040336134453781515
A0A9R0X318,477,50.37735849056604,0.2809224318658281,-0.7067085953878407,0.23060796645702308,-0.03103423373996879,0.09433962264150944
A0A9R0ZMI8,443,68.1941309255079,0.3431151241534989,-0.5428893905191872,0.27088036117381487,0.014240439114610193,0.06772009029345372
A0A9R1DWC6,314,40.47770700636942,0.24203821656050953,-1.068152866242038,0.3089171974522293,-0.1326255652745909,0.050955414012738856
A0A9R1J2K9,333,76.09609609609609,0.3363363363363363,-0.3264264264264266,0.1891891891891892,0.013363961557981502,0.09009009009009009
A0A9R1NXJ7,660,77.86363636363636,0.36969696969696975,-0.5315151515151515,0.2590909090909091,0.02511072058303122,0.07272727272727272
A0A9R1Q4L4,788,86.35786802030456,0.3984771573604061,-0.21979695431472074,0.21954314720812185,-0.05466909617021843,0.10659898477157359
A0A9R1W3X4,417,101.462829736211,0.381294964028777,0.037410071942446166,0.24700239808153476,0.024823583725032145,0.040767386091127095
A0A9V1FKQ8,477,80.71278825995807,0.36897274633123694,-0.37903563941299806,0.2452830188679245,-0.007299238741499416,0.07966457023060797
A0A9W2UW72,701,88.73038516405136,0.3865905848787447,-0.3333808844507846,0.24393723252496435,-0.08562900259836731,0.07132667617689016
A0A9W3D4A7,609,86.79802955665025,0.35303776683087035,-0.06223316912972082,0.1954022988505747,0.0647253296366551,0.08374384236453203
A0A9W4D087,453,59.33774834437086,0.3509933774834437,-1.0399558498896249,0.33995584988962474,0.01113636611795956,0.0838852097130243
A0A9W4E707,695,79.43884892086331,0.3640287769784173,-0.23395683453237415,0.21151079136690648,0.18339049779718075,0.0776978417266187
A0A9W4K213,563,80.53285968028419,0.38010657193605685,-0.4623445825932503,0.24511545293072826,-0.06214790674884446,0.0763765541740675
A0A9W4NUA8,405,72.79012345679013,0.3679012345679012,-0.3617283950617284,0.2518518518518518,0.1176394978668005,0.09876543209876543
A0A9W4SDV4,753,96.85258964143426,0.39043824701195223,-0.09243027888446237,0.23638778220451528,0.028963695935316558,0.08764940239043825
A0A9W4SQ26,433,82.8175519630485,0.37182448036951504,-0.4683602771362586,0.20092378752886836,0.009759837289156241,0.07390300230946882
A0A9W4SXZ5,307,85.70032573289903,0.39739413680781766,-0.829641693811075,0.28338762214983715,-0.04884856753781702,0.06188925081433225
A0A9W4WKZ8,744,95.38978494623656,0.4099462365591398,0.07163978494623657,0.18010752688172044,-0.025554104472388116,0.1545698924731183
A0A9W4ZDZ8,502,88.60557768924302,0.40438247011952194,-0.3498007968127491,0.2549800796812749,0.04011722320798241,0.08764940239043825
A0A9W5QZ04,553,69.60216998191683,0.4141048824593128,-0.7826401446654611,0.28933092224231466,0.1296338578166798,0.13381555153707053
A0A9W5YJR3,587,65.94548551959114,0.393526405451448,-0.7744463373083477,0.27427597955706984,0.12338490853967833,0.14480408858603067
A0A9W6A3K0,696,95.5316091954023,0.3735632183908046,-0.17528735632183895,0.2586206896551724,0.16419203575597358,0.037356321839080456
A0A9W6BUI4,418,83.37320574162679,0.36602870813397126,-0.22727272727272707,0.23444976076555024,0.0,0.06698564593301436
A0A9W6DN57,367,68.06539509536785,0.33242506811989103,-0.5926430517711172,0.220708446866485,-0.05238806945968818,0.08174386920980926
A0A9W6DTE9,689,61.05950653120465,0.3251088534107402,-0.5661828737300436,0.18577648766328014,0.20411998265592474,0.12336719883889694
A0A9W6IQ26,552,110.70652173913045,0.39492753623188415,0.38605072463768114,0.18840579710144928,0.032792513396307454,0.05434782608695653
A0A9W6LRQ5,392,117.52551020408161,0.423469387755102,0.47984693877551005,0.16581632653061226,-0.03891806603036962,0.07653061224489796
A0A9W6RB51,530,82.33962264150944,0.3490566037735849,-0.07490566037735863,0.18490566037735848,0.052178011665071654,0.05471698113207547
A0A9W6WT82,711,70.52039381153305,0.2925457102672293,-0.508860759493671,0.22362869198312235,0.0053950318867062395,0.0450070323488045
A0A9W7A1U6,702,86.42450142450141,0.3717948717948718,-0.1713675213675212,0.245014245014245,0.16157887598609688,0.0641025641025641
A0A9W7HF54,540,83.7962962962963,0.3944444444444445,-0.42259259259259246,0.25,-0.03171441317720657,0.07592592592592592
A0A9W7I602,691,80.14471780028943,0.4037626628075254,-0.36787264833574507,0.2460202604920405,0.050556373442443805,0.11866859623733719
A0A9W7J1A1,501,59.48103792415169,0.3732534930139721,-0.921556886227545,0.2834331337325349,-0.20902731715066897,0.07784431137724551
A0A9W7MNQ3,688,89.59302325581395,0.3808139534883721,-0.2665697674418605,0.22093023255813954,-0.06781974365699862,0.09302325581395349
A0A9W7PRS6,687,105.05094614264921,0.3726346433770015,0.3611353711790392,0.17321688500727803,0.035912555890644446,0.10189228529839883
A0A9W7XVL7,640,80.70312499999999,0.3609375,-0.2810937500000002,0.17812499999999998,-0.05999792967528537,0.0734375
A0A9W7Y4U2,772,89.88341968911917,0.37823834196891193,-0.09145077720207273,0.21243523316062174,0.052388069459688304,0.08549222797927461
A0A9W8BAK8,396,102.87878787878788,0.3661616161616162,0.19924242424242428,0.12373737373737374,0.051152522447381374,0.06818181818181818
A0A9W8ICJ7,735,84.20408163265304,0.35646258503401357,-0.09442176870748292,0.19455782312925168,0.17609125905568124,0.08163265306122448
A0A9W8JYF5,565,102.7787610619469,0.38761061946902653,-0.05469026548672565,0.2,0.05293607518779849,0.06371681415929203
A0A9W8KCP1,682,98.92961876832844,0.39296187683284456,-0.021847507331378302,0.19941348973607037,0.050409503477600245,0.08064516129032259
A0A9W8NIB4,704,82.07386363636363,0.3607954545454546,-0.3375000000000002,0.21022727272727273,-0.02316786505202603,0.10227272727272727
A0A9W8QVP5,592,87.55067567567568,0.38513513513513514,-0.2150337837837838,0.20101351351351351,-0.021539677856109718,0.08614864864864866
A0A9W8RQR4,369,22.03252032520325,0.27371273712737126,-2.2907859078590787,0.4200542005420054,0.3432276754584362,0.01084010840108401
A0A9W8S7N4,636,90.12578616352202,0.38364779874213834,-0.15770440251572343,0.22641509433962265,0.04764163443522658,0.06446540880503145
A0A9W8TNP6,590,116.35593220338983,0.4033898305084746,0.6674576271186441,0.11016949152542374,0.012964977164367635,0.10508474576271187
A0A9W9ABV0,674,87.62611275964392,0.3798219584569733,-0.1399109792284866,0.2062314540059347,0.09275405323689871,0.0771513353115727
A0A9W9E8C4,652,52.94478527607362,0.26993865030674846,-0.9104294478527606,0.19325153374233128,0.06799707909511113,0.07361963190184048
A0A9W9I3L8,347,105.41786743515851,0.41210374639769454,-0.16282420749279547,0.21037463976945245,0.034762106259212,0.046109510086455335
A0A9X0HKM8,745,82.18791946308724,0.37718120805369126,-0.20295302013422817,0.1865771812080537,0.018483405694013227,0.08993288590604026
A0A9X1SM87,676,97.72189349112426,0.4171597633136095,-0.05162721893491129,0.19822485207100593,0.025554104472388133,0.07692307692307693
A0A9X1TFR2,590,82.15254237288136,0.3525423728813559,-0.34915254237288146,0.22372881355932203,-0.06494080693301461,0.10338983050847458
A0A9X2ECC5,592,100.55743243243242,0.4155405405405405,0.020101351351351382,0.22972972972972974,0.08842190278253757,0.04560810810810811
A0A9X2EHA8,472,95.16949152542374,0.39618644067796605,-0.15741525423728825,0.24788135593220337,0.13987908640123656,0.038135593220338986
A0A9X2FWB2,363,92.97520661157024,0.39669421487603307,-0.21763085399449023,0.27548209366391185,0.1549019599857432,0.06611570247933884
A0A9X2GFR0,592,106.6722972972973,0.43074324324324326,0.197972972972973,0.1891891891891892,0.0,0.05912162162162163
A0A9X2KT93,408,78.578431372549,0.3137254901960784,-0.031617647058823584,0.14950980392156862,-0.069080919143299,0.058823529411764705
A0A9X2MD41,640,94.28125,0.37187499999999996,-0.20093750000000016,0.2515625,0.026652194771440277,0.059375
A0A9X2TKH4,331,95.80060422960726,0.40785498489425986,-0.2716012084592146,0.2598187311178248,0.019744058195757187,0.03625377643504532
A0A9X2VQP7,317,82.74447949526814,0.41009463722397477,-0.4182965299684546,0.24921135646687698,0.16272729749769974,0.09148264984227131
A0A9X3IZR9,364,99.25824175824177,0.4010989010989011,0.16098901098901094,0.21153846153846154,0.033000260102925345,0.046703296703296704
A0A9X3LYD5,457,119.54048140043763,0.3916849015317287,0.5520787746170678,0.15098468271334792,0.18631042423736727,0.0700218818380744
A0A9X3MW68,383,51.8798955613577,0.2950391644908616,-0.7532637075718016,0.2689295039164491,0.09133013562721991,0.02349869451697128
A0A9X3SGP5,787,121.3977128335451,0.4675984752223634,0.5341804320203304,0.17916137229987295,0.04255235068546367,0.06607369758576874
A0A9X3TD47,329,98.08510638297872,0.43768996960486317,-0.29179331306990913,0.23100303951367782,-0.044582132652740435,0.08206686930091185
A0A9X3X3Y2,574,72.9616724738676,0.24912891986062716,-0.022125435540069793,0.15505226480836237,0.3521825181113625,0.07317073170731708
A0A9X4EUL4,452,108.89380530973452,0.41814159292035397,0.32300884955752196,0.1836283185840708,0.09231426131890726,0.09734513274336284
A0A9X5CRF6,587,82.93015332197615,0.4565587734241908,-0.47342419080068177,0.26916524701873934,-0.1091444694250681,0.08177172061328791
A0A9X5UJ53,342,68.62573099415204,0.30116959064327486,-0.23654970760233923,0.18421052631578946,-0.013363961557981491,0.04093567251461988
A0A9X6G0X8,357,74.25770308123248,0.33893557422969184,-0.32689075630252096,0.24649859943977592,0.09691001300805642,0.13445378151260506
A0A9X7XVL6,766,77.5065274151436,0.3315926892950392,-0.6593994778067884,0.2389033942558747,-0.15661290565983232,0.10052219321148825
A0A9X8E7N0,590,91.40677966101694,0.36101694915254234,-0.10694915254237286,0.22372881355932203,0.0,0.08983050847457627
A0A9X8GNJ5,355,94.81690140845069,0.4309859154929578,-0.22535211267605626,0.2591549295774648,0.13033376849500608,0.061971830985915494
A0A9X8T3Y4,465,73.2043010752688,0.36344086021505373,-0.501720430107527,0.23010752688172043,0.2197250559865008,0.10752688172043011
A0A9X9EY63,556,85.16187050359711,0.4028776978417266,-0.4039568345323738,0.28057553956834536,0.0993846321359118,0.09172661870503598
A0A9X9R1E1,739,87.71312584573747,0.40866035182679294,-0.44262516914749683,0.2909336941813261,-0.020017113521887238,0.07983761840324763
A0A9Y1FPA1,752,90.55851063829788,0.37765957446808507,-0.2546542553191491,0.24335106382978722,0.02348109584952299,0.08377659574468085
A0A9Y3QQ87,516,90.85271317829458,0.4186046511627907,-0.41298449612403104,0.2596899224806202,-0.01277428803642889,0.07364341085271318
A0A9Y4NLN1,665,70.42105263157895,0.3142857142857143,-0.5073684210526316,0.21052631578947367,0.1482260807339298,0.055639097744360905
A0A9Y4TYF3,561,93.99286987522282,0.43137254901960786,0.15204991087344025,0.1746880570409982,-0.14017870316503675,0.1354723707664884
A0AA35EGB3,327,105.22935779816514,0.42201834862385323,-0.07308868501529064,0.21712538226299694,0.08354605145007493,0.06116207951070336
A0AA35L518,461,74.4468546637744,0.32971800433839477,-0.18438177874186557,0.17787418655097614,0.08297423506476384,0.11930585683297179
A0AA35NXJ1,580,97.18965517241378,0.42931034482758623,-0.15344827586206902,0.23448275862068965,0.06305174574708902,0.08448275862068966
A0AA35QZY4,335,67.01492537313433,0.3462686567164179,-0.7402985074626864,0.2716417910447761,-0.08432088570003592,0.08059701492537313
A0AA35V2W3,562,96.61921708185052,0.38434163701067614,0.24039145907473297,0.1654804270462633,-0.06411749961174885,0.11921708185053381
A0AA35V9G9,609,84.77832512315271,0.3825944170771757,-0.4681444991789818,0.2545155993431856,0.04984637264509766,0.07389162561576354
A0AA35XFE1,756,88.86243386243386,0.4153439153439153,-0.3945767195767195,0.28174603174603174,-0.06882279462936863,0.082010582010582
A0AA35XIE9,779,77.90757381258022,0.4300385109114249,-0.8818998716302954,0.32734274711168165,0.09159050402944471,0.021822849807445442
A0AA35Y9N3,442,87.26244343891402,0.38235294117647056,-0.1676470588235296,0.21945701357466063,-0.0791812460476248,0.11085972850678733
A0AA36HFP9,799,80.20025031289111,0.40175219023779724,-0.72828535669587,0.2778473091364205,-0.023271342412988012,0.058823529411764705
A0AA36IDV5,354,83.67231638418079,0.4265536723163842,-0.23898305084745758,0.2401129943502825,0.009984220906600923,0.10734463276836158
A0AA36LIW1,565,129.1858407079646,0.415929203539823,0.7543362831858407,0.11858407079646018,-0.012589127308020516,0.07256637168141593
A0AA37D047,572,83.37412587412588,0.34265734265734266,-0.0732517482517483,0.19055944055944055,0.08635983067474823,0.08216783216783216
A0AA37KJ86,635,80.9291338582677,0.37322834645669295,-0.3776377952755904,0.2409448818897638,0.07302093734280637,0.08818897637795275
A0AA37QD00,788,83.36294416243655,0.3946700507614213,-0.2093908629441626,0.20812182741116753,-0.052388069459688234,0.0901015228426396
A0AA37QND0,504,84.48412698412697,0.32936507936507936,0.007738095238095266,0.1865079365079365,0.09080741402120243,0.0734126984126984
A0AA37T5C0,677,101.78729689807975,0.39290989660265874,-0.12289512555391413,0.23781388478581977,0.20065945054641832,0.04431314623338257
A0AA38JTP0,639,77.19874804381848,0.33333333333333337,-0.42316118935837244,0.19405320813771518,0.2552725051033061,0.048513302034428794
A0AA38PK39,580,90.82758620689656,0.37758620689655176,0.13724137931034483,0.16034482758620688,-0.045757490560675115,0.13793103448275862
A0AA38Q5K8,433,86.46651270207852,0.371824480369515,-0.3189376443418012,0.23325635103926096,0.1446827948040571,0.08545034642032333
A0AA38R887,321,88.75389408099687,0.3333333333333333,0.083177570093458,0.19937694704049844,0.05270635051600291,0.07165109034267912
A0AA38XW38,635,90.5511811023622,0.3653543307086614,-0.10078740157480326,0.2173228346456693,0.0871501757189002,0.06299212598425197
A0AA38Z674,624,93.55769230769229,0.37339743589743585,-0.12019230769230776,0.19551282051282048,0.02802872360024353,0.08012820512820512
A0AA39GQF2,753,79.04382470119522,0.37184594953519257,-0.3938911022576362,0.26294820717131473,0.026065490438927353,0.08632138114209828
A0AA39GR89,543,110.27624309392266,0.40515653775322286,0.48250460405156537,0.14732965009208104,-0.12802981358544185,0.07366482504604052
A0AA39I3D1,466,111.48068669527898,0.3991416309012875,0.6515021459227468,0.12446351931330472,-0.11650556907143712,0.12017167381974249
A0AA39RYL8,372,68.62903225806451,0.3897849462365591,-0.9104838709677416,0.33870967741935487,-0.20743101126192778,0.0510752688172043
A0AA39VH83,330,97.81818181818183,0.3848484848484848,-0.21969696969696975,0.16363636363636364,-0.03103423373996879,0.07575757575757575
A0AA39X9T7,781,67.9001280409731,0.40717029449423814,-0.7802816901408449,0.31882202304737517,0.024229879624500714,0.0768245838668374
A0AA39XBS7,613,85.88907014681892,0.39967373572593806,-0.33034257748776497,0.2267536704730832,-0.043156917030149775,0.0734094616639478
A0AA40C2G7,551,81.5426497277677,0.40834845735027225,-0.24573502722323048,0.2250453720508167,0.13904699051966682,0.12159709618874773
A0AA40CU52,447,91.02908277404921,0.3847874720357941,-0.03422818791946308,0.19910514541387023,0.0861861476162833,0.07606263982102908
A0AA40HB21,748,92.29946524064171,0.4184491978609626,-0.2946524064171123,0.24732620320855617,-0.032529224826920014,0.06417112299465241
A0AA40SY28,390,93.07692307692308,0.4615384615384615,-0.3369230769230769,0.29743589743589743,0.3233063903751334,0.04871794871794872
A0AA41DTN0,359,100.5849582172702,0.43732590529247906,-0.011420612813370534,0.22284122562674094,0.04240384855308735,0.03899721448467967
A0AA41NAA8,597,90.90452261306532,0.43383584589614743,-0.27805695142378567,0.24623115577889448,0.017490732160335427,0.11222780569514237
A0AA41VFT5,580,87.87931034482759,0.3896551724137931,-0.25810344827586207,0.2517241379310345,0.011738403271244193,0.0896551724137931
A0AA41Z3K7,619,86.76898222940225,0.3796445880452342,-0.20872374798061388,0.2213247172859451,0.018749436012838995,0.08723747980613894
A0AA42CIT8,505,106.23762376237624,0.4198019801980198,0.11485148514851495,0.24158415841584158,-0.02802872360024354,0.039603960396039604
A0AA42EIZ8,344,90.75581395348837,0.40116279069767447,-0.25319767441860447,0.2616279069767442,0.07572071393811834,0.08430232558139536
A0AA42KVJ4,539,126.67903525046383,0.48051948051948057,0.7985157699443413,0.12801484230055657,-0.18631042423736735,0.11873840445269017
A0AA42W6B0,556,88.18345323741006,0.35611510791366907,-0.06043165467625905,0.1924460431654676,-0.039871512037692264,0.08273381294964029
A0AA42ZYS7,584,108.40753424657534,0.45890410958904104,-0.1614726027397258,0.2517123287671233,0.12323895173040555,0.039383561643835614
A0AA43A339,381,98.32020997375326,0.4461942257217848,-0.017585301837270445,0.17585301837270342,0.012589127308020469,0.13648293963254593
A0AA43FLA3,372,107.23118279569891,0.4220430107526882,0.31344086021505396,0.17473118279569894,0.03891806603036966,0.11021505376344086
A0AA43GZ76,312,90.41666666666666,0.32371794871794873,-0.2506410256410256,0.24038461538461536,0.011281010409689086,0.06089743589743589
A0AA43KC87,395,89.16455696202532,0.41012658227848103,-0.4017721518987343,0.2632911392405063,0.04921802267018156,0.11139240506329115
A0AA43KNU6,475,83.89473684210526,0.4,-0.26442105263157906,0.21052631578947367,0.10266234189714771,0.10105263157894737
A0AA44C629,437,106.91075514874142,0.45766590389016015,-0.044164759725400404,0.2379862700228833,0.04921802267018148,0.050343249427917625
A0AA44WHL6,473,64.8414376321353,0.27272727272727276,-0.30000000000000016,0.1416490486257928,0.19188552623891317,0.052854122621564484
A0AA44Z3L3,734,88.26975476839236,0.3583106267029973,-0.1688010899182561,0.21934604904632155,0.10170889588982512,0.04904632152588556
A0AA46BL73,485,97.42268041237114,0.3463917525773196,-0.12515463917525765,0.15876288659793814,-0.010995384301463145,0.030927835051546393
A0AA46YLF5,472,72.43644067796609,0.3601694915254237,-0.3504237288135593,0.2309322033898305,0.21559980033935483,0.1271186440677966
A0AA47N152,582,90.4295532646048,0.4329896907216495,-0.2529209621993129,0.23367697594501718,0.2591939266163992,0.08934707903780069
A0AA47N8B0,362,70.82872928176795,0.3646408839779005,-0.4950276243093922,0.25138121546961323,-0.02802872360024354,0.058011049723756904
A0AA48I3K0,787,91.1689961880559,0.42185514612452346,-0.43074968233799227,0.2935196950444727,-0.018642110056058148,0.09783989834815757
A0AA51ZE98,313,129.8083067092652,0.47603833865814693,1.1869009584664538,0.08945686900958466,0.05799194697768673,0.22364217252396165
A0AA52EG27,667,79.97001499250376,0.3703148425787106,-0.2820089955022488,0.20839580209895053,0.05551732784983141,0.10644677661169416
A0AA52HZ37,734,92.16621253405994,0.3651226158038147,0.12002724795640311,0.11716621253405994,0.0593140012159821,0.14986376021798364
A0AA84ZS60,601,77.87021630615641,0.3577371048252912,-0.5690515806988352,0.24292845257903495,-0.07058107428570727,0.0848585690515807
A0AA85EPL8,633,79.95260663507109,0.38704581358609796,-0.4823064770932072,0.2496050552922591,0.054357662322592586,0.11058451816745657
A0AA85EQ19,589,83.22580645161291,0.33446519524617996,-0.34821731748726675,0.21052631578947367,0.09691001300805642,0.05432937181663837
A0AA85F1G2,762,74.54068241469817,0.3254593175853019,-0.398293963254593,0.1863517060367454,-0.09691001300805639,0.07874015748031496
A0AA86II56,765,95.359477124183,0.38431372549019605,0.09202614379084978,0.19215686274509802,-0.005829543660723893,0.060130718954248374
A0AA86QE63,460,90.91304347826087,0.36739130434782613,-0.2728260869565219,0.2217391304347826,-0.0334237554869497,0.09130434782608696
A0AA86QWE5,457,94.00437636761487,0.38949671772428884,-0.13894967177242895,0.18161925601750548,-0.07169322465507487,0.12910284463894967
A0AA86SH29,633,92.65402843601896,0.4075829383886256,-0.05560821484992101,0.23064770932069512,0.0234810958495229,0.07740916271721959
A0AA87FJC5,348,125.37356321839081,0.4109195402298851,0.7379310344827584,0.10632183908045978,-0.25181197299379965,0.1235632183908046
A0AA88CX26,613,73.80097879282219,0.35889070146818924,-0.5415986949429038,0.23817292006525287,0.03523237645340654,0.08482871125611746
A0AA88KZY7,635,94.88188976377953,0.4141732283464567,0.057165354330708545,0.1748031496062992,0.023065304068693396,0.11811023622047244
A0AA88P462,638,55.04702194357366,0.2821316614420063,-0.8942006269592476,0.2523510971786834,-0.09091964931886903,0.06426332288401254
A0AA88SIP7,725,96.60689655172413,0.3848275862068966,-0.06593103448275878,0.20827586206896548,0.09691001300805642,0.08275862068965517
A0AA88VYT3,388,84.81958762886596,0.40206185567010305,-0.2811855670103091,0.22164948453608246,-0.039508541283673634,0.09020618556701031
A0AA88YFQ9,595,90.9579831932773,0.37142857142857144,-0.3154621848739498,0.25546218487394956,-0.01128101040968901,0.07058823529411765
A0AA90QTK2,702,77.15099715099714,0.349002849002849,-0.2841880341880341,0.2022792022792023,-0.024133679716719363,0.10113960113960113
A0AA90UEC4,644,71.69254658385093,0.38198757763975155,-0.5274844720496896,0.2375776397515528,0.0956493605063124,0.10559006211180125
A0AA90YSJ0,389,92.87917737789202,0.38046272493573263,0.11670951156812354,0.1928020565552699,0.10198953853733146,0.08226221079691518
A0AA91JU80,701,81.62624821683309,0.3908701854493581,-0.3379457917261056,0.2325249643366619,0.12186950488062337,0.09843081312410842
A0AA91SZ43,741,80.51282051282051,0.3670715249662617,-0.3460188933873141,0.21052631578947367,0.2724745352109284,0.09446693657219973
A0AA92R8P6,448,128.83928571428572,0.4508928571428571,0.49308035714285725,0.171875,0.1217335967330886,0.06919642857142858
A0AA93BN66,645,78.09302325581396,0.33488372093023255,-0.2848062015503875,0.22945736434108527,-0.03476210625921192,0.11937984496124031
A0AA94XYA6,549,71.54826958105647,0.3515482695810565,-0.3879781420765028,0.21311475409836067,0.007299238741499424,0.13114754098360656
A0AA95F8Q9,636,97.31132075471697,0.4072327044025157,-0.0014150943396226134,0.23270440251572327,0.17609125905568124,0.03773584905660377
A0AA95HIN5,669,69.14798206278027,0.3796711509715994,-0.6017937219730942,0.2526158445440957,0.13830269816628152,0.12855007473841554
A0AA96GH89,707,96.23762376237626,0.413012729844413,0.05275813295615281,0.16407355021216408,-0.05897785995933786,0.1188118811881188
A0AA96II25,388,108.35051546391752,0.4072164948453608,0.11984536082474227,0.20618556701030927,0.0636690798693773,0.12113402061855669
A0AA96MP98,762,88.63517060367454,0.38976377952755903,-0.3964566929133861,0.25065616797900264,0.06764333265386764,0.08136482939632546
A0AA97HFA4,641,78.70514820592824,0.3993759750390016,-0.4600624024960999,0.2745709828393136,0.11783064861016074,0.093603744149766
A0AA97HFR3,780,106.21794871794872,0.4282051282051282,-0.07282051282051277,0.21538461538461537,0.123448874145789,0.05128205128205128
A0AA97I132,605,109.58677685950413,0.4297520661157025,0.19190082644628081,0.20826446280991737,0.027152246043614863,0.07107438016528926
A0AA97KTT5,786,86.23409669211195,0.3804071246819339,-0.1049618320610689,0.16539440203562342,0.14612803567823798,0.10305343511450382
A0AAA9TNA5,639,106.35367762128327,0.4569640062597809,0.1273865414710485,0.22065727699530518,0.006074147712193166,0.1298904538341158
A0AAC8TIA4,416,115.84134615384616,0.44951923076923084,0.5415865384615384,0.1466346153846154,-0.27036117589752934,0.12740384615384615
A0AAC9FCU4,472,91.12288135593221,0.35805084745762716,0.04025423728813546,0.2097457627118644,0.04303463222520185,0.06991525423728814
A0AAC9NIW9,349,89.74212034383955,0.3467048710601719,-0.1567335243553009,0.19484240687679083,-0.024823583725032104,0.06876790830945559
A0AAC9P5I7,455,104.15384615384615,0.4241758241758242,0.04769230769230787,0.2417582417582418,0.09342168516223508,0.054945054945054944
A0AAC9X1H2,307,103.28990228013029,0.4364820846905538,-0.03224755700325721,0.23778501628664495,-0.057991946977686754,0.06840390879478828
A0AAD0E0C8,728,74.13461538461539,0.3447802197802198,-0.39038461538461544,0.20467032967032966,0.10987499017242405,0.0879120879120879
A0AAD0Q013,665,88.4360902255639,0.41503759398496237,-0.33097744360902237,0.2781954887218045,0.023229840718474823,0.09022556390977443
A0AAD0RWC1,780,99.12820512820511,0.3923076923076923,-0.12115384615384595,0.2358974358974359,0.06550154875643222,0.04230769230769231
A0AAD1FR61,391,116.11253196930944,0.4194373401534527,0.7792838874680303,0.14066496163682865,-0.2671717284030138,0.22506393861892582
A0AAD1HZY4,671,104.99254843517139,0.4321907600596125,0.32280178837555895,0.15052160953800295,-0.14468279480405705,0.09836065573770492
A0AAD1L522,500,95.99999999999999,0.368,-0.1674,0.22,0.046576142041355045,0.060000000000000005
A0AAD1T9D6,799,63.27909887359199,0.3504380475594493,-0.900375469336671,0.27033792240300375,0.047860615648439374,0.07133917396745933
A0AAD1TVD0,453,79.22737306843266,0.40176600441501104,-0.40264900662251657,0.24061810154525387,0.10219560946974032,0.09492273730684328
A0AAD1X9Q4,469,88.3368869936034,0.38166311300639655,-0.10554371002132185,0.23454157782515994,-0.04657614204135523,0.14072494669509594
A0AAD1Y446,718,71.46239554317549,0.36350974930362123,-1.03008356545961,0.318941504178273,-0.12493873660830002,0.061281337047353765
A0AAD2AP81,307,109.73941368078177,0.4527687296416938,0.3703583061889252,0.18241042345276873,-0.12057393120584987,0.08469055374592833
A0AAD2AXH5,558,70.6989247311828,0.39964157706093195,-0.7512544802867382,0.3154121863799283,0.029289376101987508,0.13620071684587814
A0AAD2DKW7,579,68.04835924006909,0.3696027633851468,-0.9632124352331608,0.307426597582038,0.009651385676180839,0.06563039723661485
A0AAD2F2H7,649,76.36363636363637,0.3097072419106317,-0.16979969183359006,0.15254237288135594,-0.060295901887251056,0.07858243451463791
A0AAD2GXZ1,521,78.65642994241843,0.31669865642994244,-0.2316698656429942,0.18618042226487524,0.09691001300805634,0.07485604606525911
A0AAD2HE17,593,79.79763912310287,0.3187183811129848,-0.04569983136593586,0.13322091062394603,0.2076083105017461,0.1045531197301855
A0AAD2Q782,526,79.35361216730037,0.3897338403041825,-0.42072243346007593,0.23954372623574144,0.13683795990800765,0.05133079847908745
A0AAD2YUH9,773,73.72574385510995,0.3208279430789133,-0.394825355756792,0.18628719275549807,0.1810546785872314,0.08020698576972833
A0AAD3D2Z8,675,84.54814814814813,0.38370370370370366,-0.3531851851851854,0.23555555555555557,-0.005395031886706139,0.08592592592592593
A0AAD4GIX5,388,89.09793814432989,0.4278350515463918,-0.2559278350515463,0.2190721649484536,0.07003786660775502,0.11597938144329897
A0AAD4JY73,374,61.41711229946524,0.2192513368983957,-0.23877005347593583,0.10427807486631015,-0.3332146790353825,0.06684491978609626
A0AAD4MBP6,770,88.25974025974025,0.38181818181818183,-0.10805194805194801,0.22857142857142856,-0.009759837289156262,0.06753246753246753
A0AAD4Q2M5,355,95.09859154929578,0.4140845070422535,-0.17633802816901428,0.23661971830985917,0.1845244265925441,0.07323943661971831
A0AAD4QAY4,751,69.02796271637817,0.3315579227696405,-0.6038615179760323,0.21571238348868174,-0.08501078970834865,0.07190412782956059
A0AAD5AVA7,466,90.38626609442059,0.4012875536480686,-0.3963519313304723,0.24678111587982832,-0.06694678963061317,0.07725321888412018
A0AAD5K1B8,402,85.1492537313433,0.3781094527363184,-0.2875621890547264,0.19651741293532338,-0.010723865391773064,0.11442786069651742
A0AAD5M940,401,71.02244389027432,0.35162094763092266,-0.6274314214463838,0.2942643391521197,0.11650556907143708,0.0399002493765586
A0AAD5QYW7,381,58.32020997375328,0.3412073490813648,-0.9950131233595801,0.3307086614173228,0.1507853937909109,0.06561679790026247
A0AAD5SEA4,590,65.79661016949152,0.3389830508474576,-0.48610169491525396,0.21864406779661016,-0.04645740123900134,0.09152542372881356
A0AAD5ZR44,693,93.39105339105339,0.3867243867243867,-0.10288600288600303,0.19913419913419914,0.07463361829690418,0.07936507936507936
A0AAD6B896,799,69.2866082603254,0.34167709637046306,-0.6102628285356697,0.22528160200250313,0.04777278179600068,0.053817271589486855
A0AAD6CJQ3,767,77.58800521512386,0.3728813559322034,-0.46610169491525427,0.24771838331160365,0.054357662322592676,0.08344198174706649
A0AAD6DGB9,627,77.24082934609248,0.3923444976076555,-0.38213716108452933,0.24720893141945777,0.33041377334919075,0.11642743221690591
A0AAD6DIF2,630,90.63492063492063,0.3952380952380952,-0.281904761904762,0.24603174603174605,0.09442121260436179,0.08571428571428572
A0AAD6DWX8,437,88.92448512585813,0.3707093821510297,-0.25057208237986267,0.2242562929061785,0.14017870316503675,0.034324942791762014
A0AAD6HT32,678,75.67846607669615,0.364306784660767,-0.5827433628318586,0.2890855457227139,0.17791987010208934,0.07374631268436578
A0AAD6HUB4,782,92.58312020460357,0.38491048593350385,0.17826086956521728,0.13554987212276215,-0.11323197707504952,0.15984654731457798
A0AAD6N5W2,581,68.07228915662651,0.34079173838209986,-0.7678141135972459,0.26161790017211706,0.01128101040968899,0.055077452667814115
A0AAD6UAR8,536,71.36194029850746,0.3171641791044776,-0.401865671641791,0.22574626865671643,-0.0211892990699381,0.06343283582089551
A0AAD6YGK7,421,61.30641330166271,0.3182897862232779,-0.9128266033254158,0.28978622327790976,0.05611594197893133,0.0498812351543943
A0AAD7DND4,346,95.8092485549133,0.3497109826589595,0.3598265895953757,0.10982658959537571,-0.13127891463931898,0.11560693641618497
A0AAD7NXS7,452,80.04424778761062,0.38716814159292035,-0.4168141592920353,0.2278761061946903,-0.1589232339186674,0.07964601769911504
A0AAD7TJW6,724,82.11325966850829,0.3867403314917127,-0.2628453038674033,0.21961325966850828,0.048605333433501395,0.12430939226519336
A0AAD7Y134,636,59.355345911949684,0.3584905660377358,-0.7174528301886791,0.2610062893081761,0.04139268515822508,0.11163522012578617
A0AAD8G7G8,676,80.4585798816568,0.386094674556213,-0.4974852071005917,0.2529585798816568,0.05530280846690558,0.044378698224852076
A0AAD8HH09,631,82.70998415213946,0.37717908082408874,-0.28082408874801906,0.2266244057052298,0.005990363689187515,0.10142630744849446
A0AAD8R5V1,368,64.97282608695652,0.40760869565217384,-0.9907608695652177,0.30434782608695654,-0.030489322147900417,0.09239130434782608
A0AAD8R6Y1,321,53.208722741433014,0.32398753894080995,-1.032710280373832,0.2616822429906542,-0.08103325090921827,0.06542056074766354
A0AAD8RB69,398,71.13065326633165,0.34673366834170855,-0.4613065326633168,0.20603015075376885,-0.21085336531489324,0.09547738693467336
A0AAD8RT73,449,89.95545657015592,0.35634743875278396,0.14944320712694875,0.18485523385300667,0.03066881976645187,0.08908685968819599
A0AAD8TM64,732,86.13387978142076,0.39207650273224043,-0.3595628415300544,0.28688524590163933,0.09875415370642678,0.08333333333333334
A0AAD8ZKE5,765,62.35294117647059,0.34901960784313724,-0.9145098039215686,0.29673202614379085,0.12604521996326942,0.04444444444444444
A0AAD8ZRL5,741,89.20377867746289,0.37381916329284753,-0.14331983805668008,0.21187584345479082,-0.005462895701502138,0.0796221322537112
A0AAD9FFJ3,600,79.11666666666666,0.395,-0.5711666666666666,0.2816666666666667,0.18032831199893595,0.05666666666666667
A0AAD9GF82,664,81.92771084337349,0.40963855421686746,-0.40421686746987967,0.25903614457831325,0.09017663034908796,0.08734939759036145
A0AAD9H816,796,79.98743718592965,0.4158291457286432,-0.4781407035175878,0.2726130653266331,0.04366450105483144,0.08417085427135679
A0AAD9HCR7,726,85.93663911845731,0.40633608815427,-0.39724517906336093,0.26308539944903586,0.10400482977265695,0.06887052341597796
A0AAD9N333,424,62.5,0.3584905660377358,-0.9672169811320753,0.2806603773584906,0.07918124604762482,0.07783018867924528
A0AAD9PXF8,666,89.93993993993993,0.4339339339339339,-0.3337837837837836,0.2642642642642643,0.11783064861016065,0.06906906906906907
A0AAD9SSP4,644,106.24223602484473,0.4006211180124224,0.4616459627329192,0.13509316770186336,0.009759837289156241,0.14285714285714285
A0AAD9Z1W0,541,96.13678373382625,0.3863216266173752,0.24750462107208865,0.15157116451016636,-0.10389613386872246,0.1256931608133087
A0AAD9Z4M7,796,73.42964824120602,0.3655778894472362,-0.6110552763819098,0.25628140703517593,-0.07609016907048301,0.06281407035175879
A0AAD9ZQ53,389,93.70179948586119,0.4087403598971723,0.09871465295629803,0.19280205655526994,0.10198953853733139,0.13881748071979433
A0AAD9ZVG7,630,94.03174603174604,0.3936507936507937,0.011428571428571399,0.19523809523809524,0.020850138973120158,0.08888888888888888
A0AAE0BE83,563,88.20603907637657,0.37122557726465366,-0.10994671403197145,0.2291296625222025,0.14045090278654743,0.0941385435168739
A0AAE0D5C4,566,77.54416961130742,0.37809187279151946,-0.39540636042402827,0.21378091872791521,0.1938200260161129,0.10424028268551236
A0AAE0INR0,642,73.62928348909657,0.37227414330218067,-0.48115264797507773,0.24143302180685355,0.1394974567792249,0.10280373831775699
A0AAE0JFE9,770,64.83116883116882,0.3025974025974026,-0.635974025974026,0.1961038961038961,0.1784579923347882,0.06883116883116883
A0AAE1CXZ5,526,75.93155893536121,0.38783269961977185,-0.4479087452471482,0.29277566539923955,-0.03342375548694975,0.09315589353612166
A0AAE1G3N4,634,94.52681388012618,0.3864353312302839,-0.16119873817034724,0.21451104100946372,0.19188552623891303,0.06624605678233439
A0AAE1LB64,733,74.02455661664392,0.3410641200545702,-0.4553888130968624,0.23874488403819918,0.1537104791783245,0.061391541609822645
A0AAE1VMB2,768,78.73697916666667,0.4348958333333333,-0.7187500000000004,0.33854166666666663,0.07978907607253095,0.07942708333333333
A0AAE2BHI8,438,77.71689497716893,0.37214611872146114,-0.4294520547945204,0.2328767123287671,0.016705693502852715,0.09360730593607305
A0AAE3RSB8,537,90.54003724394786,0.40409683426443205,-0.24171322160148986,0.22346368715083798,0.17312678009194227,0.08752327746741154
A0AAE4CDD6,507,78.59960552268244,0.33727810650887574,-0.22958579881656827,0.20118343195266272,0.10067016188136316,0.0631163708086785
A0AAE4D733,658,65.65349544072949,0.2917933130699088,-0.5196048632218845,0.21124620060790272,0.23338666301011354,0.034954407294832825
A0AAE4EPJ1,425,98.56470588235295,0.44000000000000006,-0.03435294117647042,0.23294117647058823,0.07760485781266976,0.05647058823529412
A0AAE4U0I1,428,100.65420560747663,0.41121495327102797,-0.0341121495327103,0.21261682242990654,0.12221587827282664,0.0630841121495327
A0AAE5CA09,372,69.89247311827957,0.3682795698924731,-0.5905913978494624,0.2876344086021505,0.1040885976351798,0.05913978494623656
A0AAE5CQP3,445,91.91011235955055,0.39325842696629215,-0.020898876404494393,0.21348314606741572,0.06279082985945553,0.08089887640449439
A0AAE5H639,566,90.79505300353357,0.3780918727915194,-0.30477031802120136,0.2597173144876325,0.15915283713940168,0.05653710247349823
A0AAE6CH34,660,97.65151515151514,0.39848484848484855,-0.16712121212121217,0.22424242424242424,0.15209098265191484,0.043939393939393945
A0AAE6JLZ1,340,93.17647058823528,0.39117647058823524,-0.08500000000000008,0.2088235294117647,0.13188759656362775,0.1
A0AAE6P1D0,370,110.54054054054055,0.40810810810810816,0.08432432432432418,0.21351351351351353,0.14061894089346233,0.0891891891891892
A0AAE7B6H1,655,104.27480916030534,0.39694656488549623,-0.2783206106870229,0.2549618320610687,0.10849188555787165,0.03969465648854962
A0AAE7TGP6,398,97.03517587939699,0.3718592964824121,-0.0017587939698491817,0.2085427135678392,0.05115252244738129,0.03015075376884422
A0AAE8HPL7,442,96.131221719457,0.40497737556561086,-0.06877828054298663,0.2081447963800905,0.09275405323689871,0.08823529411764705
A0AAE8PCP6,502,87.56972111553785,0.4183266932270916,-0.312151394422311,0.2310756972111554,0.14865301070874165,0.13745019920318727
A0AAE9DWZ5,735,84.91156462585035,0.37551020408163266,-0.3987755102040816,0.27755102040816326,0.00843316753686286,0.08163265306122448
A0AAE9GB62,662,100.30211480362539,0.4169184290030211,0.07235649546827802,0.19486404833836857,-0.08648048478912429,0.14954682779456194
A0AAE9H8N9,414,82.43961352657003,0.40821256038647336,-0.35289855072463755,0.25120772946859904,0.016390416188169384,0.06280193236714976
A0AAE9I031,658,106.56534954407294,0.4072948328267477,0.68161094224924,0.10790273556231003,0.011899223299707785,0.1534954407294833
A0AAE9N331,418,117.36842105263156,0.40669856459330145,0.7602870813397129,0.12679425837320574,-0.0791812460476248,0.11004784688995214
A0AAE9SDS3,436,126.39908256880734,0.41055045871559637,0.9442660550458717,0.0963302752293578,-0.0791812460476248,0.07568807339449542
A0AAF0GZX7,305,71.18032786885247,0.32131147540983607,-0.3918032786885248,0.2360655737704918,0.0469965626762235,0.05573770491803279
A0AAF0IR63,793,82.71122320302649,0.40353089533417397,-0.36153846153846153,0.2433795712484237,-0.031193520182943944,0.09457755359394704
A0AAF0J016,433,80.99307159353349,0.42725173210161665,-0.39330254041570445,0.24018475750577367,0.0987541537064267,0.09468822170900693
A0AAF0J9X0,579,80.1208981001727,0.34369602763385143,-0.2920552677029362,0.22797927461139894,0.025935734094399834,0.055267702936096716
A0AAF0PUJ4,420,62.88095238095238,0.3119047619047619,-0.7414285714285715,0.2523809523809524,-0.1296338578166798,0.06904761904761905
A0AAF0Q1P3,705,34.04255319148936,0.24397163120567375,-1.2773049645390073,0.2099290780141844,-0.0579919469776867,0.09361702127659574
A0AAF0QCU8,514,69.06614785992218,0.35603112840466933,-0.9920233463035016,0.35992217898832685,-0.05115252244738126,0.038910505836575876
A0AAF0VE46,334,86.55688622754492,0.35029940119760483,-0.06526946107784437,0.19161676646706588,0.24303804868629444,0.059880239520958084
A0AAF0YKL2,561,94.50980392156862,0.38680926916221026,0.24777183600713015,0.15151515151515152,-0.029963223377443157,0.1283422459893048
A0AAI7ZWF9,687,122.11062590975254,0.40029112081513823,0.8631732168850073,0.1208151382823872,-0.11303951330859233,0.11353711790393013
A0AAI8D468,316,95.09493670886076,0.4050632911392405,-0.12088607594936707,0.21202531645569622,0.037788560889399844,0.0759493670886076
A0AAI8VSX5,782,77.17391304347825,0.37468030690537085,-0.5359335038363173,0.2647058823529412,0.27021604824976164,0.049872122762148335
A0AAI8W1Q5,585,67.60683760683762,0.3128205128205128,-0.622051282051282,0.23076923076923075,-0.01902323731343038,0.06324786324786325
A0AAI9CEU6,351,78.2905982905983,0.3532763532763533,-0.30085470085470095,0.2222222222222222,0.15358391805783,0.11965811965811966
A0AAJ0H0J4,744,55.537634408602145,0.2755376344086022,-0.6837365591397848,0.20967741935483875,-0.05504756633090553,0.04704301075268817
A0AAJ0LWX5,605,110.66115702479338,0.3867768595041322,0.510909090909091,0.14214876033057852,0.039508541283673565,0.10413223140495867
A0AAJ0MDI4,723,89.25311203319501,0.3983402489626556,-0.3423236514522823,0.2766251728907331,0.06029590188725108,0.06224066390041494
A0AAJ1XA10,375,91.17333333333333,0.36533333333333334,0.020266666666666655,0.18933333333333335,0.10763387839982952,0.06933333333333333
A0AAJ2CBP3,715,93.95804195804196,0.40559440559440557,-0.14293706293706293,0.26853146853146853,0.09892530424338199,0.057342657342657345
A0AAJ2ELF9,577,89.6533795493934,0.37435008665511266,-0.12409012131715752,0.22530329289428075,0.052706350516002996,0.051993067590987874
A0AAJ2HD73,321,86.69781931464173,0.4143302180685358,-0.1881619937694704,0.24299065420560745,0.2218487496163563,0.07165109034267912
A0AAJ2JEW4,637,109.18367346938776,0.4427001569858713,0.17205651491365773,0.2087912087912088,-0.006434110005409911,0.07378335949764521
A0AAJ2LFW2,756,91.16402116402116,0.38095238095238093,-0.05925925925925929,0.1917989417989418,0.005908859610520314,0.06084656084656084
A0AAJ2N281,428,75.25700934579437,0.36448598130841114,-0.2836448598130842,0.2289719626168224,0.10473535052001298,0.08644859813084112
A0AAJ2VUF0,466,117.42489270386267,0.40343347639484983,0.9109442060085837,0.09442060085836909,-0.037788560889399754,0.12875536480686695
A0AAJ3HHK9,552,77.88043478260869,0.3188405797101449,-0.19782608695652176,0.19384057971014496,0.44069198909298746,0.10144927536231885
A0AAJ3J2H8,332,105.12048192771087,0.4126506024096385,0.11054216867469896,0.2620481927710843,0.08813608870055131,0.0391566265060241
A0AAJ4XJ48,703,81.76386913229018,0.33712660028449504,-0.2955903271692746,0.20625889046941678,0.07701518429111712,0.05832147937411096
A0AAJ4ZQD5,605,97.33884297520662,0.35537190082644626,0.05619834710743815,0.20826446280991734,0.04074496769005936,0.026446280991735537
A0AAJ5MJF1,787,93.30368487928843,0.36086404066073696,-0.19148665819567978,0.18424396442185514,0.029555243561716026,0.03811944091486658
A0AAJ5YSS2,613,93.84991843393149,0.38499184339314846,-0.08809135399673729,0.2039151712887439,-0.061656901064092114,0.07830342577487766
A0AAJ6A7B3,639,81.18935837245695,0.38810641627543035,-0.46463223787167435,0.28794992175273865,-0.0561159419789314,0.05164319248826291
A0AAJ6NLM2,570,91.77192982456141,0.3912280701754386,-0.4163157894736843,0.2614035087719298,0.07496476164646136,0.07192982456140351
A0AAJ6TQH6,556,85.10791366906474,0.37410071942446044,-0.1035971223021584,0.19784172661870503,-0.04657614204135518,0.09892086330935251
A0AAJ6YW77,588,91.343537414966,0.3758503401360544,-0.3270408163265306,0.25170068027210885,0.023167865052025966,0.1054421768707483
A0AAJ6Z5L0,556,93.72302158273381,0.3848920863309353,0.007733812949640262,0.20143884892086333,0.030489322147900354,0.052158273381294966
A0AAJ7BNU2,305,68.45901639344262,0.36721311475409835,-0.9314754098360656,0.3081967213114754,0.01809822209279613,0.04918032786885246
A0AAJ7E7A4,659,98.61911987860395,0.4157814871016692,-0.20698027314112288,0.2473444613050076,-0.0052642399923572315,0.07587253414264036
A0AAJ7FK84,736,77.55434782608695,0.3858695652173913,-0.6453804347826086,0.25679347826086957,-0.013643880666546145,0.048913043478260865
A0AAJ7FM94,559,53.738819320214674,0.27191413237924866,-0.627906976744186,0.13237924865831843,0.13830269816628146,0.06797853309481217
A0AAJ7IW36,794,118.2367758186398,0.42695214105793455,0.5707808564231738,0.15113350125944586,0.0,0.10201511335012595
A0AAJ7S0Z9,526,78.19391634980988,0.37262357414448666,-0.3899239543726236,0.22053231939163498,-0.04420366249205342,0.13688212927756654
A0AAJ7TPY3,330,87.18181818181819,0.4363636363636364,-0.17060606060606054,0.2515151515151515,0.0716932246550748,0.09090909090909091
A0AAJ7U4Q8,628,78.7420382165605,0.3678343949044586,-0.0869426751592357,0.19585987261146498,-0.006948859955327756,0.06847133757961783
A0AAJ8BLD7,690,79.768115942029,0.38405797101449274,-0.5498550724637681,0.3144927536231884,0.1563472008599241,0.0463768115942029
A0AAN0S4I1,719,97.57997218358831,0.42002781641168285,-0.18400556328233664,0.2503477051460361,-0.009545317906230338,0.06954102920723226
A0AAN0Y4U0,575,110.17391304347828,0.3826086956521739,0.6330434782608694,0.12521739130434784,0.0234810958495229,0.11130434782608695
A0AAN1IFU3,769,85.8257477243173,0.38231469440832255,-0.13628088426527968,0.2132639791937581,-0.0418921613281771,0.05721716514954486
A0AAN3M5P1,741,96.32928475033738,0.43454790823211875,-0.22860998650472336,0.23886639676113358,0.07295788188252823,0.09716599190283401
A0AAN5AE43,491,74.64358452138494,0.40325865580448067,-0.5250509164969448,0.2892057026476579,0.10914446942506793,0.09572301425661914
A0AAN5CEH2,477,102.41090146750523,0.46750524109014674,-0.13123689727463328,0.2767295597484277,0.11738559871785412,0.06708595387840671
A0AAN5L3L5,546,98.05860805860806,0.36263736263736257,0.0628205128205129,0.16666666666666669,0.06550154875643222,0.05311355311355312
A0AAN6RW74,741,70.48582995951416,0.38326585695006743,-0.8337381916329283,0.2982456140350877,0.113598810851318,0.06342780026990553
A0AAN6VNK8,582,57.371134020618555,0.288659793814433,-0.7823024054982817,0.25601374570446733,0.04029459485917301,0.06529209621993126
A0AAN6X371,485,74.9278350515464,0.37731958762886597,-0.6385567010309279,0.26804123711340205,0.15970084286751182,0.08247422680412371
A0AAN6XDD3,588,63.078231292516996,0.3231292517006803,-0.7326530612244899,0.2534013605442177,0.08656917966983763,0.04421768707482993
A0AAN6XIV9,301,69.46843853820597,0.40863787375415284,-0.7990033222591364,0.34883720930232565,0.008117890222179366,0.10631229235880399
A0AAN6YK29,677,71.68389955686854,0.3456425406203841,-0.49601181683899553,0.20974889217134415,-0.06041592247165546,0.07533234859675036
A0AAN6ZFB9,796,44.798994974874375,0.26256281407035176,-0.982537688442211,0.19095477386934673,-0.07918124604762487,0.061557788944723614
A0AAN6ZN34,736,75.01358695652173,0.3491847826086956,-0.33301630434782614,0.23369565217391305,0.05999792967528528,0.10597826086956522
A0AAN7BAR2,557,92.44165170556553,0.4129263913824058,-0.16086175942549397,0.24596050269299818,0.04377892457858728,0.0843806104129264
A0AAN7D0W5,593,56.070826306914,0.25463743676222594,-0.3219224283305227,0.14502529510961212,0.059314001215982015,0.05902192242833052
A0AAN7EJB4,579,58.497409326424865,0.27288428324697755,-0.7233160621761657,0.24352331606217617,-0.030382628993720816,0.07426597582037997
A0AAN7F1E2,729,91.86556927297667,0.38134430727023316,0.06268861454046634,0.19204389574759945,0.012234456417011588,0.10425240054869685
A0AAN7FJQ3,416,80.21634615384615,0.3725961538461538,-0.3240384615384615,0.2548076923076923,-0.03218468337140124,0.10336538461538461
A0AAN7GMY6,443,81.85101580135441,0.38826185101580135,-0.31805869074492105,0.24830699774266365,-0.18905623622004886,0.09029345372460497
A0AAN7K598,515,81.76699029126213,0.34757281553398056,-0.19844660194174762,0.20388349514563106,-0.13917917572291025,0.08737864077669902
A0AAN7LW60,668,86.15269461077844,0.3832335329341317,-0.13997005988023958,0.2305389221556886,-0.022276394711152257,0.07934131736526946
A0AAN7NLM3,626,95.33546325878595,0.4664536741214057,-0.31006389776357823,0.26038338658146964,-0.16515127299166837,0.08626198083067092
A0AAN7YBD4,398,96.356783919598,0.4145728643216081,-0.08768844221105537,0.20351758793969849,-0.052388069459688234,0.09045226130653267
A0AAN8BMQ7,660,88.77272727272727,0.4090909090909091,-0.3269696969696971,0.2803030303030303,0.023229840718474823,0.08636363636363636
A0AAN8BRU7,472,70.46610169491525,0.336864406779661,-0.7108050847457625,0.2351694915254237,0.24454863971153296,0.0402542372881356
A0AAN8J4W8,366,80.13661202185793,0.40437158469945356,-0.6021857923497269,0.3087431693989071,-0.129347855513355,0.09562841530054644
A0AAN8K2F0,426,67.39436619718309,0.3826291079812207,-0.8288732394366194,0.3098591549295775,0.10420925174955584,0.07746478873239436
A0AAN8M686,660,89.98484848484848,0.3924242424242424,-0.3346969696969696,0.27424242424242423,0.02373784695478584,0.08484848484848484
A0AAN8ZC80,537,78.45437616387338,0.35940409683426444,-0.2670391061452515,0.19366852886405958,0.09875415370642678,0.09124767225325886
A0AAN9C785,558,84.2652329749104,0.2992831541218638,0.2318996415770609,0.1218637992831541,0.0,0.0913978494623656
A0AAN9C8K5,340,91.70588235294117,0.42352941176470593,0.04500000000000004,0.2323529411764706,0.032184683371401325,0.08823529411764706
A0AAN9GHQ6,776,97.73195876288658,0.37371134020618557,-0.20786082474226802,0.22938144329896906,-0.10669428249220107,0.06314432989690721
A0AAN9I3B4,479,84.78079331941545,0.36534446764091855,-0.17536534446764085,0.20041753653444677,-0.07106335582544535,0.11482254697286012
A0AAN9MXU3,555,90.9009009009009,0.3621621621621622,-0.0491891891891893,0.1963963963963964,-0.05484866800734504,0.07747747747747748
A0AAN9NZK7,357,112.77310924369748,0.45938375350140054,0.08963585434173649,0.37254901960784315,0.6224531499698057,0.10644257703081232
A0AAN9QYT3,755,78.21192052980133,0.3880794701986755,-0.42927152317880796,0.23576158940397351,-0.08715017571890027,0.10728476821192054
A0AAN9TX64,512,71.19140625,0.419921875,-0.7615234375000001,0.251953125,-0.0331683632526546,0.095703125
A0AAP0BV47,544,84.20955882352939,0.3694852941176471,-0.2630514705882353,0.21875,0.12284574710245613,0.07720588235294118
A0AAP0LZA4,476,80.02100840336134,0.4117647058823529,-0.6422268907563022,0.3130252100840336,0.09820448336105518,0.0861344537815126
A0AAP0LZF7,719,91.43254520166899,0.3769123783031989,-0.01154381084840056,0.20166898470097355,-0.06511817858420509,0.09874826147426982
A0AAP0NVT3,404,91.21287128712872,0.396039603960396,-0.09777227722772283,0.24504950495049505,0.025807263606285526,0.11386138613861385
A0AAP1X9C2,311,110.57877813504824,0.44051446945337625,0.06977491961414806,0.2379421221864952,0.022862882959504165,0.05144694533762058
A0AAP2HCE1,434,80.16129032258064,0.3341013824884792,-0.19861751152073753,0.2119815668202765,0.05551732784983133,0.09216589861751151
A0AAP3AG16,504,81.76587301587301,0.35119047619047616,-0.22023809523809512,0.2103174603174603,0.14612803567823807,0.06547619047619047
A0AAP4UA48,771,80.1556420233463,0.32555123216601817,-0.46536964980544737,0.18677042801556418,0.023802914672624728,0.08560311284046693
A0AAP5HFM9,465,104.53763440860213,0.3849462365591398,0.23505376344086032,0.21505376344086025,0.01703333929878037,0.04086021505376344
A0AAP5UWU2,478,83.41004184100417,0.3682008368200837,-0.2684100418410041,0.21338912133891214,0.08377699773677397,0.0711297071129707
A0AAP6LFZ9,530,121.54716981132077,0.4584905660377358,0.3247169811320754,0.14528301886792452,-0.21307482530885122,0.0660377358490566
A0AAP9DD78,394,79.21319796954315,0.35279187817258884,-0.6187817258883249,0.30456852791878175,0.05703850097036409,0.08375634517766498
A0AAP9GAV3,440,89.31818181818181,0.375,-0.045909090909090844,0.23636363636363633,0.11539341870206957,0.07045454545454545
A0AAP9QVH0,334,101.10778443113773,0.3532934131736527,0.18622754491017962,0.16167664670658682,0.12493873660829999,0.08383233532934131
A0AAQ0QKW9,791,80.06321112515802,0.370417193426043,-0.0719342604298358,0.19342604298356508,-0.016813499009650068,0.12642225031605564
A0AAQ0V6A3,318,88.89937106918238,0.4025157232704402,-0.23364779874213842,0.21069182389937108,-0.012589127308020516,0.09119496855345913
A0AAQ0VJ48,312,99.13461538461539,0.40705128205128205,0.023717948717948578,0.1955128205128205,0.013788284485633379,0.0673076923076923
A0AAQ3WS13,375,83.78666666666666,0.376,-0.29519999999999985,0.22133333333333333,-0.09231426131890728,0.07733333333333334
A0AAQ4P2K1,737,77.34056987788331,0.3677069199457259,-0.3611940298507463,0.22523744911804613,0.09342168516223515,0.11533242876526459
A0AAR2ILP2,438,77.48858447488584,0.408675799086758,-0.5157534246575344,0.2625570776255708,-0.052029000004010034,0.1095890410958904
A0AAR2IZT6,470,86.31914893617021,0.3893617021276596,-0.08170212765957463,0.19574468085106383,-0.018483405694013178,0.1021276595744681
A0AAR2JNV0,612,74.37908496732025,0.35947712418300654,-0.48725490196078436,0.24999999999999997,-0.005603877517998511,0.10947712418300654
A0AAR2K3R0,738,75.02710027100271,0.36314363143631434,-0.6383468834688346,0.2398373983739837,0.04370892788540595,0.058265582655826556
A0AAR2KC82,769,77.77633289986996,0.3719115734720416,-0.42275682704811424,0.235370611183355,0.11940624800833889,0.07932379713914176
A0AAR2KDW0,676,82.89940828402366,0.38609467455621294,-0.37485207100591694,0.2485207100591716,0.010219165181686122,0.09911242603550297
A0AAR5PP05,702,49.04558404558404,0.24786324786324787,-0.8554131054131053,0.24643874643874644,0.04470973496948137,0.03418803418803419
A0AAR5QBE8,706,72.23796033994334,0.35694050991501425,-0.6005665722379606,0.19971671388101983,0.09144711730655435,0.08498583569405099
A0AAT9GCK9,658,86.96048632218844,0.39209726443768994,-0.5516717325227962,0.30547112462006076,0.05570015019810193,0.0729483282674772
A0AAT9JUM5,337,81.83976261127597,0.35014836795252224,-0.14451038575667663,0.21661721068249257,0.17609125905568124,0.0771513353115727
A0AAT9MJR8,426,97.37089201877934,0.3967136150234742,-0.10140845070422538,0.215962441314554,-0.018483405694013178,0.07746478873239437
A0AAU0V7D0,396,101.08585858585859,0.3611111111111111,0.3446969696969696,0.15656565656565657,-0.05435766232259275,0.04292929292929293
A0AAU1DRW7,556,102.931654676259,0.34712230215827333,0.4901079136690647,0.13129496402877697,0.12831847725968054,0.04856115107913669
A0AAU1M6N7,463,105.18358531317493,0.36933045356371486,0.24038876889848804,0.18358531317494603,0.17193529928452353,0.021598272138228944
A0AAU1S126,703,98.62019914651495,0.4125177809388336,-0.023470839260312792,0.21337126600284495,-0.045757490560675115,0.03840682788051209
A0AAU1T9T1,367,95.2316076294278,0.3678474114441417,0.21444141689373303,0.16893732970027248,0.054357662322592676,0.05722070844686648
A0AAU1VA91,460,84.76086956521738,0.3695652173913044,-0.09260869565217394,0.20869565217391306,0.0,0.05869565217391304
A0AAU2JQ73,568,48.50352112676056,0.14964788732394366,-0.44471830985915506,0.125,0.25712450996489955,0.02816901408450704
A0AAU2NEJ8,751,102.1837549933422,0.40213049267643136,-0.0018641810918774704,0.20639147802929428,-0.10563358141291333,0.037283621837549935
A0AAU2VEV1,416,96.20192307692307,0.4110576923076923,0.022355769230769262,0.24519230769230768,0.11763949786680043,0.06971153846153846
A0AAU2YCC2,350,94.08571428571429,0.40571428571428575,-0.10114285714285715,0.22857142857142854,0.08501078970834869,0.05714285714285714
A0AAU3C4L6,564,82.19858156028369,0.38829787234042545,-0.2019503546099291,0.24290780141843973,0.04377892457858728,0.08156028368794326
A0AAU3PMP8,590,74.03389830508475,0.3423728813559322,-0.33271186440677963,0.21016949152542372,0.0,0.06949152542372881
A0AAU3RHS7,761,98.64651773981605,0.42575558475689884,0.0011826544021023566,0.24704336399474378,0.0825348880552127,0.04730617608409987
A0AAU3TKL6,723,97.16459197786997,0.41355463347164595,-0.046611341632088354,0.20885200553250347,-0.07398005236181711,0.07192254495159059
A0AAU3YH56,482,72.86307053941908,0.44398340248962653,-0.7095435684647302,0.34854771784232363,-0.03066881976645191,0.07676348547717843
A0AAU4F5Z9,537,88.65921787709497,0.32774674115456237,-0.14804469273743004,0.1824953445065177,0.06963592814139448,0.06703910614525141
A0AAU4GX79,565,84.79646017699115,0.35929203539823007,-0.17876106194690267,0.22300884955752215,0.09538349304658385,0.07256637168141593
A0AAU4MF73,478,96.5899581589958,0.4225941422594142,-0.024476987447698884,0.20920502092050208,-0.017033339298780394,0.04811715481171548
A0AAU4P2Y1,756,89.58994708994709,0.38227513227513227,-0.14814814814814803,0.20767195767195767,0.12653247961485725,0.062169312169312166
A0AAU4PSG1,621,81.06280193236715,0.2946859903381642,0.046537842190016,0.11916264090177134,-0.3357921019231932,0.06280193236714976
A0AAU4SYI6,604,94.71854304635762,0.4254966887417219,-0.10000000000000014,0.23013245033112584,0.1684044303893903,0.09437086092715233
A0AAU5AXJ4,324,87.31481481481481,0.3919753086419753,-0.12777777777777788,0.24382716049382713,0.16272729749769974,0.07098765432098765
A0AAU5GYT5,358,89.66480446927375,0.30726256983240224,-0.054469273743016855,0.22346368715083798,0.04240384855308735,0.036312849162011177
A0AAU6CKE8,368,98.69565217391305,0.421195652173913,-0.0899456521739132,0.24456521739130432,0.17216096542724896,0.029891304347826088
A0AAU6LMA8,603,83.33333333333333,0.4461028192371476,-0.383582089552239,0.2669983416252073,0.1452146925826114,0.09452736318407962
A0AAU6VHA1,622,92.89389067524117,0.40514469453376206,-0.19421221864951765,0.247588424437299,0.08940041122931092,0.0707395498392283
A0AAU6YW18,336,99.91071428571429,0.40773809523809523,0.036011904761904745,0.2142857142857143,0.1180993120779944,0.05357142857142856
A0AAU7K9D6,545,65.8348623853211,0.3522935779816514,-0.5341284403669724,0.2018348623853211,-0.07775965891283065,0.14862385321100918
A0AAU7NZT9,713,112.88920056100982,0.4347826086956521,0.12159887798036467,0.20897615708274894,0.05183163827286832,0.0729312762973352
A0AAU8AN18,377,94.19098143236076,0.3952254641909815,-0.07692307692307693,0.23607427055702918,0.08618614761628322,0.03713527851458886
A0AAU8F996,413,88.69249394673125,0.35593220338983056,-0.2675544794188862,0.23244552058111378,0.03547231816221895,0.060532687651331726
A0AAU8LSX6,356,105.92696629213485,0.45786516853932585,-0.06966292134831442,0.23314606741573035,-0.07169322465507481,0.10393258426966293
A0AAU9I7R0,528,78.80681818181819,0.3787878787878788,-0.39678030303030326,0.22537878787878787,-0.007178584627123459,0.0946969696969697
A0AAU9ZZ27,701,97.63195435092726,0.40085592011412263,0.09914407988587737,0.19543509272467902,0.006248949277001542,0.07703281027104136
A0AAV0ELX8,655,93.00763358778626,0.42442748091603055,-0.05694656488549632,0.22442748091603054,-0.1471275631203647,0.11145038167938931
A0AAV0F6J6,462,71.991341991342,0.38528138528138534,-0.3082251082251083,0.22510822510822512,-0.11539341870206965,0.1103896103896104
A0AAV0FTX8,324,70.92592592592592,0.3611111111111111,-0.5802469135802469,0.287037037037037,-0.00914337943986982,0.09876543209876543
A0AAV0HPZ7,743,86.08344549125168,0.4064602960969044,-0.23876177658142683,0.23956931359353972,0.05799194697768664,0.11036339165545088
A0AAV0MFL4,751,75.04660452729694,0.3089214380825566,-0.18202396804260984,0.19174434087882822,0.011899223299707691,0.10119840213049268
A0AAV0T1T7,369,76.63956639566395,0.3983739837398374,-0.5596205962059624,0.2737127371273713,0.1972805581256193,0.05691056910569106
A0AAV1C369,440,84.56818181818181,0.3863636363636363,-0.4684090909090908,0.2863636363636364,0.109144469425068,0.031818181818181815
A0AAV1CDE3,555,95.90990990990991,0.3603603603603604,-0.001081081081081181,0.15495495495495495,0.0,0.0990990990990991
A0AAV1D392,646,76.36222910216719,0.34829721362229105,-0.36006191950464395,0.2136222910216718,0.11229725627967443,0.10371517027863777
A0AAV1E104,546,104.7985347985348,0.3791208791208791,0.5600732600732601,0.14468864468864467,-0.07525095241919241,0.09890109890109891
A0AAV1E2D2,755,98.17218543046357,0.4331125827814569,-0.09311258278145701,0.2410596026490066,-0.009441556232841508,0.10596026490066227
A0AAV1J9Y3,529,92.68431001890359,0.39697542533081287,0.14820415879016996,0.15879017013232513,0.04042865705560813,0.1550094517958412
A0AAV1NHP9,698,76.91977077363899,0.38968481375358177,-0.696704871060172,0.26504297994269344,0.06982292253907489,0.06017191977077364
A0AAV1WLT6,601,101.0648918469218,0.39434276206322794,-0.07437603993344433,0.2579034941763727,0.02767142659785834,0.03660565723793677
A0AAV1X9S2,603,91.70812603648424,0.4013266998341625,-0.1184079601990049,0.22885572139303484,0.03724805741962948,0.0845771144278607
A0AAV1X9Y7,441,51.97278911564626,0.30158730158730157,-0.9566893424036279,0.2086167800453515,0.05551732784983133,0.0929705215419501
A0AAV2BKX4,661,105.4765506807867,0.3721633888048411,0.3950075642965205,0.15279878971255673,0.02530586526477017,0.09531013615733736
A0AAV2GBI3,761,92.44415243101183,0.4678055190538765,-0.5014454664914585,0.3140604467805519,-0.018023104133272547,0.07227332457293036
A0AAV2H623,572,89.16083916083917,0.3706293706293706,-0.3996503496503496,0.2517482517482518,0.023802914672624822,0.08391608391608392
A0AAV2J653,342,75.02923976608187,0.39181286549707606,-0.5339181286549708,0.2543859649122807,0.12778657948112618,0.05847953216374269
A0AAV2MBF5,350,82.51428571428572,0.38857142857142857,-0.14828571428571438,0.18571428571428572,-0.2532572138679805,0.15714285714285714
A0AAV2NEE7,635,57.54330708661417,0.3417322834645669,-0.331968503937008,0.11338582677165354,-1.863322860120456,0.11338582677165354
A0AAV2RJZ6,469,47.014925373134325,0.21535181236673773,-1.1023454157782517,0.2302771855010661,-0.42596873227228116,0.05970149253731344
A0AAV2RMY8,504,56.726190476190474,0.29761904761904767,-0.809920634920635,0.23214285714285712,-0.05115252244738131,0.06349206349206349
A0AAV2SDC9,676,87.70710059171599,0.3698224852071006,-0.14866863905325456,0.22189349112426038,0.022862882959504165,0.07248520710059171
A0AAV3I8G4,691,77.36613603473226,0.3342981186685962,-0.2043415340086829,0.1808972503617945,-0.17324341618285502,0.07814761215629522
A0AAV3P626,458,83.27510917030567,0.351528384279476,-0.15043668122270748,0.21397379912663755,0.1224064000929049,0.0851528384279476
A0AAV3SIS1,337,117.35905044510386,0.4658753709198813,0.5341246290801187,0.16023738872403562,0.031034233739968817,0.09198813056379823
A0AAV3TBU1,516,120.96899224806201,0.4244186046511628,0.8980620155038761,0.10852713178294573,0.1512676753306491,0.09883720930232559
A0AAV3VSP8,400,107.89999999999999,0.4724999999999999,-0.18199999999999994,0.2925,0.007299238741499329,0.1125
A0AAV4H1F2,773,90.1293661060802,0.3816300129366106,-0.08227684346701147,0.23027166882276842,-0.01930515519538658,0.06597671410090557
A0AAV4HA35,302,75.89403973509934,0.34768211920529796,-0.16258278145695382,0.17880794701986755,-0.4366925976640542,0.10264900662251655
A0AAV4SGJ3,338,82.27810650887575,0.363905325443787,-0.35473372781065093,0.23076923076923078,-0.0434656937810903,0.08579881656804733
A0AAV4YKX8,672,89.99999999999999,0.4449404761904762,-0.5019345238095239,0.28273809523809523,0.01809822209279613,0.07738095238095238
A0AAV5BN04,334,62.48502994011975,0.3323353293413173,-1.0643712574850301,0.3383233532934132,0.08333720581878268,0.03293413173652695
A0AAV5FZM8,773,102.75549805950841,0.3906856403622251,0.19107373868046554,0.17723156532988357,0.006248949277001447,0.08020698576972832
A0AAV5LHW6,740,96.82432432432432,0.3891891891891892,0.1808108108108108,0.1918918918918919,0.07255066714861176,0.10675675675675676
A0AAV5MAA9,626,71.40575079872204,0.3242811501597444,-0.644408945686901,0.30670926517571884,0.008954842652926507,0.06070287539936102
A0AAV5R255,776,87.34536082474226,0.37757731958762886,-0.4007731958762887,0.22938144329896906,0.11650556907143723,0.12628865979381443
A0AAV5RF24,561,91.83600713012478,0.36007130124777187,0.036185383244206726,0.2067736185383244,0.01472325682070638,0.10873440285204991
A0AAV5Z8E5,577,108.90814558058925,0.42461005199306756,0.39982668977469665,0.17504332755632585,-0.042197679794454886,0.06759098786828423
A0AAV6BTQ5,404,79.72772277227723,0.3886138613861387,-0.35074257425742583,0.24752475247524752,0.05115252244738129,0.07673267326732673
A0AAV6I681,337,89.05044510385756,0.36795252225519287,-0.11335311572700296,0.24925816023738873,0.0,0.0830860534124629
A0AAV6S023,687,96.52110625909751,0.41484716157205237,0.0777292576419212,0.16448326055312956,0.022663984635943785,0.10625909752547308
A0AAV6TXJ0,516,78.1782945736434,0.3507751937984497,-0.5156976744186048,0.2732558139534884,-0.05473878957996493,0.08333333333333333
A0AAV6UFK0,737,70.77340569877883,0.3473541383989145,-0.7097693351424695,0.2564450474898236,-0.09588693955047743,0.0773405698778833
A0AAV7A460,715,90.4055944055944,0.3944055944055944,-0.4854545454545454,0.24895104895104897,0.03862940235613092,0.05454545454545454
A0AAV7KEN1,459,83.46405228758171,0.42701525054466233,-1.0361655773420475,0.3485838779956427,-0.042928200541810915,0.037037037037037035
A0AAV7Y0V1,501,75.4690618762475,0.4171656686626747,-0.49880239520958086,0.2774451097804391,0.018483405694013133,0.11377245508982035
A0AAV7YJ23,710,80.59154929577463,0.3267605633802817,-0.7938028169014085,0.28028169014084503,-0.25325721386798045,0.09859154929577466
A0AAV8GBG3,454,77.77533039647577,0.3656387665198238,-0.5151982378854625,0.2709251101321586,0.07663405703374482,0.07488986784140969
A0AAV8UNF9,463,109.26565874730021,0.40604751619870416,0.6600431965442763,0.12742980561555076,0.07135590853566819,0.13822894168466524
A0AAV8WCK4,555,98.36036036036036,0.40180180180180186,-0.0491891891891893,0.24144144144144142,-0.02555410447238822,0.08648648648648649
A0AAV9BP54,664,79.02108433734941,0.33283132530120485,-0.20798192771084328,0.19277108433734938,-0.1346985738974561,0.0858433734939759
A0AAV9MXK0,598,98.36120401337793,0.4180602006688963,-0.12474916387959845,0.21070234113712377,0.06799707909511105,0.06354515050167224
A0AAV9P4T6,353,70.19830028328612,0.35694050991501414,-0.6583569405099151,0.2521246458923513,0.04777278179600068,0.09065155807365438
A0AAV9PGI5,528,91.45833333333333,0.3901515151515152,-0.11723484848484839,0.22159090909090906,0.08051959681988707,0.07954545454545454
A0AAV9TG53,716,50.37709497206704,0.3212290502793296,-1.2747206703910618,0.35474860335195535,-0.04754839817855606,0.040502793296089384
A0AAV9VP88,783,78.35249042145594,0.36270753512132825,-0.46628352490421465,0.21966794380587482,-0.09017663034908796,0.10727969348659004
A0AAV9XB71,780,90.91025641025641,0.4012820512820513,-0.2658974358974358,0.2217948717948718,0.04470973496948137,0.08333333333333334
A0AAV9XY83,720,109.43055555555557,0.4402777777777778,-0.0641666666666666,0.19166666666666665,0.11229725627967443,0.10138888888888889
A0AAW0EUI3,533,100.65666041275799,0.4090056285178237,0.21651031894934344,0.17636022514071292,-0.054357662322592704,0.0600375234521576
A0AAW0F0K7,627,96.4114832535885,0.393939393939394,-0.17001594896331734,0.24561403508771928,0.08940041122931085,0.022328548644338114
A0AAW0GP00,541,101.79297597042513,0.3733826247689464,0.47911275415896487,0.13123844731977818,-0.08354605145007488,0.11460258780036969
A0AAW0KMK1,479,78.35073068893527,0.37160751565762,-0.3605427974947809,0.25052192066805845,-0.01424043911461033,0.0918580375782881
A0AAW0L7U6,623,97.81701444622793,0.4365971107544141,-0.012841091492776902,0.2231139646869984,-0.006160308704818398,0.12199036918138043
A0AAW0N5Y4,442,68.86877828054298,0.3733031674208145,-0.6144796380090497,0.2828054298642534,0.006839424530305443,0.09502262443438914
A0AAW0NYR6,575,58.69565217391304,0.30782608695652175,-0.9606956521739131,0.22782608695652173,-0.045757490560675115,0.04173913043478261
A0AAW0RLT9,614,83.15960912052118,0.3420195439739414,-0.14120521172638434,0.22312703583061888,-0.031257693730442064,0.06351791530944625
A0AAW0XVY0,718,63.314763231197766,0.28830083565459613,-0.8661559888579388,0.26740947075208915,-0.08082319311460165,0.026462395543175487
A0AAW1BBZ3,576,82.37847222222221,0.3645833333333333,-0.2277777777777779,0.22916666666666666,0.05191779926549358,0.1076388888888889
A0AAW1HMK5,568,84.66549295774648,0.3890845070422535,-0.283274647887324,0.23943661971830985,-0.02518354601824887,0.10211267605633803
A0AAW1NDB0,657,88.96499238964992,0.3850837138508371,0.03546423135464222,0.1993911719939117,0.01959555606338077,0.1035007610350076
A0AAW2B0L4,482,93.04979253112033,0.42738589211618255,-0.23589211618257255,0.2593360995850622,0.034214100531101584,0.09958506224066391
A0AAW2FRZ7,714,68.33333333333333,0.34173669467787116,-0.9554621848739495,0.25630252100840334,-0.1085483204201306,0.0350140056022409
A0AAW2GAW4,700,76.65714285714286,0.37,-0.2630000000000001,0.22999999999999998,0.08015828691393657,0.09714285714285714
A0AAW2IVD6,478,95.0418410041841,0.41422594142259417,-0.06422594142259413,0.2280334728033473,0.10219560946974024,0.09414225941422594
A0AAW2K3Q5,481,87.15176715176716,0.4095634095634096,-0.13575883575883585,0.23076923076923078,-0.0693264913759679,0.09771309771309772
A0AAW2TAY4,311,120.06430868167202,0.4212218649517685,0.7839228295819936,0.10932475884244372,-0.3565473235138125,0.11575562700964631
A0AAW2TFZ3,689,101.50943396226415,0.36139332365747456,0.0037735849056602516,0.14078374455732948,0.026328938722349145,0.07982583454281567
A0AAW2WBL7,620,85.12903225806451,0.36935483870967745,-0.3138709677419356,0.2370967741935484,-0.005829543660723795,0.08064516129032258
A0AAW2X1Q7,777,92.50965250965251,0.4131274131274132,-0.2788931788931789,0.24581724581724582,0.06764333265386756,0.0888030888030888
A0AAW2YGB7,370,83.16216216216216,0.327027027027027,0.010540540540540544,0.20540540540540542,0.11197375944393234,0.04864864864864865
A0AAW3F6R3,661,100.54462934947051,0.33888048411497734,0.5033282904689864,0.1270801815431165,0.02020338608828699,0.08774583963691376
A0AAW3MRC1,633,85.97156398104266,0.3601895734597157,-0.11358609794628743,0.21800947867298578,0.08715017571890013,0.07424960505529227
A0AAW3RTD8,470,119.36170212765957,0.41276595744680844,0.8314893617021277,0.1021276595744681,-0.14017870316503683,0.12340425531914893
A0AAW3T6J3,734,79.40054495912806,0.2724795640326976,0.1617166212534059,0.13215258855585832,0.32092482438092046,0.06403269754768393
A0AAW3WG95,414,134.71014492753625,0.4275362318840579,0.8060386473429951,0.12318840579710144,-0.11539341870206953,0.08937198067632851
A0AAW4BCP1,689,83.75907111756169,0.34687953555878087,-0.2658925979680696,0.1799709724238026,0.15322837609617704,0.1030478955007257
A0AAW4RSL6,314,110.73248407643312,0.35350318471337583,0.386624203821656,0.14968152866242038,0.16136800223497494,0.044585987261146494
A0AAW4TVY4,422,116.32701421800948,0.37440758293838866,0.837914691943128,0.1113744075829384,-0.12493873660829995,0.09004739336492891
A0AAW4WFY3,371,81.21293800539084,0.4339622641509434,-0.5606469002695416,0.2857142857142857,0.28305662465208026,0.12398921832884097
A0AAW4WL84,404,101.83168316831683,0.452970297029703,-0.23613861386138624,0.27970297029702973,0.052936075187798574,0.04207920792079208
A0AAW5AFW7,507,91.36094674556212,0.3806706114398422,-0.06923076923076948,0.22485207100591714,0.09017663034908804,0.05325443786982249
A0AAW5J3H1,374,76.97860962566845,0.3556149732620321,-0.4534759358288768,0.20588235294117646,0.14424389180368655,0.08823529411764705
A0AAW5N629,779,78.7548138639281,0.3748395378690629,-0.32708600770218227,0.2105263157894737,-0.10516008843347924,0.13735558408215662
A0AAW5U3Z8,458,89.41048034934498,0.38427947598253276,-0.26899563318777303,0.24890829694323144,0.10534318054491919,0.09606986899563319
A0AAW5WZZ8,669,97.32436472346787,0.40657698056801195,-0.3061285500747383,0.26307922272047835,0.1178306486101608,0.059790732436472344
A0AAW6DG12,670,102.61194029850746,0.4223880597014925,0.16582089552238793,0.23582089552238805,0.08715017571890013,0.09850746268656717
A0AAW6EXL2,740,100.60810810810811,0.38243243243243247,0.034864864864864786,0.2391891891891892,0.014558720170925007,0.07162162162162163
A0AAW6WB75,587,101.78875638841566,0.4258943781942078,-0.032879045996592804,0.22487223168654175,0.012964977164367635,0.10221465076660988
A0AAW6YJA4,379,54.274406332453815,0.27440633245382584,-0.6240105540897098,0.237467018469657,-0.018885344160373813,0.08443271767810026
A0AAW6ZY35,712,102.85112359550561,0.39887640449438205,0.14241573033707872,0.17275280898876405,-0.020850138973120137,0.10252808988764045
A0AAW7A7C9,699,95.09298998569385,0.3862660944206009,-0.15250357653791147,0.234620886981402,0.041892161328177135,0.07296137339055794
A0AAW7EQ79,344,116.5406976744186,0.3953488372093023,0.8601744186046512,0.09593023255813954,-0.28254658996996806,0.12209302325581396
A0AAW7K6F8,421,127.00712589073633,0.4085510688836104,0.9498812351543943,0.10688836104513064,0.05551732784983133,0.09263657957244656
A0AAW7ZMP0,527,118.36812144212523,0.4648956356736243,0.2106261859582543,0.21821631878557873,0.1885005170375012,0.06451612903225806
A0AAW8CTZ4,317,107.47634069400631,0.3690851735015773,0.03627760252365947,0.18611987381703468,0.1583624920952497,0.07886435331230285
A0AAW8ET36,368,105.35326086956522,0.41032608695652173,0.09239130434782611,0.21467391304347824,0.11868978733129842,0.03804347826086957
A0AAW8TQ25,494,92.77327935222672,0.38866396761133604,-0.33562753036437243,0.257085020242915,0.02020338608828699,0.10526315789473684
A0AAW9GWQ4,307,101.53094462540717,0.40390879478827363,-0.17882736156351797,0.22149837133550487,-0.2552725051033061,0.03257328990228013
A0AAW9HKG3,310,79.6774193548387,0.3838709677419355,-0.3370967741935485,0.19677419354838707,0.013788284485633379,0.07419354838709678
A0AAW9IGF1,360,138.63888888888889,0.4861111111111111,0.8205555555555556,0.125,-0.3290587192642248,0.18055555555555555
A0AAW9JPS6,612,91.22549019607843,0.4673202614379085,-0.38839869281045764,0.2696078431372549,0.07822780004030228,0.11928104575163398
A0AAW9SQK1,667,114.25787106446776,0.4122938530734632,0.7476761619190406,0.12443778110944526,-0.1760912590556812,0.11094452773613193
A0AAX0KQQ1,566,90.53003533568905,0.3886925795053004,-0.06961130742049465,0.2314487632508834,0.12493873660829992,0.06890459363957598
A0AAX0KSM9,671,84.20268256333831,0.43219076005961254,-0.5731743666169895,0.3189269746646796,0.16272729749769968,0.04769001490312966
A0AAX0Q670,742,92.16981132075472,0.3921832884097035,-0.05741239892183286,0.2169811320754717,0.09091964931886899,0.05525606469002695
A0AAX1CHY8,532,93.77819548872179,0.3834586466165414,-0.1266917293233083,0.20864661654135336,-0.023065304068693435,0.06203007518796992
A0AAX1JCE7,529,82.74102079395085,0.40075614366729684,-0.2620037807183363,0.22684310018903592,0.15836249209524964,0.0888468809073724
A0AAX1Q1D6,661,78.48714069591527,0.4296520423600605,-0.4892586989409984,0.2859304084720121,0.07751408668016187,0.12405446293494705
A0AAX2DGH9,787,87.01397712833545,0.43202033036848786,-0.32350698856416793,0.24650571791613723,0.01772876696043162,0.10038119440914867
A0AAX2RSW7,400,88.625,0.38500000000000006,-0.1364999999999999,0.22000000000000003,0.05799194697768673,0.07
A0AAX2UYD6,713,97.3352033660589,0.396914446002805,-0.1394109396914444,0.20897615708274894,0.18089014193744996,0.05049088359046283
A0AAX3I3I7,360,103.52777777777777,0.4138888888888889,-0.014722222222222192,0.2416666666666667,0.08813608870055123,0.05277777777777778
A0AAX3J7F3,430,87.44186046511628,0.3651162790697674,0.04511627906976762,0.1697674418604651,0.1520909826519147,0.09069767441860466
A0AAX3WJC4,310,85.67741935483872,0.3935483870967742,-0.2329032258064515,0.25161290322580643,0.021719249693236305,0.08387096774193548
A0AAX4J925,682,110.6891495601173,0.4384164222873901,-0.146774193548387,0.26979472140762467,-0.09375913232909833,0.11436950146627567
A0AAX4KIA6,402,73.7810945273632,0.34328358208955223,-0.3442786069651743,0.19154228855721392,-0.12173359673308856,0.12437810945273631
A0AAX6H4P7,683,66.58857979502196,0.35871156661786235,-0.5733528550512448,0.232796486090776,0.037788560889399754,0.08345534407027819
A0AAX6HQG6,539,91.4656771799629,0.3395176252319109,0.3883116883116883,0.13914656771799627,-0.01128101040968901,0.12987012987012986
A0AAX6IJ93,717,60.55788005578799,0.34867503486750345,-0.6842398884239886,0.2622036262203626,-0.04575749056067517,0.1087866108786611
A0AAX7SD40,329,82.34042553191489,0.3343465045592705,-0.09544072948328253,0.21580547112462006,-0.011899223299707757,0.0790273556231003
A0AAX7TNK5,765,86.4313725490196,0.3843137254901961,-0.37202614379084986,0.22352941176470587,0.05530280846690558,0.08496732026143791
A0AAX7TZB6,708,80.72033898305084,0.36299435028248583,-0.4122881355932203,0.23728813559322035,0.020441160242544595,0.08757062146892655
A0AAX7V7B1,568,68.87323943661971,0.3274647887323944,-0.5132042253521125,0.20246478873239437,0.05202900000401,0.0880281690140845
A0AAY4A0S9,649,104.23728813559323,0.4052388289676425,-0.05716486902927581,0.21109399075500768,0.05631836308812068,0.07395993836671803
A0AAY4CP09,505,89.42574257425743,0.3762376237623763,-0.3607920792079209,0.2277227722772277,-0.11197375944393231,0.06732673267326733
A0AAY4CQP3,735,74.55782312925169,0.3469387755102041,-0.5130612244897961,0.24081632653061225,0.1320236324243809,0.07346938775510203
A0AAY5K091,375,89.75999999999999,0.408,-0.28906666666666686,0.2613333333333333,-0.017374096069422692,0.06933333333333333
A0AAY5KA28,678,61.72566371681416,0.2640117994100295,-0.7535398230088499,0.15486725663716816,0.089610774266557,0.051622418879056046
A0AAY5KSX0,510,92.58823529411767,0.407843137254902,0.15862745098039222,0.16862745098039214,0.09913147300201437,0.13529411764705884
A0AAZ3PJ00,554,87.68953068592057,0.3501805054151625,-0.03754512635379059,0.17148014440433212,0.13540417028646487,0.08303249097472924
A0AB13A9W9,709,81.52327221438645,0.4414668547249648,-0.8571227080394919,0.32722143864598024,0.08940041122931092,0.04372355430183357
A0AB32VJD4,511,67.2211350293542,0.2896281800391389,-0.5446183953033269,0.21135029354207435,0.09513375498225339,0.0684931506849315
A0AB33EC35,435,95.12643678160919,0.3908045977011494,-0.0636781609195402,0.20229885057471264,0.05799194697768673,0.07126436781609195
A0AB33ZCM5,739,87.22598105548039,0.4181326116373478,-0.4719891745602166,0.3017591339648173,0.0038604208132380973,0.07577807848443843
A0AB34IWH4,435,88.96551724137932,0.3425287356321839,0.08482758620689657,0.20229885057471264,0.019305155195386628,0.07126436781609195
A0AB34J2A8,494,95.68825910931173,0.3522267206477733,0.256072874493927,0.1882591093117409,0.009143379439869814,0.05668016194331984
A0AB34JAD5,479,73.00626304801669,0.2985386221294363,-0.17974947807933206,0.18371607515657623,0.05799194697768673,0.037578288100208766
A0AB34LGL8,438,104.40639269406392,0.3972602739726027,0.3321917808219177,0.18036529680365296,0.010723865391773068,0.12557077625570776
A0AB34Q2F7,552,104.8731884057971,0.41666666666666663,-0.040398550724637716,0.2463768115942029,0.07572071393811834,0.034420289855072464
A0AB35IKT9,607,76.06260296540363,0.34761120263591433,-0.37644151565074135,0.1960461285008237,0.15228834438305647,0.085667215815486
A0AB36S3M7,651,93.2258064516129,0.4086021505376344,-0.3019969278033796,0.2626728110599078,0.02511072058303113,0.10599078341013825
A0AB36Z478,799,76.29536921151438,0.36295369211514394,-0.3987484355444306,0.2127659574468085,0.12199435596151867,0.13266583229036294
A0AB37AX30,724,92.81767955801105,0.3895027624309392,-0.17182320441988969,0.21823204419889503,0.09813165792583746,0.06353591160220995
A0AB37KID0,714,96.97478991596638,0.4327731092436975,-0.42254901960784336,0.30952380952380953,0.027274084866662007,0.06022408963585434
A0AB38AJU4,652,87.00920245398773,0.39877300613496935,-0.23604294478527604,0.2315950920245399,0.028395371559465223,0.06595092024539877
A0AB38BWD5,671,110.6855439642325,0.4247391952309985,0.3156482861400894,0.16989567809239942,-0.014977155969652803,0.09538002980625931
A0AB38FQB2,325,85.84615384615384,0.36615384615384616,-0.3224615384615385,0.20615384615384613,0.11394335230683686,0.10153846153846155
A0AB38FTN1,515,97.18446601941746,0.44854368932038835,-0.1776699029126213,0.26601941747572816,0.006248949277001542,0.07961165048543689
A0AB38GEY9,746,92.01072386058982,0.37801608579088475,-1.1337801608579088,0.3672922252010724,-0.05672762444892715,0.03619302949061662
A0AB38JIS7,512,87.6953125,0.33984375,-0.1601562500000001,0.208984375,-0.16946068015666813,0.03125
A0AB38RII7,523,95.81261950286807,0.4110898661567878,-0.030975143403441707,0.2217973231357553,0.21011034634511228,0.05736137667304015
A0AB38WRJ5,405,78.22222222222223,0.40740740740740744,-0.2804938271604938,0.23209876543209879,0.16481024864599222,0.11111111111111112
A0AB38WRL2,458,83.14410480349345,0.3406113537117904,-0.07074235807860269,0.19213973799126638,0.17609125905568124,0.09388646288209607
A0AB39NY53,336,73.83928571428572,0.3541666666666667,-0.37499999999999994,0.2351190476190476,0.09691001300805642,0.050595238095238096
A0AB40BPR0,768,72.66927083333333,0.37109375,-0.6218750000000003,0.265625,0.07609016907048302,0.07682291666666666
A0AB72Z7Z5,724,90.37292817679557,0.39917127071823205,-0.45151933701657493,0.2859116022099447,0.1043980344006065,0.045580110497237564
A0AB73G8U2,562,77.82918149466191,0.3149466192170819,-0.26387900355871874,0.18149466192170818,0.1176394978668005,0.09786476868327403
A0AB73IGA9,507,121.04536489151876,0.40631163708086787,0.6591715976331363,0.11637080867850097,-0.12909469637945759,0.06706114398422092
A0AB73RJI8,765,72.40522875816993,0.36732026143790847,-0.4945098039215685,0.2496732026143791,0.02250734099785131,0.10588235294117646
A0AB74F520,616,74.91883116883116,0.38311688311688313,-0.3840909090909089,0.25162337662337664,0.1394974567792249,0.10064935064935066
A0AB74HN00,390,79.28205128205128,0.3923076923076923,-0.32589743589743597,0.24102564102564103,0.14612803567823793,0.10512820512820513
A0AB74QZ54,340,134.0588235294118,0.4588235294117647,0.6323529411764706,0.19117647058823528,-0.1173855987178541,0.10294117647058823
A0ABC8ANR5,732,63.18306010928961,0.319672131147541,-0.6566939890710382,0.226775956284153,0.062147906748844434,0.06830601092896176
A0ABC8J9C6,380,84.13157894736842,0.3973684210526316,-0.4247368421052632,0.26842105263157895,0.03342375548694964,0.05789473684210526
A0ABC8JV01,777,90.63063063063063,0.3590733590733591,-0.2424710424710425,0.19948519948519947,0.049846372645097746,0.06177606177606178
A0ABC8UF81,579,96.20034542314335,0.37478411053540583,-0.2827288428324697,0.2400690846286701,0.08031075118859471,0.06735751295336787
A0ABC8VW94,426,93.54460093896712,0.39671361502347424,-0.19929577464788745,0.24413145539906103,-0.08218675618735001,0.07276995305164319
A0ABC8X7Z9,654,111.37614678899084,0.4036697247706422,0.544954128440367,0.154434250764526,-0.11021547978759366,0.08256880733944955
A0ABC9DAS6,558,71.0394265232975,0.4229390681003584,-0.6571684587813622,0.30286738351254483,0.22320380370132242,0.10931899641577061
A0ABC9FRD5,640,82.453125,0.4046875,-0.4781249999999999,0.259375,0.02068459885985105,0.078125
A0ABC9K6C7,746,111.0455764075067,0.42091152815013405,0.17801608579088468,0.19302949061662197,-0.08354605145007482,0.11796246648793567
A0ABD0L431,365,84.1917808219178,0.30684931506849317,0.047945205479452024,0.15342465753424656,-0.18234020833268277,0.0684931506849315
A0ABD0S8A6,783,61.97956577266922,0.34865900383141757,-0.842401021711366,0.3116219667943806,-0.08501078970834865,0.08429118773946359
A0ABD0SKR2,379,84.37994722955145,0.3720316622691293,-0.3237467018469659,0.27440633245382584,0.3071903043687996,0.079155672823219
A0ABD0SNU6,434,86.49769585253458,0.39170506912442404,-0.38824884792626724,0.3064516129032258,0.032184683371401235,0.05990783410138249
A0ABD0STS2,633,95.07109004739334,0.3838862559241706,-0.21311216429699847,0.20537124802527645,-0.20091484278071337,0.08688783570300157
A0ABD0X900,653,98.45329249617151,0.3491577335375191,0.35972434915773355,0.13476263399693722,-0.156074145533794,0.10107197549770292
A0ABD1EK10,305,86.0,0.3639344262295082,-0.16131147540983598,0.21639344262295085,0.10266234189714771,0.09836065573770492
A0ABD1F8D7,741,56.24831309041836,0.3238866396761134,-0.8298245614035087,0.2591093117408907,-0.008954842652926502,0.05128205128205128
A0ABD1FY88,357,99.9719887955182,0.43697478991596644,0.37310924369747894,0.13725490196078433,-0.11997531707674987,0.1764705882352941
A0ABD1L0D6,593,97.13322091062395,0.40303541315345703,0.012478920741989974,0.19224283305227657,0.0,0.09780775716694773
A0ABD1NHK4,309,68.12297734627832,0.4142394822006472,-0.3268608414239483,0.22330097087378642,-0.1608512924989444,0.10355987055016182
A0ABD1RHD9,579,84.14507772020725,0.34369602763385143,-0.13886010362694295,0.17271157167530224,0.1373835560625576,0.1157167530224525
A0ABD1RMB2,569,106.29173989455182,0.40773286467486813,0.20175746924428828,0.21265377855887524,0.19382002601611276,0.05975395430579965
A0ABD1V187,491,92.72912423625255,0.4439918533604888,-0.40203665987780046,0.29938900203665986,0.06424089625468829,0.07535641547861507
A0ABD2AWC8,636,89.92138364779875,0.43081761006289304,-0.2256289308176101,0.19968553459119498,0.06069784035361165,0.1289308176100629
A0ABD2CAK6,311,79.7749196141479,0.3086816720257235,-0.5736334405144696,0.20900321543408362,0.5034501934420115,0.11575562700964631
A0ABD2F507,754,72.58620689655173,0.36737400530503983,-0.4587533156498675,0.22679045092838196,-0.02511072058303114,0.09549071618037135
A0ABD2G4H0,715,74.61538461538461,0.35664335664335667,-0.47020979020979015,0.25034965034965034,0.004798882881768804,0.06713286713286713
A0ABD2JTL7,615,83.20325203252033,0.4048780487804877,-0.41105691056910587,0.24878048780487805,0.0956493605063124,0.12357723577235771
A0ABD2KEV2,666,80.97597597597598,0.3408408408408409,-0.3596096096096096,0.19969969969969972,0.057991946977686816,0.06156156156156156
A0ABD2T5M1,789,65.05703422053233,0.3130544993662865,-0.7759188846641316,0.2623574144486692,0.09597504067298336,0.05576679340937896
A0ABD2UL59,763,101.88728702490171,0.39711664482306674,0.07562254259501983,0.20314547837483618,0.02767142659785834,0.07077326343381389
A0ABD2UQZ4,562,94.6085409252669,0.3754448398576512,-0.0724199288256227,0.2117437722419929,0.050305118311395745,0.05516014234875445
A0ABD2X484,782,107.65984654731457,0.4168797953964194,0.2367007672634271,0.1585677749360614,-0.13904699051966685,0.09462915601023018
A0ABD2ZKJ2,518,105.75289575289575,0.40347490347490345,0.516988416988417,0.15057915057915058,-0.10914446942506797,0.13320463320463322
A0ABD3G2M0,700,92.34285714285716,0.42142857142857143,-0.5150000000000001,0.32999999999999996,-0.026102802564205062,0.06
A0ABD3HP42,505,57.78217821782179,0.3900990099009901,-1.3413861386138615,0.4217821782178218,0.044478271721502184,0.04554455445544554
A0ABD3J1F6,779,71.1168164313222,0.3414634146341463,-0.35121951219512193,0.2246469833119384,0.1842857376709529,0.08985879332477535
A0ABD3LC22,391,85.72890025575448,0.3759590792838875,-0.2703324808184142,0.22250639386189258,0.16797336883350175,0.10485933503836317
A0ABD3NNK3,498,78.55421686746989,0.4076305220883534,-0.3753012048192771,0.24497991967871485,0.11270428019128832,0.10040160642570281
A0ABD3PA92,781,82.21510883482715,0.40332906530089635,-0.45416133162612043,0.2612035851472471,-0.008433167536862813,0.07170294494238157
A0ABD3PKN5,784,76.63265306122449,0.40433673469387754,-0.647066326530612,0.2767857142857143,0.0675606335234828,0.08418367346938775
A0ABD3SE69,540,87.48148148148147,0.37407407407407406,-0.18833333333333319,0.22592592592592595,-0.02802872360024354,0.07222222222222222
A0ABD3SHY6,415,86.4578313253012,0.41445783132530123,-0.5590361445783132,0.3108433734939759,0.006630578899013171,0.10120481927710843
A0ABD3U6A7,357,96.9467787114846,0.411764705882353,0.08011204481792722,0.21288515406162467,-0.08940041122931089,0.08403361344537816
A0ABD3UJA1,476,61.008403361344534,0.3067226890756302,-0.6474789915966388,0.2584033613445378,0.06264680913788914,0.06722689075630252
A0ABD4ZIF9,349,112.55014326647563,0.4068767908309456,-0.1541547277936962,0.24641833810888253,0.019744058195757096,0.054441260744985676
A0ABD5A3Y5,434,80.9447004608295,0.37327188940092165,-0.390322580645161,0.24193548387096775,0.10605339244792612,0.08064516129032258
A0ABD5BEI2,434,87.46543778801843,0.36866359447004604,-0.20576036866359446,0.24193548387096775,0.15588787296739423,0.11059907834101382
A0ABD5E7A0,431,93.89791183294665,0.382830626450116,-0.08515081206496511,0.21809744779582368,-0.01809822209279622,0.02320185614849188
A0ABD5ENA4,750,67.85333333333334,0.33066666666666666,-0.5548,0.24266666666666667,0.05672762444892706,0.03733333333333333
A0ABD5F7D5,765,76.92810457516339,0.3607843137254902,-0.49320261437908497,0.25620915032679736,0.11471957142661385,0.10065359477124183
A0ABD5G4E8,768,109.75260416666666,0.45312499999999994,0.14843749999999994,0.20312500000000003,-0.02199429370616788,0.11067708333333334
A0ABD5HG41,455,72.68131868131869,0.4000000000000001,-0.38615384615384635,0.23516483516483516,0.1202938315625363,0.1076923076923077
A0ABD5R9Q4,402,87.58706467661692,0.42288557213930356,-0.4402985074626865,0.2960199004975124,0.13752786391632055,0.06218905472636816
A0ABD5SA15,788,78.55329949238578,0.3934010152284264,-0.41903553299492363,0.266497461928934,0.23501019567432713,0.07233502538071065
A0ABD5WDL6,590,77.44067796610169,0.40677966101694907,-0.6577966101694915,0.30677966101694915,0.30102999566398114,0.08305084745762713
A0ABD5X2V7,625,102.64,0.42879999999999996,0.28448,0.2192,0.17089006536987345,0.0784
A0ABD6BK50,540,76.42592592592592,0.41296296296296303,-0.45648148148148154,0.30000000000000004,0.3960880038104442,0.03888888888888889
A0ABD6DQB0,620,67.83870967741936,0.39838709677419354,-0.49016129032258077,0.24354838709677418,0.3010299956639811,0.11612903225806451
A0ABD6M4N2,563,97.44227353463589,0.4049733570159858,-0.06181172291296641,0.20959147424511546,-0.057991946977686865,0.09236234458259325
A0ABD6P2V5,422,101.65876777251184,0.37440758293838866,0.052369668246445455,0.18246445497630331,-0.010995384301463244,0.05450236966824645
A0ABD6VWS1,388,78.27319587628865,0.34536082474226804,-0.11262886597938143,0.12628865979381443,-0.05115252244738131,0.1365979381443299
A0ABD6XTT3,323,81.88854489164086,0.3343653250773994,-0.23808049535603737,0.23839009287925697,-0.010995384301463193,0.06811145510835913
A0ABD7DW74,640,88.078125,0.40625,-0.2907812499999999,0.25,0.06445798922691845,0.090625
A0ABD7H0P4,572,95.83916083916083,0.3898601398601399,-0.08653846153846162,0.20104895104895104,-0.007424018079206936,0.07167832167832168
A0ABD8AJI4,581,128.89845094664372,0.4010327022375216,0.7779690189328745,0.11187607573149742,-0.14390657568428,0.12564543889845095
A0ABD8AXJ8,337,82.46290801186943,0.3620178041543027,-0.354005934718101,0.2166172106824926,0.17609125905568124,0.07121661721068248
A0ABD8B7M0,696,96.566091954023,0.4051724137931034,-0.19410919540229882,0.20402298850574713,0.0,0.08045977011494254
A1UFY6,573,98.7783595113438,0.4013961605584643,0.2617801047120419,0.16230366492146597,-0.06411749961174891,0.09249563699825479
A1VN53,398,107.46231155778894,0.41457286432160806,0.09296482412060303,0.20603015075376882,-0.08297423506476385,0.06532663316582915
A2ED96,650,102.7076923076923,0.3830769230769231,-0.04953846153846139,0.20615384615384616,0.1549019599857431,0.11692307692307694
A2QTL6,681,91.79148311306903,0.38913362701908966,-0.018208516886931092,0.17033773861967694,-0.0147232568207064,0.11160058737151247
A2R8M8,598,73.72909698996656,0.3678929765886288,-0.40100334448160546,0.21070234113712372,0.12296017062621209,0.10702341137123746
A2SSJ7,527,94.53510436432637,0.4212523719165085,-0.16982922201138517,0.24857685009487668,0.13830269816628146,0.07400379506641366
A3DAF9,558,70.6810035842294,0.2956989247311828,-0.4716845878136201,0.17562724014336917,0.30756086282293893,0.08243727598566308
A3NUD8,797,102.71016311166873,0.4391468005018821,0.020828105395232055,0.22082810539523215,0.0684573806558517,0.07277289836888332
A3VBQ4,316,98.82911392405063,0.38924050632911394,0.14493670886075954,0.2151898734177215,0.17609125905568118,0.05379746835443038
A4B8X7,662,107.91540785498488,0.41540785498489424,-0.030513595166163088,0.19637462235649547,0.07918124604762482,0.0649546827794562
A4E6Z2,460,100.56521739130434,0.39565217391304347,0.18630434782608687,0.2043478260869565,0.10914446942506809,0.03913043478260869
A4ITU7,609,106.25615763546799,0.4630541871921182,-0.14088669950738902,0.270935960591133,0.005201193685807724,0.0755336617405583
A4S605,788,89.83502538071066,0.42385786802030456,-0.16497461928933982,0.24619289340101522,0.026597768493794798,0.0850253807106599
A4SU08,650,81.2,0.3769230769230769,-0.43400000000000016,0.25230769230769234,0.041892161328177135,0.07692307692307693
A6DUB4,521,86.64107485604606,0.35508637236084456,0.028982725527831182,0.18809980806142035,0.10473535052001298,0.1401151631477927
A6F699,727,102.3658872077029,0.39339752407152684,-0.09188445667125172,0.22420907840440163,0.047424649928138135,0.06740027510316368
A6H7J1,522,63.984674329501914,0.289272030651341,-0.4172413793103449,0.20689655172413793,-0.1434221423023131,0.04980842911877394
A6JQP6,738,56.51761517615177,0.31978319783197834,-1.1121951219512196,0.33062330623306235,0.2087157343450738,0.016260162601626015
A6TD56,745,92.80536912751678,0.4295302013422819,-0.3731543624161073,0.2671140939597315,0.04758225997592244,0.06845637583892616
A6VLN6,454,124.11894273127753,0.3986784140969163,0.9251101321585902,0.09691629955947136,0.037788560889399844,0.11013215859030837
A7RHM6,644,77.51552795031056,0.36024844720496896,-0.2919254658385096,0.2096273291925466,-0.006340178031019025,0.11801242236024845
A8GMT1,600,104.31666666666666,0.43333333333333335,-0.1313333333333333,0.2633333333333333,0.043465693781090345,0.06833333333333333
A8HVS4,635,90.58267716535433,0.4062992125984253,-0.20456692913385827,0.2755905511811024,0.13353890837021748,0.07401574803149606
A8NI75,415,80.93975903614458,0.3614457831325302,-0.3395180722891565,0.2457831325301205,0.08377699773677388,0.10361445783132531
A8XLI6,765,109.50326797385621,0.4065359477124183,0.06797385620915031,0.2156862745098039,0.07822780004030228,0.0457516339869281
A9L282,410,109.24390243902438,0.3853658536585366,0.5812195121951218,0.12682926829268293,-0.09691001300805646,0.12926829268292683
B0CN24,475,93.07368421052631,0.40210526315789474,-0.10442105263157891,0.22315789473684208,0.04830467957455504,0.05894736842105263
B0FH00,499,97.65531062124249,0.45090180360721444,-0.10881763527054111,0.21843687374749501,-0.15015552496128154,0.1743486973947896
B0LVB8,381,120.81364829396324,0.4146981627296588,0.7123359580052493,0.08661417322834646,0.024823583725032145,0.14960629921259844
B0MR50,705,92.80851063829788,0.3801418439716312,-0.1699290780141844,0.26666666666666666,0.1952262694959423,0.04964539007092199
B1FDV4,304,75.49342105263158,0.40789473684210525,-0.5309210526315788,0.2894736842105263,-0.21670910996394532,0.0625
B1IEW1,750,99.45333333333333,0.3466666666666667,0.08653333333333338,0.16533333333333333,-0.09691001300805639,0.08666666666666667
B1IMU6,620,104.70967741935485,0.4080645161290323,0.04951612903225819,0.22580645161290325,-0.012234456417011586,0.08870967741935484
B1JP38,393,100.58524173027989,0.4122137404580153,0.08524173027989815,0.21119592875318066,0.11303951330859226,0.05852417302798982
B1Z247,462,130.17316017316017,0.40476190476190477,0.9502164502164503,0.08658008658008658,-0.12493873660829989,0.06277056277056277
B1ZH35,411,100.97323600973236,0.43309002433090027,0.10364963503649638,0.18978102189781024,-0.02171924969323626,0.0535279805352798
B2AW13,715,90.32167832167832,0.4055944055944056,-0.12475524475524497,0.22237762237762237,-0.2969900178622411,0.07132867132867132
B2HFX9,401,93.24189526184539,0.40399002493765584,-0.0007481296758105049,0.22693266832917708,0.12221587827282664,0.06982543640897756
B2WPW3,388,79.17525773195875,0.3943298969072165,-0.5778350515463916,0.2706185567010309,-0.07323191353442356,0.08505154639175258
B3GRP1,321,117.38317757009344,0.3582554517133956,0.6161993769470404,0.06542056074766354,-0.45229767099463036,0.09345794392523364
B3LNR9,755,75.93377483443709,0.38543046357615895,-0.8278145695364237,0.3125827814569536,0.08051959681988716,0.08609271523178808
B3NZM9,695,84.80575539568346,0.418705035971223,-0.32676258992805735,0.22877697841726619,0.12493873660829992,0.11223021582733814
B4F1Q3,627,84.67304625199363,0.393939393939394,-0.5491228070175437,0.2886762360446571,0.1485701854044183,0.0861244019138756
B4I6R5,525,116.07619047619046,0.48190476190476195,0.32476190476190464,0.1657142857142857,0.08813608870055123,0.11047619047619048
B4LXL4,592,96.33445945945947,0.37162162162162166,-0.03631756756756782,0.17229729729729729,-0.11763949786680059,0.08952702702702703
B4MZE0,503,32.186878727634195,0.22862823061630216,-1.4703777335984094,0.27037773359840955,-0.08842190278253755,0.039761431411530816
B4QBS9,690,77.85507246376811,0.38115942028985506,-0.4850724637681162,0.24782608695652175,0.04522753993737686,0.10869565217391305
B4V0P0,486,115.04115226337449,0.3724279835390946,0.8314814814814814,0.09876543209876543,-0.2880650184996136,0.06378600823045268
B5U896,501,88.46307385229541,0.4111776447105789,-0.0800399201596807,0.20359281437125748,0.11763949786680043,0.07584830339321358
B6GVU4,756,76.89153439153438,0.3994708994708994,-0.5337301587301588,0.26322751322751325,0.06494080693301461,0.10317460317460317
B6HS82,551,85.2994555353902,0.3992740471869328,-0.3025408348457351,0.2250453720508167,0.0,0.09800362976406533
B6IST7,401,104.86284289276809,0.44139650872817954,0.08229426433915205,0.22693266832917705,-0.009340026254143305,0.062344139650872814
B6K1W0,423,68.08510638297872,0.29550827423167847,-0.5907801418439718,0.2458628841607565,-0.13211732123542327,0.05200945626477541
B6QFB8,599,47.946577629382304,0.2570951585976628,-0.997829716193656,0.2621035058430718,-0.03826450009528258,0.05509181969949917
B6U8Q5,753,94.5285524568393,0.3957503320053121,0.3636122177954846,0.1341301460823373,-0.07609016907048294,0.15272244355909692
B6XGN0,795,103.9874213836478,0.43144654088050316,-0.05421383647798744,0.2528301886792453,0.15126767533064905,0.05660377358490566
B7JL99,546,76.95970695970695,0.3351648351648352,-0.5644688644688647,0.28205128205128205,0.01113636611795956,0.1043956043956044
B8AV42,374,80.53475935828877,0.3983957219251336,-0.29598930481283414,0.2433155080213904,0.14132915279646935,0.08556149732620322
B8F8H0,398,101.58291457286433,0.39195979899497485,-0.029899497487437143,0.18592964824120606,0.0687158123694598,0.09045226130653267
B8IL58,465,88.40860215053765,0.42795698924731185,-0.4178494623655913,0.2946236559139785,-0.05631836308812061,0.04516129032258065
B8IWI1,722,96.62049861495845,0.37950138504155123,0.05138504155124657,0.22437673130193908,0.042403848553087264,0.060941828254847646
B8MB97,477,61.44654088050314,0.3417190775681342,-0.6763102725366876,0.2704402515723271,-0.033168363252654647,0.03773584905660378
B9D491,487,94.35318275154005,0.42505133470225875,-0.2519507186858315,0.27515400410677615,0.05115252244738129,0.08213552361396304
B9DLN5,459,99.2156862745098,0.39651416122004357,-0.18714596949891077,0.21350762527233114,0.034762106259212,0.09586056644880175
B9E1L7,514,103.83268482490271,0.5,-0.47101167315175096,0.357976653696498,0.07490244806834993,0.0311284046692607
B9UN41,552,77.53623188405797,0.3731884057971015,-0.5032608695652177,0.26811594202898553,0.011581872549815138,0.08514492753623189
B9WKX6,660,68.4090909090909,0.3560606060606061,-0.915151515151515,0.34090909090909094,-0.01913501044026111,0.04090909090909091
C0Z4U2,685,106.1897810218978,0.43503649635036495,0.07226277372262771,0.2072992700729927,0.0120645114013806,0.10364963503649635
C1DXR6,336,106.4285714285714,0.40773809523809523,0.012797619047618947,0.2767857142857143,-0.00914337943986972,0.05357142857142857
C1G9X6,442,98.77828054298641,0.41402714932126694,-0.1095022624434388,0.22850678733031674,0.09311702399091723,0.061085972850678724
C1GVB7,797,80.01254705144292,0.34378920953575914,-0.46298619824341264,0.2383939774153074,-0.10914446942506803,0.06775407779171895
C1JKL6,314,76.65605095541402,0.3471337579617834,-0.3968152866242039,0.24522292993630573,0.1898795435413146,0.08598726114649682
C2XQQ3,411,101.38686131386861,0.3454987834549878,0.6727493917274938,0.09002433090024331,0.11197375944393234,0.1386861313868613
C3K157,389,97.91773778920309,0.3933161953727506,-0.25964010282776356,0.2133676092544987,0.010219165181686122,0.07712082262210797
C4Z154,664,79.29216867469879,0.3719879518072288,-0.5207831325301207,0.30873493975903615,0.19188552623891317,0.09939759036144578
C4Z209,495,86.66666666666667,0.406060606060606,-0.2648484848484848,0.2727272727272727,0.08266957389344619,0.1111111111111111
C4Z2N5,593,92.83305227655985,0.4350758853288364,-0.40505902192242865,0.28836424957841483,0.005020801375050812,0.12310286677908938
C5DF34,437,101.89931350114416,0.4118993135011441,0.1038901601830664,0.17620137299771169,0.033000260102925255,0.09610983981693363
C5FL44,749,75.91455273698264,0.3564753004005341,-0.5850467289719627,0.27636849132176233,-0.09597504067298337,0.044058744993324434
C5FQQ5,594,90.43771043771042,0.3787878787878788,-0.12643097643097634,0.1936026936026936,-0.007424018079206888,0.08249158249158249
C5KBE6,549,88.21493624772312,0.32604735883424407,-0.16375227686703123,0.17122040072859745,0.07255066714861176,0.029143897996357013
C5M3C0,553,123.20072332730561,0.43399638336347196,0.6721518987341771,0.11573236889692586,-4.8216373327664354e-17,0.14285714285714285
C6HUV2,632,91.83544303797468,0.43037974683544306,-0.27056962025316456,0.2721518987341772,0.029963223377443202,0.060126582278481014
C6J554,378,96.71957671957672,0.44179894179894175,-0.1976190476190473,0.24867724867724866,0.03621217265444471,0.07936507936507936
C6R7Y1,423,67.09219858156028,0.3120567375886525,-0.5167848699763591,0.23167848699763594,0.0,0.08037825059101655
C6WAL1,343,106.61807580174927,0.4577259475218659,0.1212827988338192,0.2361516034985423,0.09455610761457899,0.037900874635568516
C7DCC6,619,102.26171243941842,0.45234248788368336,0.3303715670436188,0.16962843295638125,0.1391791757229101,0.1518578352180937
C7NK19,385,69.8961038961039,0.3246753246753247,-0.5246753246753247,0.3246753246753247,0.7546701545341207,0.051948051948051945
C7P484,310,120.51612903225805,0.4354838709677419,0.7390322580645161,0.12903225806451613,0.04139268515822508,0.08709677419354839
C8KHG0,388,115.33505154639174,0.38144329896907214,0.8989690721649484,0.07474226804123711,0.1413291527964693,0.13144329896907217
C8V9S1,399,74.33583959899748,0.3057644110275689,-0.41578947368421054,0.18295739348370926,-0.0813049396774804,0.06015037593984962
C8WI50,426,115.75117370892016,0.4483568075117371,0.4880281690140844,0.18544600938967135,-0.07525095241919236,0.107981220657277
D0IH57,624,81.95512820512819,0.3237179487179487,-0.567147435897436,0.17628205128205127,0.14081549870713814,0.0673076923076923
D0L317,680,82.30882352941175,0.37647058823529417,-0.2945588235294116,0.22058823529411764,0.17371155731032661,0.07058823529411765
D0L797,348,94.48275862068965,0.382183908045977,0.09626436781609182,0.18678160919540232,0.22530928172586284,0.06321839080459771
D0TVM8,752,88.29787234042554,0.3856382978723405,-0.22353723404255338,0.24335106382978725,0.07058107428570737,0.08643617021276595
D1AUE0,511,86.00782778864969,0.37377690802348335,-0.06947162426614478,0.22700587084148727,0.0,0.08414872798434442
D1W2A0,655,77.14503816793894,0.3969465648854962,-0.5479389312977099,0.2931297709923664,0.06279082985945553,0.09770992366412214
D2AW81,303,113.66336633663367,0.4191419141914191,0.6554455445544554,0.12211221122112212,-0.11197375944393231,0.13531353135313534
D2H4V3,757,69.57727873183619,0.3487450462351387,-0.6577278731836196,0.2562747688243065,-0.16136800223497486,0.06737120211360634
D2HIT7,619,85.83198707592892,0.40872374798061395,-0.11744749596122767,0.17609046849757673,0.0234810958495229,0.13408723747980614
D2SGV7,534,87.94007490636704,0.37827715355805247,-0.11123595505617967,0.21161048689138579,0.09860979788595073,0.02808988764044944
D2TT98,759,99.38076416337286,0.38998682476943347,0.049407114624505866,0.22529644268774704,0.0856290025983674,0.05928853754940711
D3ENW6,323,99.44272445820434,0.4055727554179567,-0.26284829721362213,0.21671826625386997,0.048304679574554955,0.07430340557275542
D4GF42,462,135.34632034632034,0.4588744588744589,0.9558441558441559,0.1038961038961039,-0.1760912590556813,0.10173160173160173
D4IPW4,795,77.64779874213836,0.39874213836477984,-0.41446540880503124,0.2641509433962264,0.0,0.08679245283018867
D4KCX0,735,78.23129251700679,0.35238095238095235,-0.3765986394557824,0.2312925170068027,0.17398813396791687,0.09659863945578231
D4XLW4,717,88.9260808926081,0.3403068340306834,-0.03960948396094838,0.2329149232914923,0.035997653271518944,0.07531380753138076
D4YXZ7,391,94.9616368286445,0.34271099744245526,0.17595907928388757,0.1918158567774936,0.12493873660829999,0.043478260869565216
D5BL87,750,66.85333333333332,0.31066666666666665,-0.5982666666666666,0.24666666666666667,0.1168208463861205,0.10133333333333333
D5GNT2,344,97.87790697674419,0.37209302325581395,-0.14273255813953473,0.20348837209302326,-0.3284682440109208,0.0436046511627907
D5XM96,535,78.56074766355138,0.3663551401869159,-0.354392523364486,0.22429906542056072,-4.8216373327664354e-17,0.09158878504672897
D6M658,460,83.8695652173913,0.34782608695652173,-0.24478260869565233,0.23478260869565215,0.0,0.041304347826086954
D7MAH5,610,101.81967213114753,0.38524590163934425,0.01786885245901637,0.22950819672131145,-0.09828654183685977,0.04262295081967213
D7MBK0,497,73.44064386317908,0.36217303822937624,-0.3237424547283705,0.2173038229376258,0.047424649928138135,0.1408450704225352
D8F4E3,301,82.22591362126246,0.37541528239202654,-0.30232558139534876,0.27574750830564787,0.13389357926122641,0.08305647840531562
D8IVI8,625,93.616,0.37439999999999996,-0.023360000000000047,0.1696,0.04830467957455504,0.064
D8Q687,758,75.34300791556727,0.29815303430079154,-0.2439313984168865,0.16094986807387862,0.04206134500071136,0.10026385224274406
D8SDB1,766,78.1331592689295,0.3511749347258486,-0.4797650130548302,0.2584856396866841,0.11355919086480123,0.04699738903394256
D9Q0C1,521,90.9404990403071,0.4241842610364683,-0.25105566218809955,0.2399232245681382,0.034214100531101584,0.08061420345489442
D9ZHF4,498,113.59437751004013,0.3875502008032128,0.7574297188755019,0.07028112449799197,0.21559980033935477,0.14056224899598393
E0NYS5,703,87.89473684210526,0.3854907539118066,-0.15106685633001438,0.24466571834992887,0.12057393120584989,0.08250355618776671
E0S2P2,442,92.62443438914025,0.41402714932126694,-0.07579185520361975,0.2601809954751131,0.06694678963061323,0.07013574660633484
E0TI25,403,82.28287841191066,0.35980148883374685,-0.2404466501240696,0.20099255583126552,0.07342891715853349,0.09429280397022333
E1EX59,515,68.89320388349513,0.34368932038834954,-0.2739805825242718,0.20388349514563106,0.18966406624495513,0.1029126213592233
E1R4I5,485,93.79381443298969,0.40206185567010305,-0.15443298969072158,0.22268041237113403,0.0791812460476249,0.09278350515463918
E1SKV1,603,81.37645107794363,0.33499170812603646,-0.5648424543946932,0.2703150912106136,-0.1326255652745909,0.0779436152570481
E2BKA9,785,75.73248407643311,0.38343949044585984,-0.5719745222929937,0.267515923566879,0.041001605004014896,0.07643312101910829
E2BVK2,616,84.15584415584415,0.3977272727272727,-0.4732142857142857,0.27922077922077926,-0.10028100909376295,0.06493506493506493
E3MGK0,414,81.49758454106279,0.38647342995169087,-0.4557971014492755,0.28743961352657005,-0.07918124604762487,0.07729468599033816
E3N5G3,467,87.21627408993575,0.37901498929336186,-0.13254817987152034,0.22483940042826556,0.040617850908264,0.09207708779443255
E3RLE9,701,105.27817403708988,0.4136947218259629,0.05263908701854497,0.18830242510699002,0.09108046934733259,0.07275320970042795
E3UFE9,386,119.97409326424871,0.40932642487046633,0.8966321243523316,0.09067357512953367,-0.11809931207799444,0.19430051813471502
E4Q296,734,89.98637602179835,0.44686648501362397,-0.3332425068119891,0.24795640326975477,-0.14289305251272774,0.13896457765667575
E4X4W8,597,83.75209380234506,0.3869346733668342,-0.4760469011725292,0.3065326633165829,-0.22560889848966315,0.10552763819095477
E5ANQ1,598,92.5418060200669,0.40635451505016723,-0.29264214046822723,0.2792642140468228,0.09806659020799864,0.05852842809364549
E5DM14,477,78.8888888888889,0.38993710691823896,-0.5507337526205451,0.30188679245283023,-0.33724216831842596,0.10062893081761007
E6TCA8,645,77.42635658914729,0.3054263565891473,-0.14899224806201555,0.2,0.20951501454263097,0.05271317829457364
E6UDD8,412,107.4514563106796,0.45145631067961167,0.09975728155339808,0.2815533980582524,0.3065624842639422,0.0703883495145631
E6ZR21,390,96.2051282051282,0.28974358974358977,0.2171794871794873,0.09230769230769231,0.09177037335564536,0.04102564102564103
E7ACI4,658,89.90881458966564,0.384498480243161,-0.33738601823708214,0.23404255319148937,0.0,0.09422492401215805
E7CEA9,443,62.05417607223475,0.34537246049661396,-0.7033860045146727,0.255079006772009,0.007553137890445908,0.060948081264108354
E7GI04,511,84.79452054794521,0.45401174168297453,-0.42191780821917796,0.29549902152641877,0.09691001300805642,0.10371819960861056
E7RRC2,750,126.85333333333332,0.44399999999999995,0.6330666666666667,0.17466666666666666,-0.12493873660830002,0.10266666666666666
E8LZI7,321,107.60124610591899,0.3582554517133956,0.2196261682242991,0.1806853582554517,0.028963695935316558,0.037383177570093455
F0NEL2,458,122.5109170305677,0.40829694323144106,0.699344978165939,0.1462882096069869,-0.1139433523068368,0.1091703056768559
F0NXC3,586,83.03754266211605,0.4180887372013652,-0.6271331058020482,0.31399317406143346,-0.028028723600243593,0.07167235494880546
F0Q0Y1,599,84.54090150250417,0.3956594323873122,-0.07529215358931551,0.22704507512520866,0.037788560889399754,0.08013355592654424
F0XBR5,480,106.6875,0.3895833333333333,0.7297916666666666,0.09791666666666667,-0.08894108333678111,0.14166666666666666
F0XDE3,522,71.85823754789273,0.3486590038314176,-0.3716475095785441,0.2413793103448276,-0.04074496769005942,0.09195402298850575
F0XFJ6,571,84.11558669001751,0.4010507880910683,-0.33835376532399314,0.2609457092819615,0.07496476164646128,0.05604203152364273
F0YK31,336,95.59523809523809,0.3571428571428572,-0.07321428571428579,0.25,0.2710667722865379,0.041666666666666664
F0ZSV4,770,87.66233766233766,0.33896103896103896,-0.3396103896103896,0.2168831168831169,-0.056615418148883455,0.09999999999999999
F1ZBS9,426,67.79342723004696,0.3051643192488263,-0.32347417840375575,0.20187793427230047,-0.24303804868629447,0.044600938967136156
F2Q1W4,448,62.00892857142857,0.3214285714285714,-0.7839285714285715,0.23437500000000003,0.0243593458594446,0.037946428571428575
F2TBC1,491,93.17718940936864,0.4032586558044806,-0.170875763747454,0.2016293279022403,-0.00860017176191753,0.05091649694501019
F2TP34,627,85.93301435406697,0.38596491228070173,-0.3913875598086123,0.25199362041467305,0.054357662322592676,0.06698564593301436
F3QJM3,633,83.52290679304897,0.31911532385466035,-0.30600315955766183,0.21642969984202212,-0.11947584090679783,0.06635071090047392
F4R760,632,76.67721518987342,0.379746835443038,-0.5473101265822785,0.2262658227848101,0.09017663034908804,0.08860759493670886
F4W5W4,309,74.23948220064725,0.33009708737864074,-0.4841423948220066,0.22006472491909385,0.12493873660829992,0.058252427184466014
F5T9B5,496,76.29032258064517,0.3891129032258065,-0.6129032258064515,0.31451612903225806,-0.05504756633090543,0.0967741935483871
F6EW72,649,93.38983050847457,0.349768875192604,-0.15007704160246532,0.23420647149460708,-0.04516215875819385,0.061633281972265024
F6RZD9,640,93.390625,0.3859375,-0.20421875000000023,0.2125,-0.08842190278253749,0.07343749999999999
F6XTQ2,705,76.18439716312058,0.36737588652482267,-0.5547517730496454,0.2794326241134752,0.01309529809014778,0.08085106382978724
F6ZAZ8,607,71.33443163097199,0.3723228995057661,-0.7457990115321251,0.29489291598023065,0.024000276403766604,0.06919275123558485
F7T4T9,773,93.02716688227686,0.3984476067270375,-0.25148771021992244,0.26002587322121606,0.02139814470123048,0.055627425614489
F8DEU9,347,57.5792507204611,0.2881844380403458,-0.5455331412103746,0.20461095100864554,0.8519374645445623,0.11239193083573487
F8MVN7,366,77.02185792349727,0.319672131147541,-0.3672131147540985,0.24316939890710382,0.14449227298397885,0.06830601092896174
F8PXB5,477,84.8427672955975,0.3689727463312369,-0.21194968553459115,0.19077568134171907,-0.08432088570003586,0.07966457023060797
F9FCU3,554,95.57761732851986,0.41335740072202165,-0.1361010830324908,0.21299638989169675,-0.014477823368622862,0.10108303249097472
F9P366,448,83.61607142857142,0.39062500000000006,-0.2517857142857144,0.25,0.16975108102466221,0.10267857142857142
F9W738,746,81.39410187667559,0.4383378016085791,-0.2474530831099196,0.2479892761394102,-0.013935777943292493,0.09517426273458446
F9XFS4,542,86.38376383763837,0.39298892988929895,-0.250369003690037,0.23062730627306272,0.06165690106409214,0.07749077490774908
F9ZZI5,351,101.48148148148148,0.4245014245014245,-0.277777777777778,0.2849002849002849,0.10266234189714778,0.07692307692307693
G0VMJ1,311,96.52733118971062,0.39871382636655944,0.02025723472668811,0.22186495176848875,0.1106982974936897,0.07073954983922828
G1KAL5,592,68.14189189189189,0.38006756756756754,-0.8111486486486484,0.3327702702702703,0.2847623829495279,0.09797297297297299
G1NM42,462,63.44155844155844,0.329004329004329,-0.3207792207792208,0.21645021645021642,0.20827594242708264,0.0800865800865801
G1SWL5,692,76.67630057803467,0.38439306358381503,-0.6276011560693642,0.31213872832369943,0.11218150615055018,0.07803468208092486
G1T4T8,792,85.65656565656565,0.4090909090909091,-0.23952020202020213,0.2537878787878788,0.06429864434092496,0.07323232323232323
G2ZWR2,300,85.6,0.3933333333333333,-0.201,0.24333333333333335,0.034762106259212,0.05666666666666667
G3N8Z8,551,52.52268602540835,0.29945553539019965,-0.8742286751361161,0.27404718693284935,-0.23858370726004446,0.07803992740471868
G3RC09,626,82.57188498402556,0.426517571884984,-0.4753993610223643,0.26517571884984026,0.062147906748844434,0.11022364217252395
G4XFK2,775,56.670967741935485,0.2670967741935484,-0.876,0.2296774193548387,-0.028963695935316617,0.04516129032258065
G4ZRF0,570,67.29824561403508,0.30877192982456136,-0.4185964912280701,0.2245614035087719,0.0401172232079825,0.11754385964912281
G5ABE8,338,54.05325443786981,0.18639053254437868,0.10502958579881655,0.10355029585798817,-0.11809931207799451,0.05029585798816569
G5BVS9,447,66.1744966442953,0.3668903803131991,-0.7937360178970916,0.2841163310961969,-0.10145764075877708,0.07158836689038031
G5NEK0,486,83.68312757201646,0.45061728395061723,-0.43806584362139883,0.2736625514403292,0.16272729749769968,0.11728395061728394
G6CAU2,647,83.06027820710973,0.3817619783616693,-0.4522411128284389,0.2797527047913447,0.03324093313867915,0.07573415765069552
G7E318,495,103.71717171717172,0.4,0.5317171717171716,0.13737373737373737,0.0,0.13131313131313133
G7GTC7,359,93.98328690807799,0.4011142061281337,-0.1490250696378832,0.23398328690807801,0.08103325090921833,0.07520891364902507
G7IS24,532,80.6766917293233,0.325187969924812,-0.22499999999999998,0.19548872180451127,-0.03279251339630749,0.09398496240601503
G7YWC2,637,69.78021978021978,0.33281004709576134,-0.3885400313971743,0.18524332810047098,-0.146128035678238,0.07378335949764521
G8JVD5,651,91.61290322580645,0.41781874039938555,-0.48356374807987723,0.27649769585253453,0.05735280855195209,0.09984639016897082
G8JZM6,550,115.98181818181818,0.4036363636363637,0.5798181818181817,0.14545454545454545,-0.04240384855308735,0.0890909090909091
G8X488,704,103.57954545454544,0.44744318181818177,-0.24602272727272748,0.27982954545454547,-0.0480614454702394,0.10227272727272727
H0A098,751,79.90679094540613,0.3315579227696405,-0.2561917443408788,0.21304926764314247,0.042928200541810874,0.041278295605858856
H0GGV2,309,97.79935275080906,0.3754045307443366,-0.1754045307443366,0.2686084142394822,0.09231426131890734,0.06472491909385114
H0W6F7,737,62.19810040705562,0.32428765264586157,-0.5575305291723204,0.2062415196743555,0.10198953853733139,0.06377204884667571
H0X406,310,116.29032258064514,0.4129032258064516,0.7670967741935484,0.1032258064516129,-0.20827594242708242,0.11935483870967742
H0Z1N8,750,89.19999999999999,0.40666666666666673,-0.33053333333333335,0.24133333333333334,-0.023737846954785785,0.08933333333333333
H2L5K8,381,103.6745406824147,0.4041994750656169,0.5572178477690288,0.14698162729658792,0.05999792967528536,0.15223097112860892
H2MRV9,424,76.58018867924528,0.35377358490566047,-0.5306603773584904,0.24764150943396224,0.3132644520809928,0.0849056603773585
H3B3Y6,793,90.11349306431273,0.4010088272383354,-0.1764186633039091,0.21437578814627994,0.0202033860882869,0.1210592686002522
H3DG40,507,67.14003944773175,0.3944773175542406,-0.7946745562130177,0.2859960552268245,0.14916861623280075,0.09270216962524655
H3H4M0,533,60.50656660412758,0.3696060037523452,-0.7684803001876173,0.28893058161350843,0.01113636611795956,0.07692307692307693
H3KCE0,478,88.13807531380753,0.43096234309623427,-0.36506276150627626,0.3096234309623431,0.1881893806789493,0.05230125523012552
H5YLF9,524,82.57633587786259,0.3568702290076336,-0.04999999999999999,0.20610687022900762,0.06328183554420778,0.06679389312977099
H7FPK0,416,86.5625,0.3557692307692307,-0.26802884615384603,0.24038461538461536,0.10266234189714771,0.07932692307692307
H7GFD7,474,90.37974683544303,0.430379746835443,-0.26286919831223626,0.25105485232067515,0.007178584627123377,0.08438818565400844
H8IWF0,629,95.516693163752,0.40222575516693165,-0.16709062003179642,0.26232114467408585,0.14167369425198795,0.03815580286168522
H8N1J0,549,77.10382513661203,0.4080145719489982,-0.3683060109289618,0.24772313296903462,0.0630517457470891,0.08561020036429873
H9ZNY9,390,141.35897435897436,0.45897435897435895,0.9810256410256406,0.09999999999999999,-0.23888208891513676,0.09487179487179487
I0Z0C1,615,76.5691056910569,0.3121951219512195,-0.17837398373983743,0.1951219512195122,-0.07135590853566824,0.05365853658536586
I0Z5P5,332,91.53614457831324,0.3885542168674698,-0.10963855421686763,0.1987951807228916,-0.1286666091275431,0.08132530120481928
I1K3W8,529,78.14744801512286,0.3629489603024574,-0.32589792060491507,0.21172022684310018,-0.09177037335564533,0.11342155009451796
I1N137,326,53.89570552147238,0.303680981595092,-1.0432515337423311,0.2852760736196319,0.10102657920288866,0.030674846625766874
I1S974,612,96.69934640522875,0.42156862745098034,0.02026143790849666,0.21241830065359477,-0.0924708484783117,0.09313725490196079
I2CP13,632,91.13924050632912,0.4367088607594937,-0.18639240506329136,0.25316455696202533,-0.021451001085632547,0.09177215189873418
I3IRL4,591,76.58206429780033,0.3350253807106599,-0.2045685279187816,0.19966159052453467,0.04346569378109026,0.11336717428087986
I3KC46,472,86.12288135593221,0.42372881355932207,-0.2949152542372881,0.2711864406779661,0.0401172232079825,0.09745762711864407
I3N7Y9,666,58.66366366366367,0.2927927927927928,-0.7518018018018017,0.2207207207207207,0.11136592941902611,0.021021021021021023
I4BX46,427,90.84309133489461,0.3911007025761124,-0.03466042154566751,0.234192037470726,0.1549019599857431,0.06791569086651053
I4IUP1,752,115.55851063829788,0.4148936170212766,0.3101063829787232,0.1901595744680851,-0.04196450154353607,0.06117021276595745
I7B083,775,81.41935483870968,0.3896774193548387,-0.45870967741935476,0.2632258064516129,0.02530586526477026,0.07612903225806453
I8RJC4,657,93.37899543378995,0.3835616438356164,-0.06347031963470334,0.1841704718417047,-0.03532796234174298,0.0882800608828006
I8U1N5,611,66.53027823240589,0.3387888707037643,-0.42831423895253684,0.17184942716857612,0.22401481137286405,0.12929623567921442
I8W9Q8,328,81.98170731707317,0.45121951219512196,-0.5280487804878049,0.31402439024390244,-0.04139268515822506,0.10975609756097562
I8WEX2,347,94.06340057636888,0.4034582132564841,-0.16109510086455336,0.22478386167146974,0.10914446942506809,0.11815561959654179
I9SUA9,579,82.59067357512953,0.3955094991364422,-0.3132987910189984,0.229706390328152,0.07093117062220197,0.10535405872193437
I9WFW3,337,95.93471810089021,0.3946587537091988,0.047181008902077215,0.21364985163204747,0.19081451587638754,0.08605341246290801
J2GNL1,309,95.63106796116504,0.4142394822006472,0.00711974110032354,0.23948220064724918,0.0,0.11003236245954692
J2UU09,555,92.3063063063063,0.4414414414414415,-0.24414414414414398,0.24864864864864863,0.09970291319222661,0.10990990990990991
J3KJJ9,638,65.65830721003134,0.3385579937304075,-0.7148902821316614,0.23510971786833856,-0.03430423116998551,0.10501567398119122
J3L820,787,88.90724269377381,0.37865311308767474,0.06454891994917411,0.20838627700127066,0.02093390683564289,0.07878017789072428
J4UU34,523,81.51051625239005,0.40152963671128106,-0.2072657743785852,0.20076481835564053,-0.024359345859444697,0.13766730401529637
J4VNI2,551,62.595281306715066,0.43194192377495466,-1.0096188747731398,0.3720508166969147,-0.04620042224812876,0.08166969147005446
J5TVY3,309,83.36569579288026,0.4110032362459547,-0.40226537216828456,0.2621359223300971,-0.03140846425162414,0.07119741100323623
J9Z605,670,90.99999999999999,0.38358208955223877,-0.03417910447761208,0.2164179104477612,0.12493873660829992,0.06567164179104477
J9Z6M7,660,91.03030303030302,0.38636363636363635,-0.07530303030303037,0.2212121212121212,0.10616473573321838,0.06363636363636364
K0IE45,420,97.52380952380952,0.39285714285714285,-0.11642857142857121,0.2714285714285714,-0.05999792967528531,0.03809523809523809
K1QZ89,318,59.21383647798743,0.3238993710691824,-0.9550314465408806,0.2893081761006289,-0.055517327849831426,0.08176100628930817
K2EM10,520,95.48076923076924,0.4192307692307693,-0.14769230769230768,0.25576923076923075,0.006434110005409903,0.0826923076923077
K2KTF0,585,105.04273504273505,0.4512820512820513,-0.25948717948717936,0.2393162393162393,0.03672280702473992,0.06837606837606837
K2NF86,358,86.11731843575419,0.3966480446927374,-0.18910614525139674,0.2011173184357542,-0.11809931207799444,0.08100558659217877
K2QCL1,527,121.707779886148,0.4307400379506641,0.5313092979127134,0.12903225806451613,-0.04968778418910747,0.15180265654648956
K2RCG7,713,95.89060308555399,0.37166900420757365,-0.06984572230014041,0.24403927068723702,0.1495143645847163,0.05750350631136045
K5XRA0,775,98.87741935483871,0.4103225806451613,-0.11729032258064526,0.24,0.10211120669386409,0.05806451612903226
K6WKG9,599,89.74958263772955,0.3823038397328882,-0.09749582637729554,0.2353923205342237,0.15342727441973747,0.08180300500834725
K6ZQM3,604,101.07615894039735,0.35761589403973515,0.4225165562913906,0.12748344370860926,0.23657200643706264,0.1291390728476821
K7FFW0,677,74.31314623338257,0.3382570162481536,-0.3645494830132937,0.16691285081240767,0.05293607518779849,0.053175775480059084
K9FA53,774,75.50387596899225,0.36304909560723514,-0.3454780361757107,0.20930232558139533,-0.09571853220063768,0.09302325581395349
K9P1I5,473,77.46300211416491,0.3678646934460888,-0.20613107822410148,0.2177589852008457,0.008272525965989857,0.09725158562367864
K9QLF3,323,82.69349845201238,0.4179566563467492,-0.49349845201238396,0.27554179566563464,0.009545317906230456,0.11764705882352941
K9WLH3,651,87.46543778801843,0.4162826420890937,-0.5384024577572966,0.2734254992319508,0.019305155195386628,0.10599078341013825
K9X9W2,550,90.78181818181818,0.38,-0.4134545454545454,0.18545454545454543,0.06694678963061323,0.04363636363636364
L0HE98,609,96.05911330049261,0.3957307060755336,-0.1410509031198688,0.2545155993431856,0.0055324885999610066,0.06568144499178982
L5K6H1,760,63.77631578947368,0.39210526315789473,-1.0353947368421048,0.37105263157894736,-0.07974198787104252,0.06315789473684211
L5K6L9,356,71.54494382022472,0.3174157303370786,-0.5036516853932586,0.21910112359550565,-0.15358391805783006,0.0702247191011236
L7J5I2,642,107.27414330218068,0.4127725856697819,0.35965732087227414,0.16666666666666666,-0.10408859763517983,0.10903426791277257
L8H5V0,659,79.3019726858877,0.4931714719271624,-0.7666160849772378,0.33535660091047037,0.0038950438835242333,0.12291350531107739
L8HYG9,668,73.562874251497,0.3473053892215569,-0.5667664670658681,0.25,0.06694678963061332,0.06287425149700598
L8M079,506,89.07114624505928,0.3932806324110672,-0.44407114624505944,0.23517786561264822,0.2123034317101259,0.03162055335968379
L9ZS26,491,76.82281059063136,0.3706720977596742,-0.43462321792260694,0.2668024439918534,0.38206324657319946,0.052953156822810585
M0AZX2,365,140.986301369863,0.5342465753424658,1.0027397260273974,0.15342465753424658,0.3123110060736703,0.10136986301369863
M0FN19,416,69.92788461538461,0.389423076923077,-0.49182692307692305,0.2644230769230769,0.14081549870713808,0.09615384615384616
M0JQN7,536,133.2089552238806,0.4514925373134328,0.9962686567164181,0.09888059701492535,0.07918124604762482,0.09888059701492537
M0NQJ8,736,78.87228260869566,0.40760869565217395,-0.40543478260869564,0.2866847826086956,0.32885908952873855,0.06793478260869565
M1V235,664,53.28313253012048,0.25150602409638556,-0.8861445783132529,0.23343373493975902,-0.038752588992016626,0.03614457831325302
M2XH86,694,98.40057636887607,0.44092219020172907,-0.1057636887608071,0.24063400576368876,-0.015420358867493848,0.10518731988472622
M3FN03,776,87.5,0.37113402061855666,-0.1485824742268041,0.23582474226804123,0.0705810742857072,0.05670103092783505
M3IJU3,337,91.72106824925817,0.3916913946587537,-0.5261127596439172,0.27893175074183973,0.07255066714861176,0.06528189910979229
M3JDQ6,583,73.07032590051458,0.3516295025728988,-0.605317324185249,0.24699828473413377,0.10763387839982945,0.09777015437392796
M4A2P6,723,97.16459197786999,0.3858921161825726,-0.14979253112033208,0.1991701244813278,0.09557166223579418,0.042876901798063624
M4ENB9,337,77.56676557863503,0.34718100890207715,-0.2875370919881306,0.2344213649851632,-0.09691001300805639,0.11869436201780414
M4RZH0,765,88.73202614379085,0.4326797385620915,-0.3563398692810458,0.2679738562091503,0.037788560889399844,0.07712418300653595
M5G5B1,516,88.8953488372093,0.38372093023255816,-0.1418604651162791,0.22868217054263568,-0.0434656937810903,0.09689922480620156
M6UR95,390,81.35897435897435,0.30512820512820515,-0.152820512820513,0.1794871794871795,0.07255066714861176,0.1
M7AI34,681,94.34654919236417,0.4140969162995595,-0.23171806167400882,0.25844346549192365,0.0,0.07342143906020558
M7TU19,413,87.91767554479418,0.36077481840193704,-0.2108958837772399,0.24939467312348668,0.07463361829690418,0.07263922518159806
M7WVX5,649,74.00616332819723,0.38520801232665636,-0.4466872110939908,0.25577812018489987,-0.1144007451683919,0.06779661016949153
M9RQI8,731,74.45964432284542,0.3228454172366621,-0.26155950752393975,0.213406292749658,0.22478318295540578,0.09165526675786594
M9SF76,634,78.39116719242902,0.3817034700315457,-0.5701892744479494,0.34069400630914826,0.12842706445412133,0.09779179810725552
N0E1A5,426,91.99530516431925,0.3826291079812207,-0.07089201877934265,0.22065727699530516,0.07255066714861176,0.05868544600938967
N1J6V0,454,85.90308370044053,0.3436123348017621,-0.3319383259911896,0.21365638766519823,-0.04390548569908164,0.05726872246696035
N1Q742,454,73.87665198237886,0.36123348017621143,-0.4830396475770924,0.2643171806167401,0.08571211320658254,0.07488986784140969
N1UED9,433,90.94688221709009,0.4087759815242494,-0.3542725173210163,0.27251732101616627,-0.07255066714861173,0.11778290993071594
N4TVE2,615,81.23577235772358,0.39186991869918697,-0.5310569105691056,0.26504065040650404,-0.07918124604762475,0.07642276422764227
N6W4Q6,702,85.45584045584046,0.3703703703703703,-0.1148148148148147,0.21937321937321935,0.21591972262410075,0.07692307692307693
N9WIY7,303,108.05280528052805,0.3696369636963696,-0.08778877887788794,0.2442244224422442,-0.045757490560675226,0.06930693069306931
O23432,526,73.70722433460077,0.3764258555133079,-0.570152091254753,0.31749049429657794,0.4944261129281329,0.03802281368821293
P0C8N9,469,116.97228144989337,0.42430703624733473,0.12452025586353938,0.19616204690831557,0.1114920128810535,0.04051172707889126
P20273-2,670,75.46268656716417,0.37462686567164183,-0.4886567164179106,0.20597014925373136,0.024823583725032145,0.09402985074626866
P58027,527,84.17457305502847,0.4345351043643264,-0.32941176470588224,0.25996204933586337,-0.018749436012838943,0.10056925996204934
Q05Y17,453,83.50993377483445,0.4017660044150111,-0.3037527593818987,0.26048565121412803,0.043465693781090345,0.07284768211920531
Q07071,627,95.93301435406698,0.3827751196172248,-0.061562998405103764,0.20893141945773525,0.01959555606338077,0.06539074960127592
Q07471,609,91.23152709359607,0.38095238095238093,-0.11806239737274205,0.18719211822660098,0.05999792967528536,0.10016420361247948
Q0BX37,305,82.52459016393443,0.42295081967213116,-0.4393442622950819,0.24262295081967217,0.11495451570169904,0.11475409836065574
Q0DCM5,440,84.9090909090909,0.4136363636363637,-0.24886363636363645,0.19090909090909092,-0.020203386088287003,0.1159090909090909
Q185R7,351,113.27635327635328,0.4415954415954416,-0.013390313390313435,0.28205128205128205,0.00860017176191757,0.025641025641025644
Q1GEA6,553,86.87160940325496,0.3924050632911392,-0.23435804701627488,0.2495479204339964,0.16320323670358258,0.081374321880651
Q1GNT3,361,86.89750692520775,0.39335180055401664,-0.22631578947368425,0.22160664819944598,0.12802981358544185,0.07756232686980609
Q1YLN2,765,99.66013071895425,0.39346405228758163,0.0039215686274508,0.25620915032679736,0.31093828432423026,0.03529411764705882
Q2IW14,460,91.3913043478261,0.38913043478260867,-0.2291304347826088,0.17391304347826086,-0.06366907986937721,0.05217391304347826
Q2JTU9,431,105.754060324826,0.4593967517401392,-0.14547563805104408,0.2250580046403712,0.09691001300805634,0.058004640371229696
Q2TLZ4,664,84.32228915662651,0.3900602409638554,-0.5406626506024099,0.27710843373493976,-0.08432088570003592,0.0783132530120482
Q2UTQ6,552,105.68840579710144,0.37681159420289856,0.6119565217391304,0.10507246376811595,-0.1461280356782381,0.11231884057971014
Q2Y9H9,662,103.5347432024169,0.4425981873111783,-0.0623867069486404,0.24169184290030213,-0.010723865391773113,0.07401812688821752
Q39W46,330,107.75757575757576,0.4787878787878789,-0.07393939393939414,0.24848484848484848,-0.14612803567823796,0.08484848484848485
Q39WL2,438,82.6255707762557,0.3881278538812785,-0.30844748858447485,0.23972602739726026,0.040617850908264086,0.10730593607305935
Q39Z82,413,100.24213075060533,0.4188861985472155,0.08401937046004826,0.23728813559322032,0.06963592814139448,0.04116222760290557
Q3JCC8,429,114.26573426573428,0.4009324009324009,0.6990675990675991,0.11655011655011654,-0.03342375548694975,0.13752913752913754
Q3KKE8,458,111.39737991266374,0.4344978165938864,0.02052401746724869,0.24672489082969432,0.12934785551335498,0.04366812227074236
Q45VK5,703,74.66571834992888,0.33997155049786626,-0.5344238975817923,0.2631578947368421,-0.004644905045763573,0.048364153627311515
Q45XA6,651,81.10599078341014,0.34408602150537637,-0.4161290322580644,0.27035330261136714,0.06845738065585179,0.06605222734254992
Q4Q7S4,607,78.59967051070839,0.38385502471169686,-0.5421746293245469,0.2817133443163097,0.005020801375050812,0.057660626029654036
Q4RQ24,457,88.99343544857769,0.3938730853391684,-0.43501094091903736,0.299781181619256,-0.031257693730442015,0.087527352297593
Q5ICC5,792,42.95454545454545,0.19065656565656564,-0.9332070707070711,0.14772727272727273,-0.007299238741499465,0.05176767676767677
Q5KA61,596,79.96644295302013,0.40939597315436244,-0.598489932885906,0.2919463087248322,0.1802078252505134,0.07046979865771812
Q5KTW1,676,79.12721893491124,0.39201183431952663,-0.34556213017751497,0.24999999999999997,0.015239966556736907,0.12721893491124261
Q5LVY9,404,90.32178217821783,0.43316831683168316,-0.1844059405940594,0.2376237623762376,0.03547231816221895,0.06435643564356436
Q63JL5,377,60.29177718832891,0.2360742705570292,-0.5058355437665782,0.20954907161803715,0.3010299956639811,0.029177718832891247
Q68FT3,581,90.53356282271945,0.35800344234079173,-0.09759036144578331,0.17900172117039587,-0.03279251339630749,0.07228915662650602
Q6AKC0,575,89.99999999999999,0.32869565217391306,0.0026086956521738647,0.19826086956521738,0.13587872267231277,0.057391304347826085
Q6HDT7,447,86.84563758389261,0.36241610738255037,-0.22348993288590596,0.23713646532438476,0.08065593161363054,0.07829977628635347
Q6N100,328,87.92682926829268,0.32926829268292684,0.08018292682926825,0.20121951219512194,0.025554104472388133,0.0548780487804878
Q6NGX9,583,89.62264150943396,0.38250428816466553,-0.18524871355060046,0.21440823327615782,0.10307032171287485,0.06689536878216124
Q6PYX5,382,57.35602094240837,0.3272251308900524,-0.5808900523560209,0.2774869109947644,0.0160868198934548,0.1099476439790576
Q6SQ61,489,100.920245398773,0.43149284253578735,-0.1513292433537834,0.2331288343558282,-0.24598242933307568,0.06952965235173825
Q74D04,645,86.46511627906976,0.42015503875968985,-0.3248062015503873,0.29147286821705426,0.07331797208655369,0.09147286821705426
Q7WXP9,476,88.61344537815125,0.4096638655462185,-0.16974789915966382,0.24789915966386553,0.1610622686905615,0.058823529411764705
Q82SH7,560,101.75,0.3964285714285714,0.0055357142857145325,0.2107142857142857,0.07255066714861176,0.06428571428571428
Q875K1,375,69.94666666666667,0.3813333333333333,-0.5224,0.2853333333333333,0.07188200730612537,0.128
Q884G2,394,104.8223350253807,0.41370558375634514,-0.13959390862944174,0.22081218274111675,0.029289376101987598,0.035532994923857864
Q8DRH7,610,102.80327868852459,0.3885245901639345,-0.018524590163934374,0.21147540983606558,0.03316836325265459,0.06229508196721312
Q8FBA9,726,76.52892561983471,0.35399449035812675,-0.38099173553719,0.24104683195592286,0.11350927482751813,0.10055096418732783
Q8HE27,355,116.4225352112676,0.39436619718309857,0.9242253521126759,0.08732394366197183,-0.026328938722349104,0.16901408450704225
Q8IGX9,625,52.032000000000004,0.32000000000000006,-0.7395200000000003,0.2736,0.16773918469091534,0.064
Q8JZZ0,523,101.7590822179732,0.3938814531548757,0.06347992351816434,0.19694072657743786,0.008272525965989952,0.1089866156787763
Q8R393,580,90.15517241379311,0.3896551724137931,-0.27155172413793116,0.2482758620689655,0.08354605145007493,0.07758620689655171
Q8SVE1,735,95.51020408163265,0.4340136054421769,-0.14489795918367376,0.27482993197278915,0.042612043418964816,0.09659863945578231
Q92U64,698,71.41833810888252,0.3825214899713467,-0.485243553008596,0.2593123209169055,0.187990482355389,0.10601719197707737
Q96YT2,567,107.51322751322752,0.3968253968253968,0.30388007054673705,0.08818342151675485,-0.0334237554869497,0.10405643738977072
Q9AYJ8,625,87.08800000000001,0.3984,-0.21184000000000003,0.21919999999999998,0.1450570253157124,0.0848
Q9KEL0,795,79.28301886792454,0.39245283018867927,-0.3735849056603773,0.23144654088050315,0.13175668639476817,0.10314465408805032
Q9MUR8,750,91.72,0.3506666666666667,0.18413333333333326,0.12133333333333333,0.02802872360024362,0.132
Q9MZL5,603,64.41127694859038,0.35323383084577115,-0.9366500829187394,0.2902155887230514,-0.014723256820706297,0.05140961857379768
R0FZX9,496,92.60080645161291,0.34879032258064513,0.031249999999999944,0.20766129032258063,0.024823583725032145,0.0625
R0HHH1,340,82.23529411764704,0.38529411764705884,-0.40000000000000024,0.24705882352941178,-0.06069784035361159,0.08529411764705883
R0KJ42,722,77.14681440443212,0.36011080332409967,-0.3997229916897508,0.24653739612188366,-4.8216373327664354e-17,0.10664819944598337
R0LFN6,442,81.22171945701358,0.30995475113122173,-0.2282805429864254,0.16968325791855204,-0.05648135595244823,0.06334841628959276
R1DBD8,704,101.16477272727273,0.4161931818181819,0.07613636363636353,0.20454545454545456,0.0,0.06534090909090909
R3KE78,483,98.24016563146998,0.4368530020703934,-0.17494824016563126,0.2339544513457557,0.007553137890445908,0.08281573498964803
R3WNB7,766,99.15143603133158,0.4464751958224543,-0.38015665796344644,0.2859007832898173,0.05115252244738129,0.10443864229765012
R4KY97,503,78.68787276341949,0.38767395626242546,-0.4137176938369781,0.24652087475149106,0.055222791058682275,0.09940357852882703
R4LIA5,795,71.73584905660377,0.31069182389937106,-0.22327044025157244,0.1371069182389937,0.039152123962148226,0.09056603773584905
R4T1X0,596,91.56040268456375,0.36073825503355705,-0.040771812080536984,0.23322147651006714,0.10523540179218756,0.0738255033557047
R5ZHV1,629,98.21939586645469,0.3243243243243243,0.8054054054054054,0.109697933227345,-0.061269656738922665,0.1192368839427663
R6L1P6,746,113.16353887399464,0.4168900804289545,0.40509383378016106,0.16621983914209115,0.055222791058682275,0.08445040214477212
R6VQJ6,711,67.84810126582278,0.40225035161744027,-0.5938115330520397,0.2517580872011252,0.1901343364391498,0.1490857946554149
R6Z4F9,498,80.90361445783132,0.3755020080321285,-0.3128514056224899,0.2610441767068273,0.10580372616803888,0.09236947791164658
R7BMB7,360,107.33333333333333,0.3916666666666666,0.08583333333333315,0.21666666666666667,0.109144469425068,0.06944444444444443
R9HNI2,799,81.98998748435544,0.41802252816020025,-0.44843554443053835,0.2753441802252816,0.04699656267622358,0.1013767209011264
R9JQ62,577,84.52339688041593,0.4506065857885615,-0.36759098786828404,0.292894280762565,-0.015239966556736899,0.08665511265164644
R9M6D6,468,78.76068376068378,0.3995726495726496,-0.4993589743589742,0.2670940170940171,0.1590579197569008,0.05341880341880342
S1Q979,729,65.30864197530866,0.3319615912208505,-0.5278463648834018,0.19753086419753085,0.14408909070352569,0.12071330589849108
S1RN37,322,73.72670807453416,0.3509316770186336,-0.35931677018633534,0.2701863354037267,0.1478016195678041,0.09006211180124224
S4R6A0,623,96.01926163723917,0.4542536115569823,-0.4085072231139648,0.2712680577849117,-0.05595140532914997,0.06581059390048154
S6A8Q1,501,79.30139720558881,0.33133732534930144,-0.29441117764471036,0.27145708582834327,-0.1918855262389132,0.1536926147704591
S7P4W8,513,91.16959064327486,0.3996101364522417,-0.2865497076023392,0.25146198830409355,-0.09989486655751864,0.08771929824561403
S7S2M4,646,85.80495356037152,0.38854489164086686,-0.38962848297213626,0.2647058823529412,0.1264034748665737,0.07894736842105263
S7UUD6,784,82.89540816326532,0.40433673469387754,-0.4057397959183674,0.2589285714285714,0.14104851014896305,0.11096938775510204
S8BWD4,529,100.35916824196596,0.3724007561436673,0.4105860113421548,0.14555765595463138,0.010995384301463334,0.10396975425330812
S8G5Z6,779,86.18741976893453,0.39537869062901154,-0.23825417201540455,0.21437740693196405,0.06694678963061323,0.08600770218228498
T0DLH6,677,78.70014771048743,0.38552437223042835,-0.4593796159527328,0.276218611521418,0.1532283760961769,0.11225997045790251
T0S7T6,612,112.30392156862746,0.43300653594771243,0.3977124183006534,0.17483660130718953,-0.13658271777200767,0.10784313725490197
T0SEE9,627,103.87559808612438,0.39234449760765555,0.3476874003189794,0.13237639553429026,-0.07169322465507487,0.10845295055821372
T1A079,546,93.9010989010989,0.39010989010989006,-0.088095238095238,0.1813186813186813,0.07760485781266976,0.06410256410256411
T1HQM8,391,64.55242966751918,0.3554987212276215,-1.1774936061381072,0.36061381074168797,-0.030382628993720864,0.03836317135549872
T1IVD3,712,112.35955056179776,0.42977528089887646,0.286376404494382,0.18258426966292135,-0.026328938722349208,0.08848314606741572
T1JRE0,798,90.0250626566416,0.40726817042606517,-0.3219298245614034,0.23558897243107768,-0.08253488805521265,0.12155388471177944
T1JTG9,719,80.9596662030598,0.34631432545201674,-0.3632823365785812,0.16133518776077885,0.07378621416091864,0.10013908205841446
T2KKB0,763,83.4862385321101,0.3617300131061599,-0.3996068152031455,0.19003931847968547,0.11289811839218673,0.12319790301441677
T2MJ96,412,85.04854368932038,0.3932038834951456,-0.3330097087378642,0.23300970873786409,-0.017728766960431606,0.11407766990291263
U1GA32,765,78.79738562091502,0.338562091503268,-0.28549019607843124,0.21307189542483662,0.05799194697768664,0.07320261437908497
U3GKP3,413,91.62227602905571,0.4019370460048426,-0.21210653753026631,0.23486682808716705,0.22418996543125888,0.09685230024213075
U3GWW3,447,102.9082774049217,0.4205816554809843,0.01834451901565981,0.21476510067114093,0.12493873660829992,0.0447427293064877
U3IBH8,650,83.21538461538461,0.3938461538461539,-0.5835384615384618,0.2923076923076923,0.03621217265444471,0.07538461538461538
U3NGG4,665,86.67669172932331,0.41052631578947374,-0.47624060150375946,0.2887218045112782,0.08986452506659103,0.07819548872180451
U5DBS2,735,87.46938775510203,0.37414965986394555,-0.49469387755102046,0.28843537414965986,-0.056904851336472564,0.06394557823129252
U7UU17,721,110.16643550624133,0.44244105409153944,-0.03869625520110978,0.27184466019417475,-0.00877392430750515,0.0915395284327323
V2XLT4,417,81.15107913669064,0.38369304556354916,-0.37482014388489227,0.21103117505995203,0.09691001300805642,0.08633093525179857
V2XQH0,652,81.05828220858896,0.37116564417177916,-0.21288343558282213,0.20858895705521474,0.06305174574708902,0.09815950920245399
V4VLR8,581,87.60757314974181,0.39242685025817553,-0.07624784853700511,0.23407917383820998,-0.11394335230683675,0.12048192771084337
V4WIY7,755,90.3046357615894,0.40397350993377484,-0.25960264900662255,0.24635761589403973,0.05551732784983133,0.10198675496688742
V5B8B2,539,90.44526901669758,0.3766233766233766,-0.12486085343228215,0.22820037105751392,0.034762106259212,0.04452690166975881
V5DNF1,634,66.60883280757098,0.36908517350157727,-0.7526813880126183,0.29179810725552047,-0.06048074738138153,0.050473186119873815
V5G230,309,101.61812297734627,0.4077669902912622,0.4792880258899675,0.13268608414239483,0.0202033860882869,0.1423948220064725
V6DLE5,507,73.6094674556213,0.3826429980276134,-0.929783037475345,0.29980276134122286,-0.022565827898741404,0.07495069033530571
V6QSL5,366,83.19672131147541,0.3551912568306011,-0.22404371584699467,0.22404371584699453,0.12493873660829999,0.08469945355191257
V6U4W4,645,50.52713178294573,0.20310077519379846,-0.08124031007751939,0.16124031007751938,0.11539341870206957,0.05116279069767442
V7ALZ3,667,117.27136431784109,0.4197901049475263,0.25622188905547216,0.22338830584707647,-0.005752328889091225,0.046476761619190406
V7CQH9,665,96.10526315789475,0.406015037593985,-0.25684210526315787,0.2556390977443609,0.06069784035361165,0.0736842105263158
V7D570,303,100.52805280528054,0.4356435643564357,0.025742574257425932,0.23102310231023102,0.04830467957455513,0.07920792079207921
V7HFY4,513,85.08771929824562,0.4015594541910331,-0.13352826510721255,0.2202729044834308,0.11394335230683679,0.06627680311890838
V7ISH3,590,79.10169491525423,0.3677966101694915,-0.3513559322033896,0.23728813559322035,0.0,0.1016949152542373
V7PG45,534,81.02996254681648,0.39700374531835203,-0.6814606741573034,0.29213483146067415,0.021994293706167883,0.09363295880149813
V8CH33,580,92.32758620689656,0.4017241379310345,-0.19982758620689656,0.2655172413793103,0.05575523225561804,0.08275862068965517
V8G9P7,649,98.32049306625579,0.386748844375963,-0.14637904468412935,0.24345146379044685,0.01085792758820838,0.09707241910631742
V9GIZ2,300,104.0,0.4766666666666667,-0.1183333333333334,0.22333333333333333,0.11394335230683664,0.06333333333333334
W0F7Y0,456,101.09649122807016,0.368421052631579,-0.09495614035087702,0.14692982456140352,-0.012589127308020366,0.09210526315789473
W1TZD0,461,100.19522776572667,0.4273318872017354,-0.1208242950108458,0.22993492407809107,0.14612803567823798,0.05206073752711497
W2DZE2,439,73.62186788154898,0.31662870159453305,-0.37858769931662895,0.1845102505694761,0.07342891715853349,0.10933940774487472
W2MBM5,448,64.53125,0.27901785714285715,-0.3964285714285714,0.171875,0.16694787961581142,0.04241071428571429
W2PEC0,435,99.74712643678161,0.4045977011494253,0.25494252873563217,0.1793103448275862,0.06526673151259149,0.0896551724137931
W2TYY8,778,82.54498714652956,0.365038560411311,-0.3068123393316196,0.20951156812339333,0.08980967259011745,0.10154241645244216
W3A4J2,628,73.75796178343948,0.38216560509554137,-0.6367834394904457,0.2770700636942675,0.07918124604762482,0.0589171974522293
W3ALR9,309,91.7799352750809,0.4336569579288026,-0.3372168284789642,0.30420711974110026,0.05435766232259276,0.09061488673139159
W4M2P7,400,94.375,0.3625,0.13649999999999987,0.1625,0.28172484046859453,0.0925
W5NET3,603,86.63349917081261,0.4013266998341625,-0.30315091210613615,0.2769485903814262,0.01542035886749382,0.06467661691542288
W5NHR5,642,83.58255451713394,0.3862928348909657,-0.45482866043613723,0.2601246105919003,-0.06694678963061322,0.09501557632398754
W5NYB5,429,87.78554778554778,0.37529137529137535,-0.13146853146853138,0.17482517482517482,-0.12493873660829989,0.08158508158508158
W5PDL5,600,59.93333333333333,0.345,-0.6611666666666668,0.24666666666666665,-0.15209098265191473,0.07833333333333334
W5Q8V8,435,68.39080459770115,0.3057471264367816,-0.325977011494253,0.20229885057471264,0.21670910996394527,0.09655172413793103
W6TGE5,767,82.52933507170795,0.3389830508474576,-0.5564537157757496,0.2646675358539765,0.13236275468750683,0.0469361147327249
W6UVD0,618,79.2233009708738,0.37702265372168287,-0.32233009708737853,0.25889967637540456,0.021451001085632495,0.09223300970873786
W7AQJ3,519,102.73603082851639,0.39499036608863203,-0.30558766859344877,0.24277456647398843,0.013572807189273822,0.07321772639691715
W7E303,457,62.03501094091904,0.25820568927789933,-0.39540481400437644,0.15317286652078776,0.12142216288546279,0.06345733041575492
W7L1X2,405,105.679012345679,0.43209876543209874,-0.042962962962962925,0.24691358024691357,0.15490195998574324,0.0617283950617284
W7LS49,719,71.7663421418637,0.37552155771905427,-0.687760778859527,0.2851182197496523,-0.054620950891980186,0.06258692628650904
W7Q292,585,109.21367521367522,0.4769230769230769,0.1562393162393161,0.22564102564102564,0.13061586949999054,0.09401709401709402
W7QE22,304,112.96052631578948,0.4671052631578947,0.2052631578947369,0.2138157894736842,0.03891806603036966,0.08223684210526315
W7U361,599,82.65442404006677,0.32220367278798,-0.04574290484140242,0.17195325542570952,0.21085336531489318,0.06844741235392321
W7WLU1,480,90.625,0.4145833333333333,-0.22333333333333338,0.24791666666666667,0.007178584627123377,0.06041666666666667
W7XIK0,324,86.35802469135803,0.3364197530864197,-0.5407407407407406,0.21296296296296294,0.1106982974936897,0.10493827160493827
W9DZY4,364,81.15384615384616,0.3516483516483517,-0.22912087912087914,0.24175824175824176,0.05799194697768673,0.03571428571428571
W9GNC4,573,94.956369982548,0.4293193717277487,-0.1368237347294941,0.23385689354275743,0.14175223561795006,0.06108202443280977
W9HA01,508,92.14566929133858,0.38976377952755903,-0.05826771653543317,0.24015748031496062,-0.0561159419789314,0.04133858267716535
W9J153,735,90.48979591836735,0.40680272108843535,-0.3386394557823129,0.2476190476190476,0.028333598643935046,0.058503401360544216
W9PQ72,753,66.74634794156707,0.3718459495351925,-0.8803452855245686,0.28685258964143423,0.007968929671275375,0.07569721115537847
W9S992,530,81.84905660377359,0.40377358490566034,-0.5062264150943399,0.24528301886792453,-0.013161446057970849,0.1018867924528302
X0JZU3,356,95.0,0.4101123595505618,0.1882022471910112,0.1601123595505618,0.01472325682070638,0.12359550561797752
X0KK68,601,86.50582362728785,0.36106489184692175,-0.24409317803660552,0.19800332778702162,0.16713641640275476,0.08818635607321132
X0QIA7,306,102.58169934640522,0.41830065359477125,0.024836601307189565,0.261437908496732,0.1716821401506261,0.042483660130718956
X0QVZ1,725,98.52413793103447,0.33379310344827584,-0.0175172413793106,0.15862068965517243,0.11197375944393234,0.037241379310344824
X0ZDX7,394,104.44162436548223,0.39086294416243655,-0.01725888324873104,0.22081218274111675,-0.06845738065585175,0.04314720812182741
X5XI28,310,80.0,0.39677419354838706,-0.37193548387096764,0.26129032258064516,-0.0314084642516242,0.1
X6C8G6,770,88.68831168831169,0.35714285714285715,-0.0032467532467532756,0.15844155844155844,0.05611594197893141,0.09870129870129869
X6GIQ8,689,91.611030478955,0.3875181422351234,-0.11001451378809862,0.2365747460087083,0.036871359953126306,0.05079825834542816
X6IHG7,372,81.4247311827957,0.32526881720430106,-0.2760752688172043,0.2446236559139785,-0.17998630293920542,0.06720430107526881
X6KZN6,543,86.33517495395948,0.3627992633517495,-0.12338858195211788,0.2136279926335175,0.014723256820706286,0.07918968692449355
X6N116,672,89.67261904761905,0.400297619047619,-0.5113095238095239,0.2991071428571429,0.05570015019810193,0.08630952380952381
X8IXQ3,474,113.60759493670885,0.3966244725738397,0.5869198312236287,0.10970464135021098,-0.1296338578166798,0.08860759493670886
