dim,total_variance,mean_within_variance,between_variance,within_total_ratio
0,0.7358987331390381,0.7621544599533081,0.007134131155908108,1.035678505897522
1,0.7092375159263611,0.7409536242485046,0.0022132527083158493,1.044718623161316
2,0.6278367042541504,0.6559205055236816,0.0020106728188693523,1.0447310209274292
3,1.0302097797393799,1.0750600099563599,0.00697265425696969,1.0435349941253662
4,0.8768376111984253,0.9173948168754578,0.005635847337543964,1.0462539196014404
5,0.9141648411750793,0.950321614742279,0.003283529309555888,1.0395517349243164
6,0.8290653228759766,0.8571810722351074,0.004392318893224001,1.0339125394821167
7,1.039960265159607,1.092618703842163,0.006307104602456093,1.0506350994110107
