index,net_charge,iupred3,camsol_intrinsic,tango,canya,swi,sap,rg
net_charge,1.0,0.2987764182424917,0.28409343715239155,0.35839822024471635,0.32725250278086765,0.47808676307007786,0.35305895439377083,0.8553948832035595
iupred3,0.2987764182424917,1.0,0.8420467185761957,0.8073414905450501,0.82825361512792,0.8807563959955507,0.832258064516129,0.40600667408231367
camsol_intrinsic,0.28409343715239155,0.8420467185761957,1.0,0.6013348164627363,0.7254727474972191,0.8171301446051168,0.8331479421579533,0.3579532814238042
tango,0.35839822024471635,0.8073414905450501,0.6013348164627363,1.0,0.8073414905450501,0.728587319243604,0.649833147942158,0.43492769744160176
canya,0.32725250278086765,0.82825361512792,0.7254727474972191,0.8073414905450501,1.0,0.8914349276974416,0.8638487208008899,0.39488320355951056
swi,0.47808676307007786,0.8807563959955507,0.8171301446051168,0.728587319243604,0.8914349276974416,1.0,0.835817575083426,0.4883203559510567
sap,0.35305895439377083,0.832258064516129,0.8331479421579533,0.649833147942158,0.8638487208008899,0.835817575083426,1.0,0.4625139043381535
rg,0.8553948832035595,0.40600667408231367,0.3579532814238042,0.43492769744160176,0.39488320355951056,0.4883203559510567,0.4625139043381535,1.0
