index,net_charge,iupred3,camsol_intrinsic,tango,canya,swi,sap,rg
net_charge,1.0,0.3744148992013756,0.2925682686359047,0.3484712291121863,0.39197704250866583,0.4520007595920672,0.373751432749546,0.8114402120678755
iupred3,0.3744148992013756,1.0,0.881180824015885,0.8280732852013117,0.8379604970607335,0.8826920185460299,0.8646684638726021,0.37439765003165393
camsol_intrinsic,0.2925682686359047,0.881180824015885,1.0,0.677999068975307,0.7297013439566565,0.8470796396735223,0.8697608058005113,0.2855162917532395
tango,0.3484712291121863,0.8280732852013117,0.677999068975307,1.0,0.7977166707886122,0.7227379091795854,0.6842610189373632,0.35086837018719963
canya,0.39197704250866583,0.8379604970607335,0.7297013439566565,0.7977166707886122,1.0,0.8799351803736682,0.8203140500113464,0.3867600674613138
swi,0.4520007595920672,0.8826920185460299,0.8470796396735223,0.7227379091795854,0.8799351803736682,1.0,0.8313616009422429,0.3900536540101666
sap,0.373751432749546,0.8646684638726021,0.8697608058005113,0.6842610189373632,0.8203140500113464,0.8313616009422429,1.0,0.37785090384228404
rg,0.8114402120678755,0.37439765003165393,0.2855162917532395,0.35086837018719963,0.3867600674613138,0.3900536540101666,0.37785090384228404,1.0
