property,decision,best_linear_r2,best_mlp_r2,best_knn_r2,note
net_charge,drop,-0.2005945753256059,-0.5632534742355346,-0.195181143283844,
iupred3,steerable,0.7207096008592433,0.698896336555481,0.6635549902915955,
camsol_intrinsic,steerable,0.7265615153418528,0.7137905716896057,0.6757699966430664,
tango,steerable,0.7243185674297223,0.7000155210494995,0.6607026815414428,
canya,steerable,0.7207928947440632,0.7053689122200012,0.6609855175018311,
swi,steerable,0.7195749655455836,0.7017194509506226,0.653084135055542,
sap,steerable,0.7315947045475386,0.7123178720474244,0.67032390832901,
rg,drop,-0.32825341496931115,-0.6583247900009155,-0.40013895034790037,Rg is backbone-determined; latent-only probes should be near-zero unless Rg correlates with an encoded property.
