protein_id,sequence_length,swi,tango_total,tango_aggregation_positions,net_charge_ph7,pI,iupred3_mean,iupred3_fraction_disordered,shannon_entropy,hydrophobic_patch_total_area,hydrophobic_patch_n_large,sap_total,scm_positive,scm_negative,radius_of_gyration
s42_n400,400,0.8388027500000002,195.184,0,-60.56160761028741,4.68838710784912,0.914566222664958,0.99,3.111638560305172,8104.733977362113,36,8.644748126309784,22.02992513349839,-88.13056746380379,100.77496337890625
s43_n400,400,0.82239125,461.383,0,64.98828877097898,11.462817192077637,0.8761350459110304,0.985,3.4700660455558707,7760.1362965018725,33,12.865316783080338,159.198165489369,-72.50847595406917,58.37526321411133
s44_n400,400,0.812852,450.686,0,23.386851669400073,9.386935234069824,0.7818332546393526,0.845,3.3456035150786816,8430.080127693853,36,11.881969673763948,116.21983357682055,-72.89147667824756,80.66410827636719
s45_n400,400,0.8144370000000001,372.224,0,-66.08331457143473,4.577664756774904,0.5650779037217288,0.6025,3.2795203079202624,6588.908993613854,27,12.606088225843946,21.078816967169384,-87.44845689178939,103.50780487060547
s46_n400,400,0.82688975,389.078,0,-44.62749032707072,5.180726432800292,0.5990804271279706,0.6625,3.1335866092952487,6078.078059513842,24,8.89327989285809,34.541884107415115,-75.55379203103053,105.63439178466797
