protein_id,sequence_length,swi,tango_total,tango_aggregation_positions,net_charge_ph7,pI,iupred3_mean,iupred3_fraction_disordered,shannon_entropy,hydrophobic_patch_total_area,hydrophobic_patch_n_large,sap_total,scm_positive,scm_negative,radius_of_gyration
s42_n400,400,0.8424510000000001,193.017,1,-85.18565771768951,4.374238014221191,0.9155586353709074,0.99,3.1046674430217087,7865.350531690975,35,8.883261906372232,12.834731545251646,-106.51319621175246,100.77286529541016
s43_n400,400,0.82769825,479.559,0,35.4885259452048,10.653867912292483,0.9018928839972392,1.0,3.5148803328690343,7764.022775966428,33,12.576565355757065,118.10090714630553,-80.69208629496472,58.3724365234375
s44_n400,400,0.8188675000000001,461.436,0,-0.05721679289536041,6.992980766296387,0.819484465407278,0.92,3.3972312306301156,8728.947021593578,37,12.27125227693342,102.85292282811946,-83.57286313944465,80.66484832763672
s45_n400,400,0.82472325,326.709,0,-89.13104855866976,4.4463098526000975,0.6694552342298411,0.735,3.2874286204144703,6068.810813919818,25,12.851675638926123,16.387281786554222,-102.04175866172376,103.5068359375
s46_n400,400,0.8306640000000001,409.567,0,-61.242075941962256,4.861518669128418,0.6324321116164513,0.735,3.1698384133259196,5622.156368058531,23,9.872166456291193,24.755516387008313,-88.32016842673748,105.63758850097656
